# JMH version: 1.37
# VM version: JDK 17.0.18, OpenJDK 64-Bit Server VM, 17.0.18+8-Ubuntu-122.04.1
# VM invoker: /usr/lib/jvm/java-17-openjdk-amd64/bin/java
# VM options: -Xms4G -Xmx4G -XX:+UseG1GC -XX:+AlwaysPreTouch
# Blackhole mode: compiler (auto-detected, use -Djmh.blackhole.autoDetect=false to disable)
# Warmup: 5 iterations, 1 s each
# Measurement: 10 iterations, 1 s each
# Timeout: 10 min per iteration
# Threads: 1 thread, will synchronize iterations
# Benchmark mode: Throughput, ops/time
# Benchmark: de.splatgames.aether.datafixers.benchmarks.codec.CollectionCodecBenchmark.decodeIntList
# Parameters: (listSize = 10)

# Run progress: 0.00% complete, ETA 00:57:00
# Fork: 1 of 3
# Warmup Iteration   1: 13.339 ops/us
# Warmup Iteration   2: 14.413 ops/us
# Warmup Iteration   3: 14.410 ops/us
# Warmup Iteration   4: 14.192 ops/us
# Warmup Iteration   5: 13.989 ops/us
Iteration   1: 14.177 ops/us
Iteration   2: 14.136 ops/us
Iteration   3: 14.287 ops/us
Iteration   4: 14.290 ops/us
Iteration   5: 14.288 ops/us
Iteration   6: 14.221 ops/us
Iteration   7: 14.266 ops/us
Iteration   8: 14.358 ops/us
Iteration   9: 14.339 ops/us
Iteration  10: 14.359 ops/us

# Run progress: 0.44% complete, ETA 00:59:00
# Fork: 2 of 3
# Warmup Iteration   1: 13.673 ops/us
# Warmup Iteration   2: 14.188 ops/us
# Warmup Iteration   3: 14.654 ops/us
# Warmup Iteration   4: 14.675 ops/us
# Warmup Iteration   5: 14.473 ops/us
Iteration   1: 14.507 ops/us
Iteration   2: 14.536 ops/us
Iteration   3: 14.553 ops/us
Iteration   4: 14.411 ops/us
Iteration   5: 14.443 ops/us
Iteration   6: 13.861 ops/us
Iteration   7: 13.890 ops/us
Iteration   8: 14.009 ops/us
Iteration   9: 14.502 ops/us
Iteration  10: 14.387 ops/us

# Run progress: 0.88% complete, ETA 00:58:41
# Fork: 3 of 3
# Warmup Iteration   1: 13.716 ops/us
# Warmup Iteration   2: 14.461 ops/us
# Warmup Iteration   3: 14.597 ops/us
# Warmup Iteration   4: 14.556 ops/us
# Warmup Iteration   5: 14.629 ops/us
Iteration   1: 14.468 ops/us
Iteration   2: 14.252 ops/us
Iteration   3: 14.603 ops/us
Iteration   4: 14.551 ops/us
Iteration   5: 14.531 ops/us
Iteration   6: 14.547 ops/us
Iteration   7: 14.530 ops/us
Iteration   8: 14.649 ops/us
Iteration   9: 14.656 ops/us
Iteration  10: 14.710 ops/us


Result "de.splatgames.aether.datafixers.benchmarks.codec.CollectionCodecBenchmark.decodeIntList":
  14.377 ±(99.9%) 0.143 ops/us [Average]
  (min, avg, max) = (13.861, 14.377, 14.710), stdev = 0.215
  CI (99.9%): [14.234, 14.521] (assumes normal distribution)


# JMH version: 1.37
# VM version: JDK 17.0.18, OpenJDK 64-Bit Server VM, 17.0.18+8-Ubuntu-122.04.1
# VM invoker: /usr/lib/jvm/java-17-openjdk-amd64/bin/java
# VM options: -Xms4G -Xmx4G -XX:+UseG1GC -XX:+AlwaysPreTouch
# Blackhole mode: compiler (auto-detected, use -Djmh.blackhole.autoDetect=false to disable)
# Warmup: 5 iterations, 1 s each
# Measurement: 10 iterations, 1 s each
# Timeout: 10 min per iteration
# Threads: 1 thread, will synchronize iterations
# Benchmark mode: Throughput, ops/time
# Benchmark: de.splatgames.aether.datafixers.benchmarks.codec.CollectionCodecBenchmark.decodeIntList
# Parameters: (listSize = 100)

# Run progress: 1.32% complete, ETA 00:58:24
# Fork: 1 of 3
# Warmup Iteration   1: 1.658 ops/us
# Warmup Iteration   2: 1.770 ops/us
# Warmup Iteration   3: 1.802 ops/us
# Warmup Iteration   4: 1.769 ops/us
# Warmup Iteration   5: 1.778 ops/us
Iteration   1: 1.764 ops/us
Iteration   2: 1.770 ops/us
Iteration   3: 1.770 ops/us
Iteration   4: 1.763 ops/us
Iteration   5: 1.732 ops/us
Iteration   6: 1.761 ops/us
Iteration   7: 1.778 ops/us
Iteration   8: 1.772 ops/us
Iteration   9: 1.746 ops/us
Iteration  10: 1.775 ops/us

# Run progress: 1.75% complete, ETA 00:58:10
# Fork: 2 of 3
# Warmup Iteration   1: 1.676 ops/us
# Warmup Iteration   2: 1.817 ops/us
# Warmup Iteration   3: 1.820 ops/us
# Warmup Iteration   4: 1.825 ops/us
# Warmup Iteration   5: 1.784 ops/us
Iteration   1: 1.800 ops/us
Iteration   2: 1.815 ops/us
Iteration   3: 1.802 ops/us
Iteration   4: 1.803 ops/us
Iteration   5: 1.786 ops/us
Iteration   6: 1.830 ops/us
Iteration   7: 1.827 ops/us
Iteration   8: 1.823 ops/us
Iteration   9: 1.822 ops/us
Iteration  10: 1.785 ops/us

# Run progress: 2.19% complete, ETA 00:57:55
# Fork: 3 of 3
# Warmup Iteration   1: 1.702 ops/us
# Warmup Iteration   2: 1.770 ops/us
# Warmup Iteration   3: 1.741 ops/us
# Warmup Iteration   4: 1.766 ops/us
# Warmup Iteration   5: 1.784 ops/us
Iteration   1: 1.775 ops/us
Iteration   2: 1.772 ops/us
Iteration   3: 1.749 ops/us
Iteration   4: 1.746 ops/us
Iteration   5: 1.739 ops/us
Iteration   6: 1.718 ops/us
Iteration   7: 1.785 ops/us
Iteration   8: 1.768 ops/us
Iteration   9: 1.772 ops/us
Iteration  10: 1.778 ops/us


Result "de.splatgames.aether.datafixers.benchmarks.codec.CollectionCodecBenchmark.decodeIntList":
  1.778 ±(99.9%) 0.019 ops/us [Average]
  (min, avg, max) = (1.718, 1.778, 1.830), stdev = 0.029
  CI (99.9%): [1.759, 1.797] (assumes normal distribution)


# JMH version: 1.37
# VM version: JDK 17.0.18, OpenJDK 64-Bit Server VM, 17.0.18+8-Ubuntu-122.04.1
# VM invoker: /usr/lib/jvm/java-17-openjdk-amd64/bin/java
# VM options: -Xms4G -Xmx4G -XX:+UseG1GC -XX:+AlwaysPreTouch
# Blackhole mode: compiler (auto-detected, use -Djmh.blackhole.autoDetect=false to disable)
# Warmup: 5 iterations, 1 s each
# Measurement: 10 iterations, 1 s each
# Timeout: 10 min per iteration
# Threads: 1 thread, will synchronize iterations
# Benchmark mode: Throughput, ops/time
# Benchmark: de.splatgames.aether.datafixers.benchmarks.codec.CollectionCodecBenchmark.decodeIntList
# Parameters: (listSize = 1000)

# Run progress: 2.63% complete, ETA 00:57:39
# Fork: 1 of 3
# Warmup Iteration   1: 0.089 ops/us
# Warmup Iteration   2: 0.148 ops/us
# Warmup Iteration   3: 0.151 ops/us
# Warmup Iteration   4: 0.145 ops/us
# Warmup Iteration   5: 0.148 ops/us
Iteration   1: 0.150 ops/us
Iteration   2: 0.148 ops/us
Iteration   3: 0.149 ops/us
Iteration   4: 0.151 ops/us
Iteration   5: 0.152 ops/us
Iteration   6: 0.150 ops/us
Iteration   7: 0.151 ops/us
Iteration   8: 0.150 ops/us
Iteration   9: 0.148 ops/us
Iteration  10: 0.150 ops/us

# Run progress: 3.07% complete, ETA 00:57:23
# Fork: 2 of 3
# Warmup Iteration   1: 0.092 ops/us
# Warmup Iteration   2: 0.148 ops/us
# Warmup Iteration   3: 0.150 ops/us
# Warmup Iteration   4: 0.150 ops/us
# Warmup Iteration   5: 0.150 ops/us
Iteration   1: 0.151 ops/us
Iteration   2: 0.150 ops/us
Iteration   3: 0.143 ops/us
Iteration   4: 0.150 ops/us
Iteration   5: 0.146 ops/us
Iteration   6: 0.150 ops/us
Iteration   7: 0.150 ops/us
Iteration   8: 0.151 ops/us
Iteration   9: 0.151 ops/us
Iteration  10: 0.150 ops/us

# Run progress: 3.51% complete, ETA 00:57:07
# Fork: 3 of 3
# Warmup Iteration   1: 0.095 ops/us
# Warmup Iteration   2: 0.149 ops/us
# Warmup Iteration   3: 0.148 ops/us
# Warmup Iteration   4: 0.150 ops/us
# Warmup Iteration   5: 0.150 ops/us
Iteration   1: 0.150 ops/us
Iteration   2: 0.149 ops/us
Iteration   3: 0.150 ops/us
Iteration   4: 0.150 ops/us
Iteration   5: 0.150 ops/us
Iteration   6: 0.150 ops/us
Iteration   7: 0.150 ops/us
Iteration   8: 0.148 ops/us
Iteration   9: 0.150 ops/us
Iteration  10: 0.146 ops/us


Result "de.splatgames.aether.datafixers.benchmarks.codec.CollectionCodecBenchmark.decodeIntList":
  0.149 ±(99.9%) 0.001 ops/us [Average]
  (min, avg, max) = (0.143, 0.149, 0.152), stdev = 0.002
  CI (99.9%): [0.148, 0.151] (assumes normal distribution)


# JMH version: 1.37
# VM version: JDK 17.0.18, OpenJDK 64-Bit Server VM, 17.0.18+8-Ubuntu-122.04.1
# VM invoker: /usr/lib/jvm/java-17-openjdk-amd64/bin/java
# VM options: -Xms4G -Xmx4G -XX:+UseG1GC -XX:+AlwaysPreTouch
# Blackhole mode: compiler (auto-detected, use -Djmh.blackhole.autoDetect=false to disable)
# Warmup: 5 iterations, 1 s each
# Measurement: 10 iterations, 1 s each
# Timeout: 10 min per iteration
# Threads: 1 thread, will synchronize iterations
# Benchmark mode: Throughput, ops/time
# Benchmark: de.splatgames.aether.datafixers.benchmarks.codec.CollectionCodecBenchmark.decodeStringList
# Parameters: (listSize = 10)

# Run progress: 3.95% complete, ETA 00:56:51
# Fork: 1 of 3
# Warmup Iteration   1: 17.227 ops/us
# Warmup Iteration   2: 18.552 ops/us
# Warmup Iteration   3: 18.778 ops/us
# Warmup Iteration   4: 18.914 ops/us
# Warmup Iteration   5: 18.889 ops/us
Iteration   1: 18.923 ops/us
Iteration   2: 18.546 ops/us
Iteration   3: 18.837 ops/us
Iteration   4: 18.211 ops/us
Iteration   5: 18.938 ops/us
Iteration   6: 18.811 ops/us
Iteration   7: 18.927 ops/us
Iteration   8: 18.948 ops/us
Iteration   9: 19.094 ops/us
Iteration  10: 18.800 ops/us

# Run progress: 4.39% complete, ETA 00:56:35
# Fork: 2 of 3
# Warmup Iteration   1: 17.864 ops/us
# Warmup Iteration   2: 17.797 ops/us
# Warmup Iteration   3: 18.988 ops/us
# Warmup Iteration   4: 19.073 ops/us
# Warmup Iteration   5: 19.000 ops/us
Iteration   1: 18.588 ops/us
Iteration   2: 18.572 ops/us
Iteration   3: 18.832 ops/us
Iteration   4: 18.819 ops/us
Iteration   5: 19.095 ops/us
Iteration   6: 19.010 ops/us
Iteration   7: 18.288 ops/us
Iteration   8: 18.791 ops/us
Iteration   9: 18.883 ops/us
Iteration  10: 18.924 ops/us

# Run progress: 4.82% complete, ETA 00:56:20
# Fork: 3 of 3
# Warmup Iteration   1: 17.498 ops/us
# Warmup Iteration   2: 18.406 ops/us
# Warmup Iteration   3: 18.692 ops/us
# Warmup Iteration   4: 18.352 ops/us
# Warmup Iteration   5: 18.577 ops/us
Iteration   1: 18.052 ops/us
Iteration   2: 18.960 ops/us
Iteration   3: 18.823 ops/us
Iteration   4: 18.791 ops/us
Iteration   5: 18.865 ops/us
Iteration   6: 18.956 ops/us
Iteration   7: 18.880 ops/us
Iteration   8: 18.736 ops/us
Iteration   9: 18.850 ops/us
Iteration  10: 18.822 ops/us


Result "de.splatgames.aether.datafixers.benchmarks.codec.CollectionCodecBenchmark.decodeStringList":
  18.786 ±(99.9%) 0.162 ops/us [Average]
  (min, avg, max) = (18.052, 18.786, 19.095), stdev = 0.243
  CI (99.9%): [18.624, 18.948] (assumes normal distribution)


# JMH version: 1.37
# VM version: JDK 17.0.18, OpenJDK 64-Bit Server VM, 17.0.18+8-Ubuntu-122.04.1
# VM invoker: /usr/lib/jvm/java-17-openjdk-amd64/bin/java
# VM options: -Xms4G -Xmx4G -XX:+UseG1GC -XX:+AlwaysPreTouch
# Blackhole mode: compiler (auto-detected, use -Djmh.blackhole.autoDetect=false to disable)
# Warmup: 5 iterations, 1 s each
# Measurement: 10 iterations, 1 s each
# Timeout: 10 min per iteration
# Threads: 1 thread, will synchronize iterations
# Benchmark mode: Throughput, ops/time
# Benchmark: de.splatgames.aether.datafixers.benchmarks.codec.CollectionCodecBenchmark.decodeStringList
# Parameters: (listSize = 100)

# Run progress: 5.26% complete, ETA 00:56:04
# Fork: 1 of 3
# Warmup Iteration   1: 2.291 ops/us
# Warmup Iteration   2: 2.458 ops/us
# Warmup Iteration   3: 2.451 ops/us
# Warmup Iteration   4: 2.476 ops/us
# Warmup Iteration   5: 2.428 ops/us
Iteration   1: 2.464 ops/us
Iteration   2: 2.461 ops/us
Iteration   3: 2.457 ops/us
Iteration   4: 2.444 ops/us
Iteration   5: 2.413 ops/us
Iteration   6: 2.400 ops/us
Iteration   7: 2.475 ops/us
Iteration   8: 2.464 ops/us
Iteration   9: 2.452 ops/us
Iteration  10: 2.428 ops/us

# Run progress: 5.70% complete, ETA 00:55:48
# Fork: 2 of 3
# Warmup Iteration   1: 2.347 ops/us
# Warmup Iteration   2: 2.488 ops/us
# Warmup Iteration   3: 2.500 ops/us
# Warmup Iteration   4: 2.451 ops/us
# Warmup Iteration   5: 2.437 ops/us
Iteration   1: 2.509 ops/us
Iteration   2: 2.369 ops/us
Iteration   3: 2.485 ops/us
Iteration   4: 2.465 ops/us
Iteration   5: 2.495 ops/us
Iteration   6: 2.490 ops/us
Iteration   7: 2.481 ops/us
Iteration   8: 2.475 ops/us
Iteration   9: 2.488 ops/us
Iteration  10: 2.441 ops/us

# Run progress: 6.14% complete, ETA 00:55:33
# Fork: 3 of 3
# Warmup Iteration   1: 2.305 ops/us
# Warmup Iteration   2: 2.438 ops/us
# Warmup Iteration   3: 2.439 ops/us
# Warmup Iteration   4: 2.365 ops/us
# Warmup Iteration   5: 2.439 ops/us
Iteration   1: 2.437 ops/us
Iteration   2: 2.442 ops/us
Iteration   3: 2.442 ops/us
Iteration   4: 2.455 ops/us
Iteration   5: 2.397 ops/us
Iteration   6: 2.458 ops/us
Iteration   7: 2.456 ops/us
Iteration   8: 2.470 ops/us
Iteration   9: 2.438 ops/us
Iteration  10: 2.473 ops/us


Result "de.splatgames.aether.datafixers.benchmarks.codec.CollectionCodecBenchmark.decodeStringList":
  2.454 ±(99.9%) 0.021 ops/us [Average]
  (min, avg, max) = (2.369, 2.454, 2.509), stdev = 0.031
  CI (99.9%): [2.434, 2.475] (assumes normal distribution)


# JMH version: 1.37
# VM version: JDK 17.0.18, OpenJDK 64-Bit Server VM, 17.0.18+8-Ubuntu-122.04.1
# VM invoker: /usr/lib/jvm/java-17-openjdk-amd64/bin/java
# VM options: -Xms4G -Xmx4G -XX:+UseG1GC -XX:+AlwaysPreTouch
# Blackhole mode: compiler (auto-detected, use -Djmh.blackhole.autoDetect=false to disable)
# Warmup: 5 iterations, 1 s each
# Measurement: 10 iterations, 1 s each
# Timeout: 10 min per iteration
# Threads: 1 thread, will synchronize iterations
# Benchmark mode: Throughput, ops/time
# Benchmark: de.splatgames.aether.datafixers.benchmarks.codec.CollectionCodecBenchmark.decodeStringList
# Parameters: (listSize = 1000)

# Run progress: 6.58% complete, ETA 00:55:17
# Fork: 1 of 3
# Warmup Iteration   1: 0.134 ops/us
# Warmup Iteration   2: 0.244 ops/us
# Warmup Iteration   3: 0.243 ops/us
# Warmup Iteration   4: 0.242 ops/us
# Warmup Iteration   5: 0.245 ops/us
Iteration   1: 0.247 ops/us
Iteration   2: 0.245 ops/us
Iteration   3: 0.247 ops/us
Iteration   4: 0.248 ops/us
Iteration   5: 0.246 ops/us
Iteration   6: 0.245 ops/us
Iteration   7: 0.244 ops/us
Iteration   8: 0.246 ops/us
Iteration   9: 0.236 ops/us
Iteration  10: 0.244 ops/us

# Run progress: 7.02% complete, ETA 00:55:01
# Fork: 2 of 3
# Warmup Iteration   1: 0.142 ops/us
# Warmup Iteration   2: 0.245 ops/us
# Warmup Iteration   3: 0.244 ops/us
# Warmup Iteration   4: 0.243 ops/us
# Warmup Iteration   5: 0.244 ops/us
Iteration   1: 0.243 ops/us
Iteration   2: 0.244 ops/us
Iteration   3: 0.239 ops/us
Iteration   4: 0.243 ops/us
Iteration   5: 0.245 ops/us
Iteration   6: 0.246 ops/us
Iteration   7: 0.243 ops/us
Iteration   8: 0.244 ops/us
Iteration   9: 0.245 ops/us
Iteration  10: 0.247 ops/us

# Run progress: 7.46% complete, ETA 00:54:46
# Fork: 3 of 3
# Warmup Iteration   1: 0.139 ops/us
# Warmup Iteration   2: 0.243 ops/us
# Warmup Iteration   3: 0.240 ops/us
# Warmup Iteration   4: 0.246 ops/us
# Warmup Iteration   5: 0.236 ops/us
Iteration   1: 0.244 ops/us
Iteration   2: 0.243 ops/us
Iteration   3: 0.245 ops/us
Iteration   4: 0.245 ops/us
Iteration   5: 0.235 ops/us
Iteration   6: 0.244 ops/us
Iteration   7: 0.242 ops/us
Iteration   8: 0.241 ops/us
Iteration   9: 0.244 ops/us
Iteration  10: 0.245 ops/us


Result "de.splatgames.aether.datafixers.benchmarks.codec.CollectionCodecBenchmark.decodeStringList":
  0.244 ±(99.9%) 0.002 ops/us [Average]
  (min, avg, max) = (0.235, 0.244, 0.248), stdev = 0.003
  CI (99.9%): [0.242, 0.246] (assumes normal distribution)


# JMH version: 1.37
# VM version: JDK 17.0.18, OpenJDK 64-Bit Server VM, 17.0.18+8-Ubuntu-122.04.1
# VM invoker: /usr/lib/jvm/java-17-openjdk-amd64/bin/java
# VM options: -Xms4G -Xmx4G -XX:+UseG1GC -XX:+AlwaysPreTouch
# Blackhole mode: compiler (auto-detected, use -Djmh.blackhole.autoDetect=false to disable)
# Warmup: 5 iterations, 1 s each
# Measurement: 10 iterations, 1 s each
# Timeout: 10 min per iteration
# Threads: 1 thread, will synchronize iterations
# Benchmark mode: Throughput, ops/time
# Benchmark: de.splatgames.aether.datafixers.benchmarks.codec.CollectionCodecBenchmark.encodeIntList
# Parameters: (listSize = 10)

# Run progress: 7.89% complete, ETA 00:54:30
# Fork: 1 of 3
# Warmup Iteration   1: 8.028 ops/us
# Warmup Iteration   2: 8.237 ops/us
# Warmup Iteration   3: 8.280 ops/us
# Warmup Iteration   4: 8.278 ops/us
# Warmup Iteration   5: 8.352 ops/us
Iteration   1: 8.335 ops/us
Iteration   2: 8.210 ops/us
Iteration   3: 8.217 ops/us
Iteration   4: 8.196 ops/us
Iteration   5: 8.310 ops/us
Iteration   6: 8.327 ops/us
Iteration   7: 8.302 ops/us
Iteration   8: 8.372 ops/us
Iteration   9: 8.330 ops/us
Iteration  10: 8.328 ops/us

# Run progress: 8.33% complete, ETA 00:54:14
# Fork: 2 of 3
# Warmup Iteration   1: 7.911 ops/us
# Warmup Iteration   2: 8.217 ops/us
# Warmup Iteration   3: 8.297 ops/us
# Warmup Iteration   4: 8.280 ops/us
# Warmup Iteration   5: 8.319 ops/us
Iteration   1: 8.314 ops/us
Iteration   2: 8.348 ops/us
Iteration   3: 8.335 ops/us
Iteration   4: 8.332 ops/us
Iteration   5: 8.362 ops/us
Iteration   6: 8.218 ops/us
Iteration   7: 8.360 ops/us
Iteration   8: 8.309 ops/us
Iteration   9: 8.338 ops/us
Iteration  10: 8.248 ops/us

# Run progress: 8.77% complete, ETA 00:53:59
# Fork: 3 of 3
# Warmup Iteration   1: 8.004 ops/us
# Warmup Iteration   2: 8.336 ops/us
# Warmup Iteration   3: 8.372 ops/us
# Warmup Iteration   4: 8.415 ops/us
# Warmup Iteration   5: 8.457 ops/us
Iteration   1: 8.280 ops/us
Iteration   2: 8.466 ops/us
Iteration   3: 8.394 ops/us
Iteration   4: 8.369 ops/us
Iteration   5: 8.264 ops/us
Iteration   6: 8.347 ops/us
Iteration   7: 8.486 ops/us
Iteration   8: 8.518 ops/us
Iteration   9: 8.566 ops/us
Iteration  10: 8.535 ops/us


Result "de.splatgames.aether.datafixers.benchmarks.codec.CollectionCodecBenchmark.encodeIntList":
  8.344 ±(99.9%) 0.062 ops/us [Average]
  (min, avg, max) = (8.196, 8.344, 8.566), stdev = 0.093
  CI (99.9%): [8.281, 8.406] (assumes normal distribution)


# JMH version: 1.37
# VM version: JDK 17.0.18, OpenJDK 64-Bit Server VM, 17.0.18+8-Ubuntu-122.04.1
# VM invoker: /usr/lib/jvm/java-17-openjdk-amd64/bin/java
# VM options: -Xms4G -Xmx4G -XX:+UseG1GC -XX:+AlwaysPreTouch
# Blackhole mode: compiler (auto-detected, use -Djmh.blackhole.autoDetect=false to disable)
# Warmup: 5 iterations, 1 s each
# Measurement: 10 iterations, 1 s each
# Timeout: 10 min per iteration
# Threads: 1 thread, will synchronize iterations
# Benchmark mode: Throughput, ops/time
# Benchmark: de.splatgames.aether.datafixers.benchmarks.codec.CollectionCodecBenchmark.encodeIntList
# Parameters: (listSize = 100)

# Run progress: 9.21% complete, ETA 00:53:43
# Fork: 1 of 3
# Warmup Iteration   1: 0.729 ops/us
# Warmup Iteration   2: 0.771 ops/us
# Warmup Iteration   3: 0.741 ops/us
# Warmup Iteration   4: 0.769 ops/us
# Warmup Iteration   5: 0.770 ops/us
Iteration   1: 0.766 ops/us
Iteration   2: 0.754 ops/us
Iteration   3: 0.765 ops/us
Iteration   4: 0.763 ops/us
Iteration   5: 0.756 ops/us
Iteration   6: 0.748 ops/us
Iteration   7: 0.773 ops/us
Iteration   8: 0.769 ops/us
Iteration   9: 0.765 ops/us
Iteration  10: 0.766 ops/us

# Run progress: 9.65% complete, ETA 00:53:28
# Fork: 2 of 3
# Warmup Iteration   1: 0.735 ops/us
# Warmup Iteration   2: 0.752 ops/us
# Warmup Iteration   3: 0.767 ops/us
# Warmup Iteration   4: 0.767 ops/us
# Warmup Iteration   5: 0.736 ops/us
Iteration   1: 0.755 ops/us
Iteration   2: 0.761 ops/us
Iteration   3: 0.753 ops/us
Iteration   4: 0.756 ops/us
Iteration   5: 0.751 ops/us
Iteration   6: 0.760 ops/us
Iteration   7: 0.757 ops/us
Iteration   8: 0.753 ops/us
Iteration   9: 0.759 ops/us
Iteration  10: 0.747 ops/us

# Run progress: 10.09% complete, ETA 00:53:13
# Fork: 3 of 3
# Warmup Iteration   1: 0.723 ops/us
# Warmup Iteration   2: 0.746 ops/us
# Warmup Iteration   3: 0.758 ops/us
# Warmup Iteration   4: 0.757 ops/us
# Warmup Iteration   5: 0.746 ops/us
Iteration   1: 0.750 ops/us
Iteration   2: 0.741 ops/us
Iteration   3: 0.755 ops/us
Iteration   4: 0.745 ops/us
Iteration   5: 0.747 ops/us
Iteration   6: 0.754 ops/us
Iteration   7: 0.752 ops/us
Iteration   8: 0.757 ops/us
Iteration   9: 0.750 ops/us
Iteration  10: 0.752 ops/us


Result "de.splatgames.aether.datafixers.benchmarks.codec.CollectionCodecBenchmark.encodeIntList":
  0.756 ±(99.9%) 0.005 ops/us [Average]
  (min, avg, max) = (0.741, 0.756, 0.773), stdev = 0.008
  CI (99.9%): [0.751, 0.761] (assumes normal distribution)


# JMH version: 1.37
# VM version: JDK 17.0.18, OpenJDK 64-Bit Server VM, 17.0.18+8-Ubuntu-122.04.1
# VM invoker: /usr/lib/jvm/java-17-openjdk-amd64/bin/java
# VM options: -Xms4G -Xmx4G -XX:+UseG1GC -XX:+AlwaysPreTouch
# Blackhole mode: compiler (auto-detected, use -Djmh.blackhole.autoDetect=false to disable)
# Warmup: 5 iterations, 1 s each
# Measurement: 10 iterations, 1 s each
# Timeout: 10 min per iteration
# Threads: 1 thread, will synchronize iterations
# Benchmark mode: Throughput, ops/time
# Benchmark: de.splatgames.aether.datafixers.benchmarks.codec.CollectionCodecBenchmark.encodeIntList
# Parameters: (listSize = 1000)

# Run progress: 10.53% complete, ETA 00:52:57
# Fork: 1 of 3
# Warmup Iteration   1: 0.103 ops/us
# Warmup Iteration   2: 0.107 ops/us
# Warmup Iteration   3: 0.106 ops/us
# Warmup Iteration   4: 0.106 ops/us
# Warmup Iteration   5: 0.108 ops/us
Iteration   1: 0.109 ops/us
Iteration   2: 0.108 ops/us
Iteration   3: 0.107 ops/us
Iteration   4: 0.108 ops/us
Iteration   5: 0.109 ops/us
Iteration   6: 0.109 ops/us
Iteration   7: 0.109 ops/us
Iteration   8: 0.109 ops/us
Iteration   9: 0.106 ops/us
Iteration  10: 0.110 ops/us

# Run progress: 10.96% complete, ETA 00:52:41
# Fork: 2 of 3
# Warmup Iteration   1: 0.098 ops/us
# Warmup Iteration   2: 0.107 ops/us
# Warmup Iteration   3: 0.108 ops/us
# Warmup Iteration   4: 0.109 ops/us
# Warmup Iteration   5: 0.108 ops/us
Iteration   1: 0.108 ops/us
Iteration   2: 0.109 ops/us
Iteration   3: 0.107 ops/us
Iteration   4: 0.108 ops/us
Iteration   5: 0.109 ops/us
Iteration   6: 0.110 ops/us
Iteration   7: 0.110 ops/us
Iteration   8: 0.109 ops/us
Iteration   9: 0.109 ops/us
Iteration  10: 0.109 ops/us

# Run progress: 11.40% complete, ETA 00:52:26
# Fork: 3 of 3
# Warmup Iteration   1: 0.105 ops/us
# Warmup Iteration   2: 0.109 ops/us
# Warmup Iteration   3: 0.107 ops/us
# Warmup Iteration   4: 0.109 ops/us
# Warmup Iteration   5: 0.108 ops/us
Iteration   1: 0.109 ops/us
Iteration   2: 0.109 ops/us
Iteration   3: 0.108 ops/us
Iteration   4: 0.110 ops/us
Iteration   5: 0.110 ops/us
Iteration   6: 0.110 ops/us
Iteration   7: 0.110 ops/us
Iteration   8: 0.107 ops/us
Iteration   9: 0.109 ops/us
Iteration  10: 0.108 ops/us


Result "de.splatgames.aether.datafixers.benchmarks.codec.CollectionCodecBenchmark.encodeIntList":
  0.109 ±(99.9%) 0.001 ops/us [Average]
  (min, avg, max) = (0.106, 0.109, 0.110), stdev = 0.001
  CI (99.9%): [0.108, 0.109] (assumes normal distribution)


# JMH version: 1.37
# VM version: JDK 17.0.18, OpenJDK 64-Bit Server VM, 17.0.18+8-Ubuntu-122.04.1
# VM invoker: /usr/lib/jvm/java-17-openjdk-amd64/bin/java
# VM options: -Xms4G -Xmx4G -XX:+UseG1GC -XX:+AlwaysPreTouch
# Blackhole mode: compiler (auto-detected, use -Djmh.blackhole.autoDetect=false to disable)
# Warmup: 5 iterations, 1 s each
# Measurement: 10 iterations, 1 s each
# Timeout: 10 min per iteration
# Threads: 1 thread, will synchronize iterations
# Benchmark mode: Throughput, ops/time
# Benchmark: de.splatgames.aether.datafixers.benchmarks.codec.CollectionCodecBenchmark.encodeStringList
# Parameters: (listSize = 10)

# Run progress: 11.84% complete, ETA 00:52:10
# Fork: 1 of 3
# Warmup Iteration   1: 8.777 ops/us
# Warmup Iteration   2: 8.990 ops/us
# Warmup Iteration   3: 9.125 ops/us
# Warmup Iteration   4: 9.049 ops/us
# Warmup Iteration   5: 9.032 ops/us
Iteration   1: 9.088 ops/us
Iteration   2: 9.035 ops/us
Iteration   3: 8.996 ops/us
Iteration   4: 9.178 ops/us
Iteration   5: 9.181 ops/us
Iteration   6: 9.164 ops/us
Iteration   7: 8.736 ops/us
Iteration   8: 9.162 ops/us
Iteration   9: 9.173 ops/us
Iteration  10: 9.215 ops/us

# Run progress: 12.28% complete, ETA 00:51:55
# Fork: 2 of 3
# Warmup Iteration   1: 8.695 ops/us
# Warmup Iteration   2: 9.016 ops/us
# Warmup Iteration   3: 9.158 ops/us
# Warmup Iteration   4: 9.156 ops/us
# Warmup Iteration   5: 9.016 ops/us
Iteration   1: 9.101 ops/us
Iteration   2: 9.095 ops/us
Iteration   3: 9.058 ops/us
Iteration   4: 9.128 ops/us
Iteration   5: 9.182 ops/us
Iteration   6: 9.002 ops/us
Iteration   7: 8.953 ops/us
Iteration   8: 9.172 ops/us
Iteration   9: 9.071 ops/us
Iteration  10: 8.773 ops/us

# Run progress: 12.72% complete, ETA 00:51:39
# Fork: 3 of 3
# Warmup Iteration   1: 8.816 ops/us
# Warmup Iteration   2: 9.185 ops/us
# Warmup Iteration   3: 9.122 ops/us
# Warmup Iteration   4: 9.078 ops/us
# Warmup Iteration   5: 8.977 ops/us
Iteration   1: 8.834 ops/us
Iteration   2: 9.126 ops/us
Iteration   3: 9.108 ops/us
Iteration   4: 9.201 ops/us
Iteration   5: 9.153 ops/us
Iteration   6: 9.065 ops/us
Iteration   7: 9.102 ops/us
Iteration   8: 9.103 ops/us
Iteration   9: 9.156 ops/us
Iteration  10: 9.093 ops/us


Result "de.splatgames.aether.datafixers.benchmarks.codec.CollectionCodecBenchmark.encodeStringList":
  9.080 ±(99.9%) 0.080 ops/us [Average]
  (min, avg, max) = (8.736, 9.080, 9.215), stdev = 0.120
  CI (99.9%): [9.000, 9.160] (assumes normal distribution)


# JMH version: 1.37
# VM version: JDK 17.0.18, OpenJDK 64-Bit Server VM, 17.0.18+8-Ubuntu-122.04.1
# VM invoker: /usr/lib/jvm/java-17-openjdk-amd64/bin/java
# VM options: -Xms4G -Xmx4G -XX:+UseG1GC -XX:+AlwaysPreTouch
# Blackhole mode: compiler (auto-detected, use -Djmh.blackhole.autoDetect=false to disable)
# Warmup: 5 iterations, 1 s each
# Measurement: 10 iterations, 1 s each
# Timeout: 10 min per iteration
# Threads: 1 thread, will synchronize iterations
# Benchmark mode: Throughput, ops/time
# Benchmark: de.splatgames.aether.datafixers.benchmarks.codec.CollectionCodecBenchmark.encodeStringList
# Parameters: (listSize = 100)

# Run progress: 13.16% complete, ETA 00:51:23
# Fork: 1 of 3
# Warmup Iteration   1: 0.866 ops/us
# Warmup Iteration   2: 0.929 ops/us
# Warmup Iteration   3: 0.930 ops/us
# Warmup Iteration   4: 0.937 ops/us
# Warmup Iteration   5: 0.932 ops/us
Iteration   1: 0.923 ops/us
Iteration   2: 0.941 ops/us
Iteration   3: 0.934 ops/us
Iteration   4: 0.937 ops/us
Iteration   5: 0.923 ops/us
Iteration   6: 0.912 ops/us
Iteration   7: 0.937 ops/us
Iteration   8: 0.934 ops/us
Iteration   9: 0.937 ops/us
Iteration  10: 0.934 ops/us

# Run progress: 13.60% complete, ETA 00:51:08
# Fork: 2 of 3
# Warmup Iteration   1: 0.905 ops/us
# Warmup Iteration   2: 0.944 ops/us
# Warmup Iteration   3: 0.946 ops/us
# Warmup Iteration   4: 0.951 ops/us
# Warmup Iteration   5: 0.927 ops/us
Iteration   1: 0.949 ops/us
Iteration   2: 0.951 ops/us
Iteration   3: 0.952 ops/us
Iteration   4: 0.958 ops/us
Iteration   5: 0.955 ops/us
Iteration   6: 0.930 ops/us
Iteration   7: 0.945 ops/us
Iteration   8: 0.949 ops/us
Iteration   9: 0.931 ops/us
Iteration  10: 0.937 ops/us

# Run progress: 14.04% complete, ETA 00:50:52
# Fork: 3 of 3
# Warmup Iteration   1: 0.896 ops/us
# Warmup Iteration   2: 0.929 ops/us
# Warmup Iteration   3: 0.929 ops/us
# Warmup Iteration   4: 0.933 ops/us
# Warmup Iteration   5: 0.923 ops/us
Iteration   1: 0.924 ops/us
Iteration   2: 0.930 ops/us
Iteration   3: 0.933 ops/us
Iteration   4: 0.915 ops/us
Iteration   5: 0.922 ops/us
Iteration   6: 0.925 ops/us
Iteration   7: 0.932 ops/us
Iteration   8: 0.901 ops/us
Iteration   9: 0.931 ops/us
Iteration  10: 0.929 ops/us


Result "de.splatgames.aether.datafixers.benchmarks.codec.CollectionCodecBenchmark.encodeStringList":
  0.934 ±(99.9%) 0.009 ops/us [Average]
  (min, avg, max) = (0.901, 0.934, 0.958), stdev = 0.013
  CI (99.9%): [0.925, 0.942] (assumes normal distribution)


# JMH version: 1.37
# VM version: JDK 17.0.18, OpenJDK 64-Bit Server VM, 17.0.18+8-Ubuntu-122.04.1
# VM invoker: /usr/lib/jvm/java-17-openjdk-amd64/bin/java
# VM options: -Xms4G -Xmx4G -XX:+UseG1GC -XX:+AlwaysPreTouch
# Blackhole mode: compiler (auto-detected, use -Djmh.blackhole.autoDetect=false to disable)
# Warmup: 5 iterations, 1 s each
# Measurement: 10 iterations, 1 s each
# Timeout: 10 min per iteration
# Threads: 1 thread, will synchronize iterations
# Benchmark mode: Throughput, ops/time
# Benchmark: de.splatgames.aether.datafixers.benchmarks.codec.CollectionCodecBenchmark.encodeStringList
# Parameters: (listSize = 1000)

# Run progress: 14.47% complete, ETA 00:50:37
# Fork: 1 of 3
# Warmup Iteration   1: 0.132 ops/us
# Warmup Iteration   2: 0.139 ops/us
# Warmup Iteration   3: 0.138 ops/us
# Warmup Iteration   4: 0.138 ops/us
# Warmup Iteration   5: 0.136 ops/us
Iteration   1: 0.139 ops/us
Iteration   2: 0.138 ops/us
Iteration   3: 0.137 ops/us
Iteration   4: 0.133 ops/us
Iteration   5: 0.136 ops/us
Iteration   6: 0.137 ops/us
Iteration   7: 0.139 ops/us
Iteration   8: 0.138 ops/us
Iteration   9: 0.136 ops/us
Iteration  10: 0.136 ops/us

# Run progress: 14.91% complete, ETA 00:50:21
# Fork: 2 of 3
# Warmup Iteration   1: 0.134 ops/us
# Warmup Iteration   2: 0.139 ops/us
# Warmup Iteration   3: 0.138 ops/us
# Warmup Iteration   4: 0.138 ops/us
# Warmup Iteration   5: 0.134 ops/us
Iteration   1: 0.138 ops/us
Iteration   2: 0.137 ops/us
Iteration   3: 0.135 ops/us
Iteration   4: 0.138 ops/us
Iteration   5: 0.138 ops/us
Iteration   6: 0.137 ops/us
Iteration   7: 0.138 ops/us
Iteration   8: 0.138 ops/us
Iteration   9: 0.138 ops/us
Iteration  10: 0.139 ops/us

# Run progress: 15.35% complete, ETA 00:50:05
# Fork: 3 of 3
# Warmup Iteration   1: 0.133 ops/us
# Warmup Iteration   2: 0.136 ops/us
# Warmup Iteration   3: 0.135 ops/us
# Warmup Iteration   4: 0.139 ops/us
# Warmup Iteration   5: 0.139 ops/us
Iteration   1: 0.139 ops/us
Iteration   2: 0.138 ops/us
Iteration   3: 0.138 ops/us
Iteration   4: 0.137 ops/us
Iteration   5: 0.137 ops/us
Iteration   6: 0.139 ops/us
Iteration   7: 0.136 ops/us
Iteration   8: 0.138 ops/us
Iteration   9: 0.138 ops/us
Iteration  10: 0.138 ops/us


Result "de.splatgames.aether.datafixers.benchmarks.codec.CollectionCodecBenchmark.encodeStringList":
  0.137 ±(99.9%) 0.001 ops/us [Average]
  (min, avg, max) = (0.133, 0.137, 0.139), stdev = 0.001
  CI (99.9%): [0.137, 0.138] (assumes normal distribution)


# JMH version: 1.37
# VM version: JDK 17.0.18, OpenJDK 64-Bit Server VM, 17.0.18+8-Ubuntu-122.04.1
# VM invoker: /usr/lib/jvm/java-17-openjdk-amd64/bin/java
# VM options: -Xms4G -Xmx4G -XX:+UseG1GC -XX:+AlwaysPreTouch
# Blackhole mode: compiler (auto-detected, use -Djmh.blackhole.autoDetect=false to disable)
# Warmup: 5 iterations, 1 s each
# Measurement: 10 iterations, 1 s each
# Timeout: 10 min per iteration
# Threads: 1 thread, will synchronize iterations
# Benchmark mode: Throughput, ops/time
# Benchmark: de.splatgames.aether.datafixers.benchmarks.codec.CollectionCodecBenchmark.roundTripIntListDirect
# Parameters: (listSize = 10)

# Run progress: 15.79% complete, ETA 00:49:50
# Fork: 1 of 3
# Warmup Iteration   1: 5.387 ops/us
# Warmup Iteration   2: 5.659 ops/us
# Warmup Iteration   3: 5.701 ops/us
# Warmup Iteration   4: 5.750 ops/us
# Warmup Iteration   5: 5.762 ops/us
Iteration   1: 5.597 ops/us
Iteration   2: 5.397 ops/us
Iteration   3: 5.654 ops/us
Iteration   4: 5.704 ops/us
Iteration   5: 5.742 ops/us
Iteration   6: 5.215 ops/us
Iteration   7: 5.630 ops/us
Iteration   8: 5.547 ops/us
Iteration   9: 5.749 ops/us
Iteration  10: 5.615 ops/us

# Run progress: 16.23% complete, ETA 00:49:34
# Fork: 2 of 3
# Warmup Iteration   1: 5.219 ops/us
# Warmup Iteration   2: 5.695 ops/us
# Warmup Iteration   3: 5.739 ops/us
# Warmup Iteration   4: 5.719 ops/us
# Warmup Iteration   5: 5.764 ops/us
Iteration   1: 5.775 ops/us
Iteration   2: 5.749 ops/us
Iteration   3: 5.738 ops/us
Iteration   4: 5.757 ops/us
Iteration   5: 5.769 ops/us
Iteration   6: 5.678 ops/us
Iteration   7: 5.678 ops/us
Iteration   8: 5.760 ops/us
Iteration   9: 5.710 ops/us
Iteration  10: 5.733 ops/us

# Run progress: 16.67% complete, ETA 00:49:19
# Fork: 3 of 3
# Warmup Iteration   1: 5.187 ops/us
# Warmup Iteration   2: 5.507 ops/us
# Warmup Iteration   3: 5.468 ops/us
# Warmup Iteration   4: 5.399 ops/us
# Warmup Iteration   5: 5.261 ops/us
Iteration   1: 5.275 ops/us
Iteration   2: 5.230 ops/us
Iteration   3: 5.386 ops/us
Iteration   4: 5.379 ops/us
Iteration   5: 5.421 ops/us
Iteration   6: 5.425 ops/us
Iteration   7: 5.408 ops/us
Iteration   8: 5.412 ops/us
Iteration   9: 5.410 ops/us
Iteration  10: 5.434 ops/us


Result "de.splatgames.aether.datafixers.benchmarks.codec.CollectionCodecBenchmark.roundTripIntListDirect":
  5.566 ±(99.9%) 0.120 ops/us [Average]
  (min, avg, max) = (5.215, 5.566, 5.775), stdev = 0.180
  CI (99.9%): [5.445, 5.686] (assumes normal distribution)


# JMH version: 1.37
# VM version: JDK 17.0.18, OpenJDK 64-Bit Server VM, 17.0.18+8-Ubuntu-122.04.1
# VM invoker: /usr/lib/jvm/java-17-openjdk-amd64/bin/java
# VM options: -Xms4G -Xmx4G -XX:+UseG1GC -XX:+AlwaysPreTouch
# Blackhole mode: compiler (auto-detected, use -Djmh.blackhole.autoDetect=false to disable)
# Warmup: 5 iterations, 1 s each
# Measurement: 10 iterations, 1 s each
# Timeout: 10 min per iteration
# Threads: 1 thread, will synchronize iterations
# Benchmark mode: Throughput, ops/time
# Benchmark: de.splatgames.aether.datafixers.benchmarks.codec.CollectionCodecBenchmark.roundTripIntListDirect
# Parameters: (listSize = 100)

# Run progress: 17.11% complete, ETA 00:49:03
# Fork: 1 of 3
# Warmup Iteration   1: 0.632 ops/us
# Warmup Iteration   2: 0.672 ops/us
# Warmup Iteration   3: 0.685 ops/us
# Warmup Iteration   4: 0.687 ops/us
# Warmup Iteration   5: 0.678 ops/us
Iteration   1: 0.688 ops/us
Iteration   2: 0.679 ops/us
Iteration   3: 0.688 ops/us
Iteration   4: 0.679 ops/us
Iteration   5: 0.677 ops/us
Iteration   6: 0.670 ops/us
Iteration   7: 0.690 ops/us
Iteration   8: 0.684 ops/us
Iteration   9: 0.679 ops/us
Iteration  10: 0.687 ops/us

# Run progress: 17.54% complete, ETA 00:48:48
# Fork: 2 of 3
# Warmup Iteration   1: 0.628 ops/us
# Warmup Iteration   2: 0.685 ops/us
# Warmup Iteration   3: 0.697 ops/us
# Warmup Iteration   4: 0.675 ops/us
# Warmup Iteration   5: 0.690 ops/us
Iteration   1: 0.691 ops/us
Iteration   2: 0.688 ops/us
Iteration   3: 0.690 ops/us
Iteration   4: 0.662 ops/us
Iteration   5: 0.683 ops/us
Iteration   6: 0.688 ops/us
Iteration   7: 0.690 ops/us
Iteration   8: 0.684 ops/us
Iteration   9: 0.686 ops/us
Iteration  10: 0.684 ops/us

# Run progress: 17.98% complete, ETA 00:48:32
# Fork: 3 of 3
# Warmup Iteration   1: 0.645 ops/us
# Warmup Iteration   2: 0.691 ops/us
# Warmup Iteration   3: 0.698 ops/us
# Warmup Iteration   4: 0.693 ops/us
# Warmup Iteration   5: 0.689 ops/us
Iteration   1: 0.676 ops/us
Iteration   2: 0.692 ops/us
Iteration   3: 0.697 ops/us
Iteration   4: 0.686 ops/us
Iteration   5: 0.694 ops/us
Iteration   6: 0.702 ops/us
Iteration   7: 0.691 ops/us
Iteration   8: 0.695 ops/us
Iteration   9: 0.692 ops/us
Iteration  10: 0.691 ops/us


Result "de.splatgames.aether.datafixers.benchmarks.codec.CollectionCodecBenchmark.roundTripIntListDirect":
  0.686 ±(99.9%) 0.005 ops/us [Average]
  (min, avg, max) = (0.662, 0.686, 0.702), stdev = 0.008
  CI (99.9%): [0.681, 0.692] (assumes normal distribution)


# JMH version: 1.37
# VM version: JDK 17.0.18, OpenJDK 64-Bit Server VM, 17.0.18+8-Ubuntu-122.04.1
# VM invoker: /usr/lib/jvm/java-17-openjdk-amd64/bin/java
# VM options: -Xms4G -Xmx4G -XX:+UseG1GC -XX:+AlwaysPreTouch
# Blackhole mode: compiler (auto-detected, use -Djmh.blackhole.autoDetect=false to disable)
# Warmup: 5 iterations, 1 s each
# Measurement: 10 iterations, 1 s each
# Timeout: 10 min per iteration
# Threads: 1 thread, will synchronize iterations
# Benchmark mode: Throughput, ops/time
# Benchmark: de.splatgames.aether.datafixers.benchmarks.codec.CollectionCodecBenchmark.roundTripIntListDirect
# Parameters: (listSize = 1000)

# Run progress: 18.42% complete, ETA 00:48:16
# Fork: 1 of 3
# Warmup Iteration   1: 0.060 ops/us
# Warmup Iteration   2: 0.063 ops/us
# Warmup Iteration   3: 0.062 ops/us
# Warmup Iteration   4: 0.063 ops/us
# Warmup Iteration   5: 0.063 ops/us
Iteration   1: 0.063 ops/us
Iteration   2: 0.064 ops/us
Iteration   3: 0.064 ops/us
Iteration   4: 0.063 ops/us
Iteration   5: 0.063 ops/us
Iteration   6: 0.063 ops/us
Iteration   7: 0.063 ops/us
Iteration   8: 0.063 ops/us
Iteration   9: 0.061 ops/us
Iteration  10: 0.062 ops/us

# Run progress: 18.86% complete, ETA 00:48:01
# Fork: 2 of 3
# Warmup Iteration   1: 0.059 ops/us
# Warmup Iteration   2: 0.062 ops/us
# Warmup Iteration   3: 0.063 ops/us
# Warmup Iteration   4: 0.062 ops/us
# Warmup Iteration   5: 0.062 ops/us
Iteration   1: 0.063 ops/us
Iteration   2: 0.063 ops/us
Iteration   3: 0.062 ops/us
Iteration   4: 0.063 ops/us
Iteration   5: 0.064 ops/us
Iteration   6: 0.063 ops/us
Iteration   7: 0.063 ops/us
Iteration   8: 0.064 ops/us
Iteration   9: 0.064 ops/us
Iteration  10: 0.062 ops/us

# Run progress: 19.30% complete, ETA 00:47:45
# Fork: 3 of 3
# Warmup Iteration   1: 0.060 ops/us
# Warmup Iteration   2: 0.061 ops/us
# Warmup Iteration   3: 0.063 ops/us
# Warmup Iteration   4: 0.063 ops/us
# Warmup Iteration   5: 0.063 ops/us
Iteration   1: 0.063 ops/us
Iteration   2: 0.060 ops/us
Iteration   3: 0.063 ops/us
Iteration   4: 0.063 ops/us
Iteration   5: 0.063 ops/us
Iteration   6: 0.062 ops/us
Iteration   7: 0.063 ops/us
Iteration   8: 0.063 ops/us
Iteration   9: 0.063 ops/us
Iteration  10: 0.063 ops/us


Result "de.splatgames.aether.datafixers.benchmarks.codec.CollectionCodecBenchmark.roundTripIntListDirect":
  0.063 ±(99.9%) 0.001 ops/us [Average]
  (min, avg, max) = (0.060, 0.063, 0.064), stdev = 0.001
  CI (99.9%): [0.062, 0.063] (assumes normal distribution)


# JMH version: 1.37
# VM version: JDK 17.0.18, OpenJDK 64-Bit Server VM, 17.0.18+8-Ubuntu-122.04.1
# VM invoker: /usr/lib/jvm/java-17-openjdk-amd64/bin/java
# VM options: -Xms4G -Xmx4G -XX:+UseG1GC -XX:+AlwaysPreTouch
# Blackhole mode: compiler (auto-detected, use -Djmh.blackhole.autoDetect=false to disable)
# Warmup: 5 iterations, 1 s each
# Measurement: 10 iterations, 1 s each
# Timeout: 10 min per iteration
# Threads: 1 thread, will synchronize iterations
# Benchmark mode: Throughput, ops/time
# Benchmark: de.splatgames.aether.datafixers.benchmarks.codec.CollectionCodecBenchmark.roundTripIntListFunctional
# Parameters: (listSize = 10)

# Run progress: 19.74% complete, ETA 00:47:30
# Fork: 1 of 3
# Warmup Iteration   1: 5.129 ops/us
# Warmup Iteration   2: 5.308 ops/us
# Warmup Iteration   3: 5.633 ops/us
# Warmup Iteration   4: 5.578 ops/us
# Warmup Iteration   5: 5.712 ops/us
Iteration   1: 5.641 ops/us
Iteration   2: 5.568 ops/us
Iteration   3: 5.602 ops/us
Iteration   4: 5.638 ops/us
Iteration   5: 5.671 ops/us
Iteration   6: 5.656 ops/us
Iteration   7: 5.667 ops/us
Iteration   8: 5.661 ops/us
Iteration   9: 5.670 ops/us
Iteration  10: 5.685 ops/us

# Run progress: 20.18% complete, ETA 00:47:14
# Fork: 2 of 3
# Warmup Iteration   1: 5.156 ops/us
# Warmup Iteration   2: 5.445 ops/us
# Warmup Iteration   3: 5.746 ops/us
# Warmup Iteration   4: 5.775 ops/us
# Warmup Iteration   5: 5.824 ops/us
Iteration   1: 5.783 ops/us
Iteration   2: 5.622 ops/us
Iteration   3: 5.661 ops/us
Iteration   4: 5.717 ops/us
Iteration   5: 5.762 ops/us
Iteration   6: 5.695 ops/us
Iteration   7: 5.700 ops/us
Iteration   8: 5.654 ops/us
Iteration   9: 5.755 ops/us
Iteration  10: 5.727 ops/us

# Run progress: 20.61% complete, ETA 00:46:59
# Fork: 3 of 3
# Warmup Iteration   1: 5.243 ops/us
# Warmup Iteration   2: 5.523 ops/us
# Warmup Iteration   3: 5.533 ops/us
# Warmup Iteration   4: 5.622 ops/us
# Warmup Iteration   5: 5.591 ops/us
Iteration   1: 5.496 ops/us
Iteration   2: 5.612 ops/us
Iteration   3: 5.625 ops/us
Iteration   4: 5.606 ops/us
Iteration   5: 5.500 ops/us
Iteration   6: 5.621 ops/us
Iteration   7: 5.608 ops/us
Iteration   8: 5.615 ops/us
Iteration   9: 5.590 ops/us
Iteration  10: 5.569 ops/us


Result "de.splatgames.aether.datafixers.benchmarks.codec.CollectionCodecBenchmark.roundTripIntListFunctional":
  5.646 ±(99.9%) 0.045 ops/us [Average]
  (min, avg, max) = (5.496, 5.646, 5.783), stdev = 0.068
  CI (99.9%): [5.601, 5.691] (assumes normal distribution)


# JMH version: 1.37
# VM version: JDK 17.0.18, OpenJDK 64-Bit Server VM, 17.0.18+8-Ubuntu-122.04.1
# VM invoker: /usr/lib/jvm/java-17-openjdk-amd64/bin/java
# VM options: -Xms4G -Xmx4G -XX:+UseG1GC -XX:+AlwaysPreTouch
# Blackhole mode: compiler (auto-detected, use -Djmh.blackhole.autoDetect=false to disable)
# Warmup: 5 iterations, 1 s each
# Measurement: 10 iterations, 1 s each
# Timeout: 10 min per iteration
# Threads: 1 thread, will synchronize iterations
# Benchmark mode: Throughput, ops/time
# Benchmark: de.splatgames.aether.datafixers.benchmarks.codec.CollectionCodecBenchmark.roundTripIntListFunctional
# Parameters: (listSize = 100)

# Run progress: 21.05% complete, ETA 00:46:43
# Fork: 1 of 3
# Warmup Iteration   1: 0.635 ops/us
# Warmup Iteration   2: 0.690 ops/us
# Warmup Iteration   3: 0.696 ops/us
# Warmup Iteration   4: 0.693 ops/us
# Warmup Iteration   5: 0.684 ops/us
Iteration   1: 0.681 ops/us
Iteration   2: 0.689 ops/us
Iteration   3: 0.669 ops/us
Iteration   4: 0.677 ops/us
Iteration   5: 0.691 ops/us
Iteration   6: 0.692 ops/us
Iteration   7: 0.691 ops/us
Iteration   8: 0.697 ops/us
Iteration   9: 0.694 ops/us
Iteration  10: 0.692 ops/us

# Run progress: 21.49% complete, ETA 00:46:28
# Fork: 2 of 3
# Warmup Iteration   1: 0.649 ops/us
# Warmup Iteration   2: 0.685 ops/us
# Warmup Iteration   3: 0.698 ops/us
# Warmup Iteration   4: 0.681 ops/us
# Warmup Iteration   5: 0.687 ops/us
Iteration   1: 0.694 ops/us
Iteration   2: 0.690 ops/us
Iteration   3: 0.694 ops/us
Iteration   4: 0.693 ops/us
Iteration   5: 0.693 ops/us
Iteration   6: 0.689 ops/us
Iteration   7: 0.688 ops/us
Iteration   8: 0.700 ops/us
Iteration   9: 0.681 ops/us
Iteration  10: 0.692 ops/us

# Run progress: 21.93% complete, ETA 00:46:12
# Fork: 3 of 3
# Warmup Iteration   1: 0.634 ops/us
# Warmup Iteration   2: 0.683 ops/us
# Warmup Iteration   3: 0.692 ops/us
# Warmup Iteration   4: 0.690 ops/us
# Warmup Iteration   5: 0.699 ops/us
Iteration   1: 0.685 ops/us
Iteration   2: 0.684 ops/us
Iteration   3: 0.690 ops/us
Iteration   4: 0.683 ops/us
Iteration   5: 0.684 ops/us
Iteration   6: 0.683 ops/us
Iteration   7: 0.696 ops/us
Iteration   8: 0.690 ops/us
Iteration   9: 0.689 ops/us
Iteration  10: 0.690 ops/us


Result "de.splatgames.aether.datafixers.benchmarks.codec.CollectionCodecBenchmark.roundTripIntListFunctional":
  0.689 ±(99.9%) 0.004 ops/us [Average]
  (min, avg, max) = (0.669, 0.689, 0.700), stdev = 0.006
  CI (99.9%): [0.684, 0.693] (assumes normal distribution)


# JMH version: 1.37
# VM version: JDK 17.0.18, OpenJDK 64-Bit Server VM, 17.0.18+8-Ubuntu-122.04.1
# VM invoker: /usr/lib/jvm/java-17-openjdk-amd64/bin/java
# VM options: -Xms4G -Xmx4G -XX:+UseG1GC -XX:+AlwaysPreTouch
# Blackhole mode: compiler (auto-detected, use -Djmh.blackhole.autoDetect=false to disable)
# Warmup: 5 iterations, 1 s each
# Measurement: 10 iterations, 1 s each
# Timeout: 10 min per iteration
# Threads: 1 thread, will synchronize iterations
# Benchmark mode: Throughput, ops/time
# Benchmark: de.splatgames.aether.datafixers.benchmarks.codec.CollectionCodecBenchmark.roundTripIntListFunctional
# Parameters: (listSize = 1000)

# Run progress: 22.37% complete, ETA 00:45:56
# Fork: 1 of 3
# Warmup Iteration   1: 0.059 ops/us
# Warmup Iteration   2: 0.063 ops/us
# Warmup Iteration   3: 0.062 ops/us
# Warmup Iteration   4: 0.063 ops/us
# Warmup Iteration   5: 0.063 ops/us
Iteration   1: 0.063 ops/us
Iteration   2: 0.063 ops/us
Iteration   3: 0.063 ops/us
Iteration   4: 0.063 ops/us
Iteration   5: 0.063 ops/us
Iteration   6: 0.063 ops/us
Iteration   7: 0.063 ops/us
Iteration   8: 0.062 ops/us
Iteration   9: 0.063 ops/us
Iteration  10: 0.063 ops/us

# Run progress: 22.81% complete, ETA 00:45:41
# Fork: 2 of 3
# Warmup Iteration   1: 0.060 ops/us
# Warmup Iteration   2: 0.063 ops/us
# Warmup Iteration   3: 0.061 ops/us
# Warmup Iteration   4: 0.060 ops/us
# Warmup Iteration   5: 0.063 ops/us
Iteration   1: 0.062 ops/us
Iteration   2: 0.062 ops/us
Iteration   3: 0.063 ops/us
Iteration   4: 0.063 ops/us
Iteration   5: 0.064 ops/us
Iteration   6: 0.063 ops/us
Iteration   7: 0.063 ops/us
Iteration   8: 0.063 ops/us
Iteration   9: 0.063 ops/us
Iteration  10: 0.063 ops/us

# Run progress: 23.25% complete, ETA 00:45:25
# Fork: 3 of 3
# Warmup Iteration   1: 0.060 ops/us
# Warmup Iteration   2: 0.061 ops/us
# Warmup Iteration   3: 0.062 ops/us
# Warmup Iteration   4: 0.063 ops/us
# Warmup Iteration   5: 0.063 ops/us
Iteration   1: 0.064 ops/us
Iteration   2: 0.063 ops/us
Iteration   3: 0.064 ops/us
Iteration   4: 0.062 ops/us
Iteration   5: 0.061 ops/us
Iteration   6: 0.063 ops/us
Iteration   7: 0.062 ops/us
Iteration   8: 0.063 ops/us
Iteration   9: 0.063 ops/us
Iteration  10: 0.063 ops/us


Result "de.splatgames.aether.datafixers.benchmarks.codec.CollectionCodecBenchmark.roundTripIntListFunctional":
  0.063 ±(99.9%) 0.001 ops/us [Average]
  (min, avg, max) = (0.061, 0.063, 0.064), stdev = 0.001
  CI (99.9%): [0.063, 0.063] (assumes normal distribution)


# JMH version: 1.37
# VM version: JDK 17.0.18, OpenJDK 64-Bit Server VM, 17.0.18+8-Ubuntu-122.04.1
# VM invoker: /usr/lib/jvm/java-17-openjdk-amd64/bin/java
# VM options: -Xms4G -Xmx4G -XX:+UseG1GC -XX:+AlwaysPreTouch
# Blackhole mode: compiler (auto-detected, use -Djmh.blackhole.autoDetect=false to disable)
# Warmup: 5 iterations, 1 s each
# Measurement: 10 iterations, 1 s each
# Timeout: 10 min per iteration
# Threads: 1 thread, will synchronize iterations
# Benchmark mode: Throughput, ops/time
# Benchmark: de.splatgames.aether.datafixers.benchmarks.codec.CollectionCodecBenchmark.roundTripStringListDirect
# Parameters: (listSize = 10)

# Run progress: 23.68% complete, ETA 00:45:10
# Fork: 1 of 3
# Warmup Iteration   1: 5.309 ops/us
# Warmup Iteration   2: 5.590 ops/us
# Warmup Iteration   3: 5.637 ops/us
# Warmup Iteration   4: 5.596 ops/us
# Warmup Iteration   5: 5.665 ops/us
Iteration   1: 5.595 ops/us
Iteration   2: 5.625 ops/us
Iteration   3: 5.581 ops/us
Iteration   4: 5.653 ops/us
Iteration   5: 5.690 ops/us
Iteration   6: 5.637 ops/us
Iteration   7: 5.612 ops/us
Iteration   8: 5.634 ops/us
Iteration   9: 5.532 ops/us
Iteration  10: 5.658 ops/us

# Run progress: 24.12% complete, ETA 00:44:54
# Fork: 2 of 3
# Warmup Iteration   1: 5.741 ops/us
# Warmup Iteration   2: 6.080 ops/us
# Warmup Iteration   3: 6.074 ops/us
# Warmup Iteration   4: 5.976 ops/us
# Warmup Iteration   5: 6.058 ops/us
Iteration   1: 6.078 ops/us
Iteration   2: 6.097 ops/us
Iteration   3: 6.077 ops/us
Iteration   4: 6.031 ops/us
Iteration   5: 6.192 ops/us
Iteration   6: 6.038 ops/us
Iteration   7: 6.164 ops/us
Iteration   8: 6.145 ops/us
Iteration   9: 6.161 ops/us
Iteration  10: 6.125 ops/us

# Run progress: 24.56% complete, ETA 00:44:39
# Fork: 3 of 3
# Warmup Iteration   1: 5.614 ops/us
# Warmup Iteration   2: 6.016 ops/us
# Warmup Iteration   3: 6.264 ops/us
# Warmup Iteration   4: 6.265 ops/us
# Warmup Iteration   5: 6.348 ops/us
Iteration   1: 6.254 ops/us
Iteration   2: 6.193 ops/us
Iteration   3: 6.290 ops/us
Iteration   4: 6.288 ops/us
Iteration   5: 6.292 ops/us
Iteration   6: 6.303 ops/us
Iteration   7: 6.233 ops/us
Iteration   8: 6.283 ops/us
Iteration   9: 6.325 ops/us
Iteration  10: 6.201 ops/us


Result "de.splatgames.aether.datafixers.benchmarks.codec.CollectionCodecBenchmark.roundTripStringListDirect":
  6.000 ±(99.9%) 0.189 ops/us [Average]
  (min, avg, max) = (5.532, 6.000, 6.325), stdev = 0.283
  CI (99.9%): [5.810, 6.189] (assumes normal distribution)


# JMH version: 1.37
# VM version: JDK 17.0.18, OpenJDK 64-Bit Server VM, 17.0.18+8-Ubuntu-122.04.1
# VM invoker: /usr/lib/jvm/java-17-openjdk-amd64/bin/java
# VM options: -Xms4G -Xmx4G -XX:+UseG1GC -XX:+AlwaysPreTouch
# Blackhole mode: compiler (auto-detected, use -Djmh.blackhole.autoDetect=false to disable)
# Warmup: 5 iterations, 1 s each
# Measurement: 10 iterations, 1 s each
# Timeout: 10 min per iteration
# Threads: 1 thread, will synchronize iterations
# Benchmark mode: Throughput, ops/time
# Benchmark: de.splatgames.aether.datafixers.benchmarks.codec.CollectionCodecBenchmark.roundTripStringListDirect
# Parameters: (listSize = 100)

# Run progress: 25.00% complete, ETA 00:44:23
# Fork: 1 of 3
# Warmup Iteration   1: 0.732 ops/us
# Warmup Iteration   2: 0.792 ops/us
# Warmup Iteration   3: 0.791 ops/us
# Warmup Iteration   4: 0.802 ops/us
# Warmup Iteration   5: 0.801 ops/us
Iteration   1: 0.797 ops/us
Iteration   2: 0.803 ops/us
Iteration   3: 0.797 ops/us
Iteration   4: 0.794 ops/us
Iteration   5: 0.803 ops/us
Iteration   6: 0.792 ops/us
Iteration   7: 0.796 ops/us
Iteration   8: 0.807 ops/us
Iteration   9: 0.801 ops/us
Iteration  10: 0.805 ops/us

# Run progress: 25.44% complete, ETA 00:44:08
# Fork: 2 of 3
# Warmup Iteration   1: 0.750 ops/us
# Warmup Iteration   2: 0.791 ops/us
# Warmup Iteration   3: 0.796 ops/us
# Warmup Iteration   4: 0.789 ops/us
# Warmup Iteration   5: 0.796 ops/us
Iteration   1: 0.795 ops/us
Iteration   2: 0.804 ops/us
Iteration   3: 0.802 ops/us
Iteration   4: 0.792 ops/us
Iteration   5: 0.808 ops/us
Iteration   6: 0.803 ops/us
Iteration   7: 0.814 ops/us
Iteration   8: 0.806 ops/us
Iteration   9: 0.794 ops/us
Iteration  10: 0.806 ops/us

# Run progress: 25.88% complete, ETA 00:43:52
# Fork: 3 of 3
# Warmup Iteration   1: 0.726 ops/us
# Warmup Iteration   2: 0.768 ops/us
# Warmup Iteration   3: 0.784 ops/us
# Warmup Iteration   4: 0.783 ops/us
# Warmup Iteration   5: 0.783 ops/us
Iteration   1: 0.783 ops/us
Iteration   2: 0.785 ops/us
Iteration   3: 0.791 ops/us
Iteration   4: 0.734 ops/us
Iteration   5: 0.778 ops/us
Iteration   6: 0.785 ops/us
Iteration   7: 0.786 ops/us
Iteration   8: 0.785 ops/us
Iteration   9: 0.787 ops/us
Iteration  10: 0.757 ops/us


Result "de.splatgames.aether.datafixers.benchmarks.codec.CollectionCodecBenchmark.roundTripStringListDirect":
  0.793 ±(99.9%) 0.011 ops/us [Average]
  (min, avg, max) = (0.734, 0.793, 0.814), stdev = 0.016
  CI (99.9%): [0.782, 0.804] (assumes normal distribution)


# JMH version: 1.37
# VM version: JDK 17.0.18, OpenJDK 64-Bit Server VM, 17.0.18+8-Ubuntu-122.04.1
# VM invoker: /usr/lib/jvm/java-17-openjdk-amd64/bin/java
# VM options: -Xms4G -Xmx4G -XX:+UseG1GC -XX:+AlwaysPreTouch
# Blackhole mode: compiler (auto-detected, use -Djmh.blackhole.autoDetect=false to disable)
# Warmup: 5 iterations, 1 s each
# Measurement: 10 iterations, 1 s each
# Timeout: 10 min per iteration
# Threads: 1 thread, will synchronize iterations
# Benchmark mode: Throughput, ops/time
# Benchmark: de.splatgames.aether.datafixers.benchmarks.codec.CollectionCodecBenchmark.roundTripStringListDirect
# Parameters: (listSize = 1000)

# Run progress: 26.32% complete, ETA 00:43:36
# Fork: 1 of 3
# Warmup Iteration   1: 0.077 ops/us
# Warmup Iteration   2: 0.082 ops/us
# Warmup Iteration   3: 0.081 ops/us
# Warmup Iteration   4: 0.083 ops/us
# Warmup Iteration   5: 0.083 ops/us
Iteration   1: 0.082 ops/us
Iteration   2: 0.083 ops/us
Iteration   3: 0.083 ops/us
Iteration   4: 0.082 ops/us
Iteration   5: 0.082 ops/us
Iteration   6: 0.082 ops/us
Iteration   7: 0.082 ops/us
Iteration   8: 0.081 ops/us
Iteration   9: 0.083 ops/us
Iteration  10: 0.083 ops/us

# Run progress: 26.75% complete, ETA 00:43:21
# Fork: 2 of 3
# Warmup Iteration   1: 0.078 ops/us
# Warmup Iteration   2: 0.083 ops/us
# Warmup Iteration   3: 0.083 ops/us
# Warmup Iteration   4: 0.083 ops/us
# Warmup Iteration   5: 0.083 ops/us
Iteration   1: 0.082 ops/us
Iteration   2: 0.082 ops/us
Iteration   3: 0.083 ops/us
Iteration   4: 0.082 ops/us
Iteration   5: 0.083 ops/us
Iteration   6: 0.083 ops/us
Iteration   7: 0.083 ops/us
Iteration   8: 0.083 ops/us
Iteration   9: 0.084 ops/us
Iteration  10: 0.083 ops/us

# Run progress: 27.19% complete, ETA 00:43:05
# Fork: 3 of 3
# Warmup Iteration   1: 0.077 ops/us
# Warmup Iteration   2: 0.081 ops/us
# Warmup Iteration   3: 0.079 ops/us
# Warmup Iteration   4: 0.065 ops/us
# Warmup Iteration   5: 0.073 ops/us
Iteration   1: 0.070 ops/us
Iteration   2: 0.073 ops/us
Iteration   3: 0.068 ops/us
Iteration   4: 0.075 ops/us
Iteration   5: 0.068 ops/us
Iteration   6: 0.075 ops/us
Iteration   7: 0.071 ops/us
Iteration   8: 0.070 ops/us
Iteration   9: 0.062 ops/us
Iteration  10: 0.064 ops/us


Result "de.splatgames.aether.datafixers.benchmarks.codec.CollectionCodecBenchmark.roundTripStringListDirect":
  0.078 ±(99.9%) 0.004 ops/us [Average]
  (min, avg, max) = (0.062, 0.078, 0.084), stdev = 0.007
  CI (99.9%): [0.074, 0.083] (assumes normal distribution)


# JMH version: 1.37
# VM version: JDK 17.0.18, OpenJDK 64-Bit Server VM, 17.0.18+8-Ubuntu-122.04.1
# VM invoker: /usr/lib/jvm/java-17-openjdk-amd64/bin/java
# VM options: -Xms4G -Xmx4G -XX:+UseG1GC -XX:+AlwaysPreTouch
# Blackhole mode: compiler (auto-detected, use -Djmh.blackhole.autoDetect=false to disable)
# Warmup: 5 iterations, 1 s each
# Measurement: 10 iterations, 1 s each
# Timeout: 10 min per iteration
# Threads: 1 thread, will synchronize iterations
# Benchmark mode: Throughput, ops/time
# Benchmark: de.splatgames.aether.datafixers.benchmarks.codec.CollectionCodecBenchmark.roundTripStringListFunctional
# Parameters: (listSize = 10)

# Run progress: 27.63% complete, ETA 00:42:50
# Fork: 1 of 3
# Warmup Iteration   1: 4.022 ops/us
# Warmup Iteration   2: 4.481 ops/us
# Warmup Iteration   3: 4.679 ops/us
# Warmup Iteration   4: 4.476 ops/us
# Warmup Iteration   5: 4.586 ops/us
Iteration   1: 4.784 ops/us
Iteration   2: 4.777 ops/us
Iteration   3: 4.794 ops/us
Iteration   4: 4.792 ops/us
Iteration   5: 4.745 ops/us
Iteration   6: 4.580 ops/us
Iteration   7: 4.653 ops/us
Iteration   8: 4.475 ops/us
Iteration   9: 4.489 ops/us
Iteration  10: 4.351 ops/us

# Run progress: 28.07% complete, ETA 00:42:35
# Fork: 2 of 3
# Warmup Iteration   1: 4.805 ops/us
# Warmup Iteration   2: 4.916 ops/us
# Warmup Iteration   3: 5.261 ops/us
# Warmup Iteration   4: 5.195 ops/us
# Warmup Iteration   5: 5.180 ops/us
Iteration   1: 5.232 ops/us
Iteration   2: 5.218 ops/us
Iteration   3: 5.385 ops/us
Iteration   4: 5.099 ops/us
Iteration   5: 5.319 ops/us
Iteration   6: 5.180 ops/us
Iteration   7: 5.153 ops/us
Iteration   8: 5.355 ops/us
Iteration   9: 5.227 ops/us
Iteration  10: 5.230 ops/us

# Run progress: 28.51% complete, ETA 00:42:19
# Fork: 3 of 3
# Warmup Iteration   1: 4.761 ops/us
# Warmup Iteration   2: 5.061 ops/us
# Warmup Iteration   3: 4.970 ops/us
# Warmup Iteration   4: 5.012 ops/us
# Warmup Iteration   5: 5.044 ops/us
Iteration   1: 4.938 ops/us
Iteration   2: 5.075 ops/us
Iteration   3: 5.076 ops/us
Iteration   4: 5.012 ops/us
Iteration   5: 5.095 ops/us
Iteration   6: 4.960 ops/us
Iteration   7: 4.988 ops/us
Iteration   8: 4.880 ops/us
Iteration   9: 5.141 ops/us
Iteration  10: 5.103 ops/us


Result "de.splatgames.aether.datafixers.benchmarks.codec.CollectionCodecBenchmark.roundTripStringListFunctional":
  4.970 ±(99.9%) 0.184 ops/us [Average]
  (min, avg, max) = (4.351, 4.970, 5.385), stdev = 0.275
  CI (99.9%): [4.786, 5.154] (assumes normal distribution)


# JMH version: 1.37
# VM version: JDK 17.0.18, OpenJDK 64-Bit Server VM, 17.0.18+8-Ubuntu-122.04.1
# VM invoker: /usr/lib/jvm/java-17-openjdk-amd64/bin/java
# VM options: -Xms4G -Xmx4G -XX:+UseG1GC -XX:+AlwaysPreTouch
# Blackhole mode: compiler (auto-detected, use -Djmh.blackhole.autoDetect=false to disable)
# Warmup: 5 iterations, 1 s each
# Measurement: 10 iterations, 1 s each
# Timeout: 10 min per iteration
# Threads: 1 thread, will synchronize iterations
# Benchmark mode: Throughput, ops/time
# Benchmark: de.splatgames.aether.datafixers.benchmarks.codec.CollectionCodecBenchmark.roundTripStringListFunctional
# Parameters: (listSize = 100)

# Run progress: 28.95% complete, ETA 00:42:04
# Fork: 1 of 3
# Warmup Iteration   1: 0.551 ops/us
# Warmup Iteration   2: 0.564 ops/us
# Warmup Iteration   3: 0.590 ops/us
# Warmup Iteration   4: 0.603 ops/us
# Warmup Iteration   5: 0.604 ops/us
Iteration   1: 0.641 ops/us
Iteration   2: 0.648 ops/us
Iteration   3: 0.645 ops/us
Iteration   4: 0.661 ops/us
Iteration   5: 0.657 ops/us
Iteration   6: 0.665 ops/us
Iteration   7: 0.662 ops/us
Iteration   8: 0.663 ops/us
Iteration   9: 0.672 ops/us
Iteration  10: 0.673 ops/us

# Run progress: 29.39% complete, ETA 00:41:49
# Fork: 2 of 3
# Warmup Iteration   1: 0.608 ops/us
# Warmup Iteration   2: 0.648 ops/us
# Warmup Iteration   3: 0.643 ops/us
# Warmup Iteration   4: 0.662 ops/us
# Warmup Iteration   5: 0.653 ops/us
Iteration   1: 0.648 ops/us
Iteration   2: 0.679 ops/us
Iteration   3: 0.681 ops/us
Iteration   4: 0.671 ops/us
Iteration   5: 0.658 ops/us
Iteration   6: 0.610 ops/us
Iteration   7: 0.619 ops/us
Iteration   8: 0.600 ops/us
Iteration   9: 0.626 ops/us
Iteration  10: 0.662 ops/us

# Run progress: 29.82% complete, ETA 00:41:34
# Fork: 3 of 3
# Warmup Iteration   1: 0.600 ops/us
# Warmup Iteration   2: 0.693 ops/us
# Warmup Iteration   3: 0.715 ops/us
# Warmup Iteration   4: 0.732 ops/us
# Warmup Iteration   5: 0.711 ops/us
Iteration   1: 0.711 ops/us
Iteration   2: 0.693 ops/us
Iteration   3: 0.645 ops/us
Iteration   4: 0.663 ops/us
Iteration   5: 0.698 ops/us
Iteration   6: 0.692 ops/us
Iteration   7: 0.689 ops/us
Iteration   8: 0.654 ops/us
Iteration   9: 0.710 ops/us
Iteration  10: 0.675 ops/us


Result "de.splatgames.aether.datafixers.benchmarks.codec.CollectionCodecBenchmark.roundTripStringListFunctional":
  0.662 ±(99.9%) 0.018 ops/us [Average]
  (min, avg, max) = (0.600, 0.662, 0.711), stdev = 0.027
  CI (99.9%): [0.644, 0.680] (assumes normal distribution)


# JMH version: 1.37
# VM version: JDK 17.0.18, OpenJDK 64-Bit Server VM, 17.0.18+8-Ubuntu-122.04.1
# VM invoker: /usr/lib/jvm/java-17-openjdk-amd64/bin/java
# VM options: -Xms4G -Xmx4G -XX:+UseG1GC -XX:+AlwaysPreTouch
# Blackhole mode: compiler (auto-detected, use -Djmh.blackhole.autoDetect=false to disable)
# Warmup: 5 iterations, 1 s each
# Measurement: 10 iterations, 1 s each
# Timeout: 10 min per iteration
# Threads: 1 thread, will synchronize iterations
# Benchmark mode: Throughput, ops/time
# Benchmark: de.splatgames.aether.datafixers.benchmarks.codec.CollectionCodecBenchmark.roundTripStringListFunctional
# Parameters: (listSize = 1000)

# Run progress: 30.26% complete, ETA 00:41:18
# Fork: 1 of 3
# Warmup Iteration   1: 0.066 ops/us
# Warmup Iteration   2: 0.070 ops/us
# Warmup Iteration   3: 0.069 ops/us
# Warmup Iteration   4: 0.072 ops/us
# Warmup Iteration   5: 0.074 ops/us
Iteration   1: 0.072 ops/us
Iteration   2: 0.064 ops/us
Iteration   3: 0.065 ops/us
Iteration   4: 0.070 ops/us
Iteration   5: 0.068 ops/us
Iteration   6: 0.060 ops/us
Iteration   7: 0.060 ops/us
Iteration   8: 0.066 ops/us
Iteration   9: 0.070 ops/us
Iteration  10: 0.067 ops/us

# Run progress: 30.70% complete, ETA 00:41:03
# Fork: 2 of 3
# Warmup Iteration   1: 0.063 ops/us
# Warmup Iteration   2: 0.065 ops/us
# Warmup Iteration   3: 0.068 ops/us
# Warmup Iteration   4: 0.072 ops/us
# Warmup Iteration   5: 0.068 ops/us
Iteration   1: 0.066 ops/us
Iteration   2: 0.066 ops/us
Iteration   3: 0.067 ops/us
Iteration   4: 0.066 ops/us
Iteration   5: 0.065 ops/us
Iteration   6: 0.074 ops/us
Iteration   7: 0.074 ops/us
Iteration   8: 0.070 ops/us
Iteration   9: 0.075 ops/us
Iteration  10: 0.072 ops/us

# Run progress: 31.14% complete, ETA 00:40:48
# Fork: 3 of 3
# Warmup Iteration   1: 0.070 ops/us
# Warmup Iteration   2: 0.074 ops/us
# Warmup Iteration   3: 0.074 ops/us
# Warmup Iteration   4: 0.076 ops/us
# Warmup Iteration   5: 0.076 ops/us
Iteration   1: 0.077 ops/us
Iteration   2: 0.076 ops/us
Iteration   3: 0.072 ops/us
Iteration   4: 0.074 ops/us
Iteration   5: 0.073 ops/us
Iteration   6: 0.073 ops/us
Iteration   7: 0.073 ops/us
Iteration   8: 0.072 ops/us
Iteration   9: 0.071 ops/us
Iteration  10: 0.070 ops/us


Result "de.splatgames.aether.datafixers.benchmarks.codec.CollectionCodecBenchmark.roundTripStringListFunctional":
  0.069 ±(99.9%) 0.003 ops/us [Average]
  (min, avg, max) = (0.060, 0.069, 0.077), stdev = 0.004
  CI (99.9%): [0.067, 0.072] (assumes normal distribution)


# JMH version: 1.37
# VM version: JDK 17.0.18, OpenJDK 64-Bit Server VM, 17.0.18+8-Ubuntu-122.04.1
# VM invoker: /usr/lib/jvm/java-17-openjdk-amd64/bin/java
# VM options: -Xms4G -Xmx4G -XX:+UseG1GC -XX:+AlwaysPreTouch
# Blackhole mode: compiler (auto-detected, use -Djmh.blackhole.autoDetect=false to disable)
# Warmup: 5 iterations, 1 s each
# Measurement: 10 iterations, 1 s each
# Timeout: 10 min per iteration
# Threads: 1 thread, will synchronize iterations
# Benchmark mode: Throughput, ops/time
# Benchmark: de.splatgames.aether.datafixers.benchmarks.codec.PrimitiveCodecBenchmark.decodeBool

# Run progress: 31.58% complete, ETA 00:40:32
# Fork: 1 of 3
# Warmup Iteration   1: 0.220 ops/ns
# Warmup Iteration   2: 0.216 ops/ns
# Warmup Iteration   3: 0.225 ops/ns
# Warmup Iteration   4: 0.215 ops/ns
# Warmup Iteration   5: 0.204 ops/ns
Iteration   1: 0.215 ops/ns
Iteration   2: 0.219 ops/ns
Iteration   3: 0.224 ops/ns
Iteration   4: 0.225 ops/ns
Iteration   5: 0.224 ops/ns
Iteration   6: 0.217 ops/ns
Iteration   7: 0.225 ops/ns
Iteration   8: 0.226 ops/ns
Iteration   9: 0.226 ops/ns
Iteration  10: 0.222 ops/ns

# Run progress: 32.02% complete, ETA 00:40:17
# Fork: 2 of 3
# Warmup Iteration   1: 0.210 ops/ns
# Warmup Iteration   2: 0.199 ops/ns
# Warmup Iteration   3: 0.232 ops/ns
# Warmup Iteration   4: 0.225 ops/ns
# Warmup Iteration   5: 0.218 ops/ns
Iteration   1: 0.216 ops/ns
Iteration   2: 0.225 ops/ns
Iteration   3: 0.229 ops/ns
Iteration   4: 0.215 ops/ns
Iteration   5: 0.223 ops/ns
Iteration   6: 0.222 ops/ns
Iteration   7: 0.226 ops/ns
Iteration   8: 0.233 ops/ns
Iteration   9: 0.218 ops/ns
Iteration  10: 0.213 ops/ns

# Run progress: 32.46% complete, ETA 00:40:01
# Fork: 3 of 3
# Warmup Iteration   1: 0.215 ops/ns
# Warmup Iteration   2: 0.206 ops/ns
# Warmup Iteration   3: 0.216 ops/ns
# Warmup Iteration   4: 0.207 ops/ns
# Warmup Iteration   5: 0.227 ops/ns
Iteration   1: 0.221 ops/ns
Iteration   2: 0.216 ops/ns
Iteration   3: 0.230 ops/ns
Iteration   4: 0.228 ops/ns
Iteration   5: 0.232 ops/ns
Iteration   6: 0.235 ops/ns
Iteration   7: 0.223 ops/ns
Iteration   8: 0.228 ops/ns
Iteration   9: 0.226 ops/ns
Iteration  10: 0.227 ops/ns


Result "de.splatgames.aether.datafixers.benchmarks.codec.PrimitiveCodecBenchmark.decodeBool":
  0.224 ±(99.9%) 0.004 ops/ns [Average]
  (min, avg, max) = (0.213, 0.224, 0.235), stdev = 0.006
  CI (99.9%): [0.220, 0.227] (assumes normal distribution)


# JMH version: 1.37
# VM version: JDK 17.0.18, OpenJDK 64-Bit Server VM, 17.0.18+8-Ubuntu-122.04.1
# VM invoker: /usr/lib/jvm/java-17-openjdk-amd64/bin/java
# VM options: -Xms4G -Xmx4G -XX:+UseG1GC -XX:+AlwaysPreTouch
# Blackhole mode: compiler (auto-detected, use -Djmh.blackhole.autoDetect=false to disable)
# Warmup: 5 iterations, 1 s each
# Measurement: 10 iterations, 1 s each
# Timeout: 10 min per iteration
# Threads: 1 thread, will synchronize iterations
# Benchmark mode: Throughput, ops/time
# Benchmark: de.splatgames.aether.datafixers.benchmarks.codec.PrimitiveCodecBenchmark.decodeDouble

# Run progress: 32.89% complete, ETA 00:39:46
# Fork: 1 of 3
# Warmup Iteration   1: 0.143 ops/ns
# Warmup Iteration   2: 0.139 ops/ns
# Warmup Iteration   3: 0.145 ops/ns
# Warmup Iteration   4: 0.146 ops/ns
# Warmup Iteration   5: 0.142 ops/ns
Iteration   1: 0.137 ops/ns
Iteration   2: 0.138 ops/ns
Iteration   3: 0.146 ops/ns
Iteration   4: 0.148 ops/ns
Iteration   5: 0.145 ops/ns
Iteration   6: 0.144 ops/ns
Iteration   7: 0.144 ops/ns
Iteration   8: 0.143 ops/ns
Iteration   9: 0.143 ops/ns
Iteration  10: 0.143 ops/ns

# Run progress: 33.33% complete, ETA 00:39:30
# Fork: 2 of 3
# Warmup Iteration   1: 0.134 ops/ns
# Warmup Iteration   2: 0.124 ops/ns
# Warmup Iteration   3: 0.132 ops/ns
# Warmup Iteration   4: 0.130 ops/ns
# Warmup Iteration   5: 0.132 ops/ns
Iteration   1: 0.136 ops/ns
Iteration   2: 0.143 ops/ns
Iteration   3: 0.142 ops/ns
Iteration   4: 0.136 ops/ns
Iteration   5: 0.140 ops/ns
Iteration   6: 0.133 ops/ns
Iteration   7: 0.125 ops/ns
Iteration   8: 0.140 ops/ns
Iteration   9: 0.132 ops/ns
Iteration  10: 0.142 ops/ns

# Run progress: 33.77% complete, ETA 00:39:15
# Fork: 3 of 3
# Warmup Iteration   1: 0.144 ops/ns
# Warmup Iteration   2: 0.146 ops/ns
# Warmup Iteration   3: 0.146 ops/ns
# Warmup Iteration   4: 0.146 ops/ns
# Warmup Iteration   5: 0.147 ops/ns
Iteration   1: 0.136 ops/ns
Iteration   2: 0.141 ops/ns
Iteration   3: 0.130 ops/ns
Iteration   4: 0.135 ops/ns
Iteration   5: 0.143 ops/ns
Iteration   6: 0.139 ops/ns
Iteration   7: 0.139 ops/ns
Iteration   8: 0.143 ops/ns
Iteration   9: 0.133 ops/ns
Iteration  10: 0.143 ops/ns


Result "de.splatgames.aether.datafixers.benchmarks.codec.PrimitiveCodecBenchmark.decodeDouble":
  0.139 ±(99.9%) 0.004 ops/ns [Average]
  (min, avg, max) = (0.125, 0.139, 0.148), stdev = 0.005
  CI (99.9%): [0.136, 0.143] (assumes normal distribution)


# JMH version: 1.37
# VM version: JDK 17.0.18, OpenJDK 64-Bit Server VM, 17.0.18+8-Ubuntu-122.04.1
# VM invoker: /usr/lib/jvm/java-17-openjdk-amd64/bin/java
# VM options: -Xms4G -Xmx4G -XX:+UseG1GC -XX:+AlwaysPreTouch
# Blackhole mode: compiler (auto-detected, use -Djmh.blackhole.autoDetect=false to disable)
# Warmup: 5 iterations, 1 s each
# Measurement: 10 iterations, 1 s each
# Timeout: 10 min per iteration
# Threads: 1 thread, will synchronize iterations
# Benchmark mode: Throughput, ops/time
# Benchmark: de.splatgames.aether.datafixers.benchmarks.codec.PrimitiveCodecBenchmark.decodeFloat

# Run progress: 34.21% complete, ETA 00:39:00
# Fork: 1 of 3
# Warmup Iteration   1: 0.149 ops/ns
# Warmup Iteration   2: 0.150 ops/ns
# Warmup Iteration   3: 0.151 ops/ns
# Warmup Iteration   4: 0.146 ops/ns
# Warmup Iteration   5: 0.152 ops/ns
Iteration   1: 0.151 ops/ns
Iteration   2: 0.150 ops/ns
Iteration   3: 0.150 ops/ns
Iteration   4: 0.154 ops/ns
Iteration   5: 0.155 ops/ns
Iteration   6: 0.148 ops/ns
Iteration   7: 0.155 ops/ns
Iteration   8: 0.154 ops/ns
Iteration   9: 0.154 ops/ns
Iteration  10: 0.150 ops/ns

# Run progress: 34.65% complete, ETA 00:38:44
# Fork: 2 of 3
# Warmup Iteration   1: 0.155 ops/ns
# Warmup Iteration   2: 0.155 ops/ns
# Warmup Iteration   3: 0.154 ops/ns
# Warmup Iteration   4: 0.139 ops/ns
# Warmup Iteration   5: 0.152 ops/ns
Iteration   1: 0.157 ops/ns
Iteration   2: 0.156 ops/ns
Iteration   3: 0.154 ops/ns
Iteration   4: 0.155 ops/ns
Iteration   5: 0.153 ops/ns
Iteration   6: 0.154 ops/ns
Iteration   7: 0.154 ops/ns
Iteration   8: 0.156 ops/ns
Iteration   9: 0.156 ops/ns
Iteration  10: 0.148 ops/ns

# Run progress: 35.09% complete, ETA 00:38:29
# Fork: 3 of 3
# Warmup Iteration   1: 0.155 ops/ns
# Warmup Iteration   2: 0.156 ops/ns
# Warmup Iteration   3: 0.152 ops/ns
# Warmup Iteration   4: 0.145 ops/ns
# Warmup Iteration   5: 0.141 ops/ns
Iteration   1: 0.145 ops/ns
Iteration   2: 0.146 ops/ns
Iteration   3: 0.151 ops/ns
Iteration   4: 0.146 ops/ns
Iteration   5: 0.148 ops/ns
Iteration   6: 0.147 ops/ns
Iteration   7: 0.154 ops/ns
Iteration   8: 0.153 ops/ns
Iteration   9: 0.154 ops/ns
Iteration  10: 0.153 ops/ns


Result "de.splatgames.aether.datafixers.benchmarks.codec.PrimitiveCodecBenchmark.decodeFloat":
  0.152 ±(99.9%) 0.002 ops/ns [Average]
  (min, avg, max) = (0.145, 0.152, 0.157), stdev = 0.003
  CI (99.9%): [0.150, 0.154] (assumes normal distribution)


# JMH version: 1.37
# VM version: JDK 17.0.18, OpenJDK 64-Bit Server VM, 17.0.18+8-Ubuntu-122.04.1
# VM invoker: /usr/lib/jvm/java-17-openjdk-amd64/bin/java
# VM options: -Xms4G -Xmx4G -XX:+UseG1GC -XX:+AlwaysPreTouch
# Blackhole mode: compiler (auto-detected, use -Djmh.blackhole.autoDetect=false to disable)
# Warmup: 5 iterations, 1 s each
# Measurement: 10 iterations, 1 s each
# Timeout: 10 min per iteration
# Threads: 1 thread, will synchronize iterations
# Benchmark mode: Throughput, ops/time
# Benchmark: de.splatgames.aether.datafixers.benchmarks.codec.PrimitiveCodecBenchmark.decodeInt

# Run progress: 35.53% complete, ETA 00:38:13
# Fork: 1 of 3
# Warmup Iteration   1: 0.236 ops/ns
# Warmup Iteration   2: 0.235 ops/ns
# Warmup Iteration   3: 0.238 ops/ns
# Warmup Iteration   4: 0.223 ops/ns
# Warmup Iteration   5: 0.229 ops/ns
Iteration   1: 0.235 ops/ns
Iteration   2: 0.238 ops/ns
Iteration   3: 0.240 ops/ns
Iteration   4: 0.239 ops/ns
Iteration   5: 0.238 ops/ns
Iteration   6: 0.237 ops/ns
Iteration   7: 0.240 ops/ns
Iteration   8: 0.234 ops/ns
Iteration   9: 0.237 ops/ns
Iteration  10: 0.242 ops/ns

# Run progress: 35.96% complete, ETA 00:37:57
# Fork: 2 of 3
# Warmup Iteration   1: 0.231 ops/ns
# Warmup Iteration   2: 0.231 ops/ns
# Warmup Iteration   3: 0.236 ops/ns
# Warmup Iteration   4: 0.236 ops/ns
# Warmup Iteration   5: 0.238 ops/ns
Iteration   1: 0.238 ops/ns
Iteration   2: 0.239 ops/ns
Iteration   3: 0.236 ops/ns
Iteration   4: 0.237 ops/ns
Iteration   5: 0.241 ops/ns
Iteration   6: 0.240 ops/ns
Iteration   7: 0.238 ops/ns
Iteration   8: 0.238 ops/ns
Iteration   9: 0.240 ops/ns
Iteration  10: 0.237 ops/ns

# Run progress: 36.40% complete, ETA 00:37:42
# Fork: 3 of 3
# Warmup Iteration   1: 0.233 ops/ns
# Warmup Iteration   2: 0.211 ops/ns
# Warmup Iteration   3: 0.216 ops/ns
# Warmup Iteration   4: 0.227 ops/ns
# Warmup Iteration   5: 0.215 ops/ns
Iteration   1: 0.221 ops/ns
Iteration   2: 0.221 ops/ns
Iteration   3: 0.217 ops/ns
Iteration   4: 0.218 ops/ns
Iteration   5: 0.221 ops/ns
Iteration   6: 0.227 ops/ns
Iteration   7: 0.225 ops/ns
Iteration   8: 0.220 ops/ns
Iteration   9: 0.225 ops/ns
Iteration  10: 0.227 ops/ns


Result "de.splatgames.aether.datafixers.benchmarks.codec.PrimitiveCodecBenchmark.decodeInt":
  0.233 ±(99.9%) 0.005 ops/ns [Average]
  (min, avg, max) = (0.217, 0.233, 0.242), stdev = 0.008
  CI (99.9%): [0.228, 0.238] (assumes normal distribution)


# JMH version: 1.37
# VM version: JDK 17.0.18, OpenJDK 64-Bit Server VM, 17.0.18+8-Ubuntu-122.04.1
# VM invoker: /usr/lib/jvm/java-17-openjdk-amd64/bin/java
# VM options: -Xms4G -Xmx4G -XX:+UseG1GC -XX:+AlwaysPreTouch
# Blackhole mode: compiler (auto-detected, use -Djmh.blackhole.autoDetect=false to disable)
# Warmup: 5 iterations, 1 s each
# Measurement: 10 iterations, 1 s each
# Timeout: 10 min per iteration
# Threads: 1 thread, will synchronize iterations
# Benchmark mode: Throughput, ops/time
# Benchmark: de.splatgames.aether.datafixers.benchmarks.codec.PrimitiveCodecBenchmark.decodeLong

# Run progress: 36.84% complete, ETA 00:37:26
# Fork: 1 of 3
# Warmup Iteration   1: 0.139 ops/ns
# Warmup Iteration   2: 0.141 ops/ns
# Warmup Iteration   3: 0.148 ops/ns
# Warmup Iteration   4: 0.145 ops/ns
# Warmup Iteration   5: 0.146 ops/ns
Iteration   1: 0.146 ops/ns
Iteration   2: 0.148 ops/ns
Iteration   3: 0.147 ops/ns
Iteration   4: 0.147 ops/ns
Iteration   5: 0.149 ops/ns
Iteration   6: 0.148 ops/ns
Iteration   7: 0.147 ops/ns
Iteration   8: 0.148 ops/ns
Iteration   9: 0.149 ops/ns
Iteration  10: 0.149 ops/ns

# Run progress: 37.28% complete, ETA 00:37:11
# Fork: 2 of 3
# Warmup Iteration   1: 0.130 ops/ns
# Warmup Iteration   2: 0.125 ops/ns
# Warmup Iteration   3: 0.144 ops/ns
# Warmup Iteration   4: 0.142 ops/ns
# Warmup Iteration   5: 0.137 ops/ns
Iteration   1: 0.136 ops/ns
Iteration   2: 0.141 ops/ns
Iteration   3: 0.140 ops/ns
Iteration   4: 0.138 ops/ns
Iteration   5: 0.143 ops/ns
Iteration   6: 0.138 ops/ns
Iteration   7: 0.143 ops/ns
Iteration   8: 0.141 ops/ns
Iteration   9: 0.140 ops/ns
Iteration  10: 0.137 ops/ns

# Run progress: 37.72% complete, ETA 00:36:55
# Fork: 3 of 3
# Warmup Iteration   1: 0.128 ops/ns
# Warmup Iteration   2: 0.133 ops/ns
# Warmup Iteration   3: 0.143 ops/ns
# Warmup Iteration   4: 0.142 ops/ns
# Warmup Iteration   5: 0.143 ops/ns
Iteration   1: 0.116 ops/ns
Iteration   2: 0.144 ops/ns
Iteration   3: 0.148 ops/ns
Iteration   4: 0.144 ops/ns
Iteration   5: 0.147 ops/ns
Iteration   6: 0.147 ops/ns
Iteration   7: 0.146 ops/ns
Iteration   8: 0.144 ops/ns
Iteration   9: 0.140 ops/ns
Iteration  10: 0.137 ops/ns


Result "de.splatgames.aether.datafixers.benchmarks.codec.PrimitiveCodecBenchmark.decodeLong":
  0.143 ±(99.9%) 0.004 ops/ns [Average]
  (min, avg, max) = (0.116, 0.143, 0.149), stdev = 0.006
  CI (99.9%): [0.139, 0.147] (assumes normal distribution)


# JMH version: 1.37
# VM version: JDK 17.0.18, OpenJDK 64-Bit Server VM, 17.0.18+8-Ubuntu-122.04.1
# VM invoker: /usr/lib/jvm/java-17-openjdk-amd64/bin/java
# VM options: -Xms4G -Xmx4G -XX:+UseG1GC -XX:+AlwaysPreTouch
# Blackhole mode: compiler (auto-detected, use -Djmh.blackhole.autoDetect=false to disable)
# Warmup: 5 iterations, 1 s each
# Measurement: 10 iterations, 1 s each
# Timeout: 10 min per iteration
# Threads: 1 thread, will synchronize iterations
# Benchmark mode: Throughput, ops/time
# Benchmark: de.splatgames.aether.datafixers.benchmarks.codec.PrimitiveCodecBenchmark.decodeString

# Run progress: 38.16% complete, ETA 00:36:40
# Fork: 1 of 3
# Warmup Iteration   1: 0.204 ops/ns
# Warmup Iteration   2: 0.222 ops/ns
# Warmup Iteration   3: 0.216 ops/ns
# Warmup Iteration   4: 0.221 ops/ns
# Warmup Iteration   5: 0.223 ops/ns
Iteration   1: 0.218 ops/ns
Iteration   2: 0.221 ops/ns
Iteration   3: 0.219 ops/ns
Iteration   4: 0.221 ops/ns
Iteration   5: 0.219 ops/ns
Iteration   6: 0.211 ops/ns
Iteration   7: 0.214 ops/ns
Iteration   8: 0.226 ops/ns
Iteration   9: 0.226 ops/ns
Iteration  10: 0.229 ops/ns

# Run progress: 38.60% complete, ETA 00:36:24
# Fork: 2 of 3
# Warmup Iteration   1: 0.222 ops/ns
# Warmup Iteration   2: 0.226 ops/ns
# Warmup Iteration   3: 0.222 ops/ns
# Warmup Iteration   4: 0.212 ops/ns
# Warmup Iteration   5: 0.223 ops/ns
Iteration   1: 0.221 ops/ns
Iteration   2: 0.216 ops/ns
Iteration   3: 0.205 ops/ns
Iteration   4: 0.214 ops/ns
Iteration   5: 0.205 ops/ns
Iteration   6: 0.208 ops/ns
Iteration   7: 0.219 ops/ns
Iteration   8: 0.216 ops/ns
Iteration   9: 0.215 ops/ns
Iteration  10: 0.222 ops/ns

# Run progress: 39.04% complete, ETA 00:36:09
# Fork: 3 of 3
# Warmup Iteration   1: 0.215 ops/ns
# Warmup Iteration   2: 0.230 ops/ns
# Warmup Iteration   3: 0.226 ops/ns
# Warmup Iteration   4: 0.231 ops/ns
# Warmup Iteration   5: 0.227 ops/ns
Iteration   1: 0.220 ops/ns
Iteration   2: 0.223 ops/ns
Iteration   3: 0.212 ops/ns
Iteration   4: 0.205 ops/ns
Iteration   5: 0.212 ops/ns
Iteration   6: 0.211 ops/ns
Iteration   7: 0.208 ops/ns
Iteration   8: 0.217 ops/ns
Iteration   9: 0.220 ops/ns
Iteration  10: 0.225 ops/ns


Result "de.splatgames.aether.datafixers.benchmarks.codec.PrimitiveCodecBenchmark.decodeString":
  0.217 ±(99.9%) 0.004 ops/ns [Average]
  (min, avg, max) = (0.205, 0.217, 0.229), stdev = 0.007
  CI (99.9%): [0.212, 0.221] (assumes normal distribution)


# JMH version: 1.37
# VM version: JDK 17.0.18, OpenJDK 64-Bit Server VM, 17.0.18+8-Ubuntu-122.04.1
# VM invoker: /usr/lib/jvm/java-17-openjdk-amd64/bin/java
# VM options: -Xms4G -Xmx4G -XX:+UseG1GC -XX:+AlwaysPreTouch
# Blackhole mode: compiler (auto-detected, use -Djmh.blackhole.autoDetect=false to disable)
# Warmup: 5 iterations, 1 s each
# Measurement: 10 iterations, 1 s each
# Timeout: 10 min per iteration
# Threads: 1 thread, will synchronize iterations
# Benchmark mode: Throughput, ops/time
# Benchmark: de.splatgames.aether.datafixers.benchmarks.codec.PrimitiveCodecBenchmark.encodeBool

# Run progress: 39.47% complete, ETA 00:35:53
# Fork: 1 of 3
# Warmup Iteration   1: 0.228 ops/ns
# Warmup Iteration   2: 0.221 ops/ns
# Warmup Iteration   3: 0.246 ops/ns
# Warmup Iteration   4: 0.251 ops/ns
# Warmup Iteration   5: 0.255 ops/ns
Iteration   1: 0.242 ops/ns
Iteration   2: 0.240 ops/ns
Iteration   3: 0.246 ops/ns
Iteration   4: 0.246 ops/ns
Iteration   5: 0.235 ops/ns
Iteration   6: 0.242 ops/ns
Iteration   7: 0.242 ops/ns
Iteration   8: 0.227 ops/ns
Iteration   9: 0.226 ops/ns
Iteration  10: 0.241 ops/ns

# Run progress: 39.91% complete, ETA 00:35:38
# Fork: 2 of 3
# Warmup Iteration   1: 0.219 ops/ns
# Warmup Iteration   2: 0.229 ops/ns
# Warmup Iteration   3: 0.250 ops/ns
# Warmup Iteration   4: 0.251 ops/ns
# Warmup Iteration   5: 0.257 ops/ns
Iteration   1: 0.254 ops/ns
Iteration   2: 0.245 ops/ns
Iteration   3: 0.239 ops/ns
Iteration   4: 0.235 ops/ns
Iteration   5: 0.248 ops/ns
Iteration   6: 0.239 ops/ns
Iteration   7: 0.243 ops/ns
Iteration   8: 0.243 ops/ns
Iteration   9: 0.239 ops/ns
Iteration  10: 0.245 ops/ns

# Run progress: 40.35% complete, ETA 00:35:22
# Fork: 3 of 3
# Warmup Iteration   1: 0.221 ops/ns
# Warmup Iteration   2: 0.222 ops/ns
# Warmup Iteration   3: 0.252 ops/ns
# Warmup Iteration   4: 0.247 ops/ns
# Warmup Iteration   5: 0.253 ops/ns
Iteration   1: 0.255 ops/ns
Iteration   2: 0.246 ops/ns
Iteration   3: 0.242 ops/ns
Iteration   4: 0.239 ops/ns
Iteration   5: 0.246 ops/ns
Iteration   6: 0.244 ops/ns
Iteration   7: 0.237 ops/ns
Iteration   8: 0.240 ops/ns
Iteration   9: 0.233 ops/ns
Iteration  10: 0.232 ops/ns


Result "de.splatgames.aether.datafixers.benchmarks.codec.PrimitiveCodecBenchmark.encodeBool":
  0.241 ±(99.9%) 0.004 ops/ns [Average]
  (min, avg, max) = (0.226, 0.241, 0.255), stdev = 0.007
  CI (99.9%): [0.237, 0.245] (assumes normal distribution)


# JMH version: 1.37
# VM version: JDK 17.0.18, OpenJDK 64-Bit Server VM, 17.0.18+8-Ubuntu-122.04.1
# VM invoker: /usr/lib/jvm/java-17-openjdk-amd64/bin/java
# VM options: -Xms4G -Xmx4G -XX:+UseG1GC -XX:+AlwaysPreTouch
# Blackhole mode: compiler (auto-detected, use -Djmh.blackhole.autoDetect=false to disable)
# Warmup: 5 iterations, 1 s each
# Measurement: 10 iterations, 1 s each
# Timeout: 10 min per iteration
# Threads: 1 thread, will synchronize iterations
# Benchmark mode: Throughput, ops/time
# Benchmark: de.splatgames.aether.datafixers.benchmarks.codec.PrimitiveCodecBenchmark.encodeDouble

# Run progress: 40.79% complete, ETA 00:35:07
# Fork: 1 of 3
# Warmup Iteration   1: 0.150 ops/ns
# Warmup Iteration   2: 0.146 ops/ns
# Warmup Iteration   3: 0.155 ops/ns
# Warmup Iteration   4: 0.151 ops/ns
# Warmup Iteration   5: 0.137 ops/ns
Iteration   1: 0.139 ops/ns
Iteration   2: 0.140 ops/ns
Iteration   3: 0.141 ops/ns
Iteration   4: 0.140 ops/ns
Iteration   5: 0.136 ops/ns
Iteration   6: 0.141 ops/ns
Iteration   7: 0.143 ops/ns
Iteration   8: 0.141 ops/ns
Iteration   9: 0.152 ops/ns
Iteration  10: 0.149 ops/ns

# Run progress: 41.23% complete, ETA 00:34:51
# Fork: 2 of 3
# Warmup Iteration   1: 0.149 ops/ns
# Warmup Iteration   2: 0.152 ops/ns
# Warmup Iteration   3: 0.150 ops/ns
# Warmup Iteration   4: 0.148 ops/ns
# Warmup Iteration   5: 0.147 ops/ns
Iteration   1: 0.152 ops/ns
Iteration   2: 0.152 ops/ns
Iteration   3: 0.151 ops/ns
Iteration   4: 0.152 ops/ns
Iteration   5: 0.144 ops/ns
Iteration   6: 0.148 ops/ns
Iteration   7: 0.156 ops/ns
Iteration   8: 0.153 ops/ns
Iteration   9: 0.157 ops/ns
Iteration  10: 0.156 ops/ns

# Run progress: 41.67% complete, ETA 00:34:36
# Fork: 3 of 3
# Warmup Iteration   1: 0.146 ops/ns
# Warmup Iteration   2: 0.141 ops/ns
# Warmup Iteration   3: 0.148 ops/ns
# Warmup Iteration   4: 0.150 ops/ns
# Warmup Iteration   5: 0.150 ops/ns
Iteration   1: 0.148 ops/ns
Iteration   2: 0.153 ops/ns
Iteration   3: 0.157 ops/ns
Iteration   4: 0.154 ops/ns
Iteration   5: 0.157 ops/ns
Iteration   6: 0.155 ops/ns
Iteration   7: 0.155 ops/ns
Iteration   8: 0.153 ops/ns
Iteration   9: 0.147 ops/ns
Iteration  10: 0.148 ops/ns


Result "de.splatgames.aether.datafixers.benchmarks.codec.PrimitiveCodecBenchmark.encodeDouble":
  0.149 ±(99.9%) 0.004 ops/ns [Average]
  (min, avg, max) = (0.136, 0.149, 0.157), stdev = 0.006
  CI (99.9%): [0.145, 0.153] (assumes normal distribution)


# JMH version: 1.37
# VM version: JDK 17.0.18, OpenJDK 64-Bit Server VM, 17.0.18+8-Ubuntu-122.04.1
# VM invoker: /usr/lib/jvm/java-17-openjdk-amd64/bin/java
# VM options: -Xms4G -Xmx4G -XX:+UseG1GC -XX:+AlwaysPreTouch
# Blackhole mode: compiler (auto-detected, use -Djmh.blackhole.autoDetect=false to disable)
# Warmup: 5 iterations, 1 s each
# Measurement: 10 iterations, 1 s each
# Timeout: 10 min per iteration
# Threads: 1 thread, will synchronize iterations
# Benchmark mode: Throughput, ops/time
# Benchmark: de.splatgames.aether.datafixers.benchmarks.codec.PrimitiveCodecBenchmark.encodeFloat

# Run progress: 42.11% complete, ETA 00:34:20
# Fork: 1 of 3
# Warmup Iteration   1: 0.147 ops/ns
# Warmup Iteration   2: 0.152 ops/ns
# Warmup Iteration   3: 0.155 ops/ns
# Warmup Iteration   4: 0.159 ops/ns
# Warmup Iteration   5: 0.162 ops/ns
Iteration   1: 0.163 ops/ns
Iteration   2: 0.164 ops/ns
Iteration   3: 0.157 ops/ns
Iteration   4: 0.154 ops/ns
Iteration   5: 0.156 ops/ns
Iteration   6: 0.153 ops/ns
Iteration   7: 0.154 ops/ns
Iteration   8: 0.150 ops/ns
Iteration   9: 0.154 ops/ns
Iteration  10: 0.155 ops/ns

# Run progress: 42.54% complete, ETA 00:34:05
# Fork: 2 of 3
# Warmup Iteration   1: 0.157 ops/ns
# Warmup Iteration   2: 0.158 ops/ns
# Warmup Iteration   3: 0.159 ops/ns
# Warmup Iteration   4: 0.160 ops/ns
# Warmup Iteration   5: 0.160 ops/ns
Iteration   1: 0.162 ops/ns
Iteration   2: 0.152 ops/ns
Iteration   3: 0.156 ops/ns
Iteration   4: 0.158 ops/ns
Iteration   5: 0.158 ops/ns
Iteration   6: 0.157 ops/ns
Iteration   7: 0.156 ops/ns
Iteration   8: 0.155 ops/ns
Iteration   9: 0.158 ops/ns
Iteration  10: 0.163 ops/ns

# Run progress: 42.98% complete, ETA 00:33:49
# Fork: 3 of 3
# Warmup Iteration   1: 0.155 ops/ns
# Warmup Iteration   2: 0.158 ops/ns
# Warmup Iteration   3: 0.164 ops/ns
# Warmup Iteration   4: 0.159 ops/ns
# Warmup Iteration   5: 0.157 ops/ns
Iteration   1: 0.153 ops/ns
Iteration   2: 0.151 ops/ns
Iteration   3: 0.156 ops/ns
Iteration   4: 0.146 ops/ns
Iteration   5: 0.155 ops/ns
Iteration   6: 0.155 ops/ns
Iteration   7: 0.158 ops/ns
Iteration   8: 0.160 ops/ns
Iteration   9: 0.161 ops/ns
Iteration  10: 0.162 ops/ns


Result "de.splatgames.aether.datafixers.benchmarks.codec.PrimitiveCodecBenchmark.encodeFloat":
  0.156 ±(99.9%) 0.003 ops/ns [Average]
  (min, avg, max) = (0.146, 0.156, 0.164), stdev = 0.004
  CI (99.9%): [0.154, 0.159] (assumes normal distribution)


# JMH version: 1.37
# VM version: JDK 17.0.18, OpenJDK 64-Bit Server VM, 17.0.18+8-Ubuntu-122.04.1
# VM invoker: /usr/lib/jvm/java-17-openjdk-amd64/bin/java
# VM options: -Xms4G -Xmx4G -XX:+UseG1GC -XX:+AlwaysPreTouch
# Blackhole mode: compiler (auto-detected, use -Djmh.blackhole.autoDetect=false to disable)
# Warmup: 5 iterations, 1 s each
# Measurement: 10 iterations, 1 s each
# Timeout: 10 min per iteration
# Threads: 1 thread, will synchronize iterations
# Benchmark mode: Throughput, ops/time
# Benchmark: de.splatgames.aether.datafixers.benchmarks.codec.PrimitiveCodecBenchmark.encodeInt

# Run progress: 43.42% complete, ETA 00:33:34
# Fork: 1 of 3
# Warmup Iteration   1: 0.226 ops/ns
# Warmup Iteration   2: 0.214 ops/ns
# Warmup Iteration   3: 0.235 ops/ns
# Warmup Iteration   4: 0.242 ops/ns
# Warmup Iteration   5: 0.245 ops/ns
Iteration   1: 0.246 ops/ns
Iteration   2: 0.248 ops/ns
Iteration   3: 0.244 ops/ns
Iteration   4: 0.245 ops/ns
Iteration   5: 0.242 ops/ns
Iteration   6: 0.246 ops/ns
Iteration   7: 0.251 ops/ns
Iteration   8: 0.255 ops/ns
Iteration   9: 0.248 ops/ns
Iteration  10: 0.249 ops/ns

# Run progress: 43.86% complete, ETA 00:33:18
# Fork: 2 of 3
# Warmup Iteration   1: 0.217 ops/ns
# Warmup Iteration   2: 0.240 ops/ns
# Warmup Iteration   3: 0.261 ops/ns
# Warmup Iteration   4: 0.264 ops/ns
# Warmup Iteration   5: 0.267 ops/ns
Iteration   1: 0.264 ops/ns
Iteration   2: 0.267 ops/ns
Iteration   3: 0.266 ops/ns
Iteration   4: 0.249 ops/ns
Iteration   5: 0.253 ops/ns
Iteration   6: 0.250 ops/ns
Iteration   7: 0.248 ops/ns
Iteration   8: 0.249 ops/ns
Iteration   9: 0.231 ops/ns
Iteration  10: 0.248 ops/ns

# Run progress: 44.30% complete, ETA 00:33:02
# Fork: 3 of 3
# Warmup Iteration   1: 0.218 ops/ns
# Warmup Iteration   2: 0.226 ops/ns
# Warmup Iteration   3: 0.251 ops/ns
# Warmup Iteration   4: 0.246 ops/ns
# Warmup Iteration   5: 0.244 ops/ns
Iteration   1: 0.253 ops/ns
Iteration   2: 0.250 ops/ns
Iteration   3: 0.252 ops/ns
Iteration   4: 0.251 ops/ns
Iteration   5: 0.250 ops/ns
Iteration   6: 0.247 ops/ns
Iteration   7: 0.250 ops/ns
Iteration   8: 0.248 ops/ns
Iteration   9: 0.250 ops/ns
Iteration  10: 0.241 ops/ns


Result "de.splatgames.aether.datafixers.benchmarks.codec.PrimitiveCodecBenchmark.encodeInt":
  0.250 ±(99.9%) 0.005 ops/ns [Average]
  (min, avg, max) = (0.231, 0.250, 0.267), stdev = 0.007
  CI (99.9%): [0.245, 0.254] (assumes normal distribution)


# JMH version: 1.37
# VM version: JDK 17.0.18, OpenJDK 64-Bit Server VM, 17.0.18+8-Ubuntu-122.04.1
# VM invoker: /usr/lib/jvm/java-17-openjdk-amd64/bin/java
# VM options: -Xms4G -Xmx4G -XX:+UseG1GC -XX:+AlwaysPreTouch
# Blackhole mode: compiler (auto-detected, use -Djmh.blackhole.autoDetect=false to disable)
# Warmup: 5 iterations, 1 s each
# Measurement: 10 iterations, 1 s each
# Timeout: 10 min per iteration
# Threads: 1 thread, will synchronize iterations
# Benchmark mode: Throughput, ops/time
# Benchmark: de.splatgames.aether.datafixers.benchmarks.codec.PrimitiveCodecBenchmark.encodeLong

# Run progress: 44.74% complete, ETA 00:32:47
# Fork: 1 of 3
# Warmup Iteration   1: 0.151 ops/ns
# Warmup Iteration   2: 0.146 ops/ns
# Warmup Iteration   3: 0.153 ops/ns
# Warmup Iteration   4: 0.150 ops/ns
# Warmup Iteration   5: 0.145 ops/ns
Iteration   1: 0.155 ops/ns
Iteration   2: 0.144 ops/ns
Iteration   3: 0.145 ops/ns
Iteration   4: 0.145 ops/ns
Iteration   5: 0.147 ops/ns
Iteration   6: 0.144 ops/ns
Iteration   7: 0.146 ops/ns
Iteration   8: 0.145 ops/ns
Iteration   9: 0.147 ops/ns
Iteration  10: 0.149 ops/ns

# Run progress: 45.18% complete, ETA 00:32:31
# Fork: 2 of 3
# Warmup Iteration   1: 0.148 ops/ns
# Warmup Iteration   2: 0.145 ops/ns
# Warmup Iteration   3: 0.141 ops/ns
# Warmup Iteration   4: 0.144 ops/ns
# Warmup Iteration   5: 0.147 ops/ns
Iteration   1: 0.144 ops/ns
Iteration   2: 0.146 ops/ns
Iteration   3: 0.152 ops/ns
Iteration   4: 0.152 ops/ns
Iteration   5: 0.148 ops/ns
Iteration   6: 0.151 ops/ns
Iteration   7: 0.151 ops/ns
Iteration   8: 0.150 ops/ns
Iteration   9: 0.150 ops/ns
Iteration  10: 0.147 ops/ns

# Run progress: 45.61% complete, ETA 00:32:16
# Fork: 3 of 3
# Warmup Iteration   1: 0.155 ops/ns
# Warmup Iteration   2: 0.148 ops/ns
# Warmup Iteration   3: 0.151 ops/ns
# Warmup Iteration   4: 0.151 ops/ns
# Warmup Iteration   5: 0.152 ops/ns
Iteration   1: 0.151 ops/ns
Iteration   2: 0.147 ops/ns
Iteration   3: 0.143 ops/ns
Iteration   4: 0.151 ops/ns
Iteration   5: 0.145 ops/ns
Iteration   6: 0.143 ops/ns
Iteration   7: 0.145 ops/ns
Iteration   8: 0.142 ops/ns
Iteration   9: 0.147 ops/ns
Iteration  10: 0.146 ops/ns


Result "de.splatgames.aether.datafixers.benchmarks.codec.PrimitiveCodecBenchmark.encodeLong":
  0.147 ±(99.9%) 0.002 ops/ns [Average]
  (min, avg, max) = (0.142, 0.147, 0.155), stdev = 0.003
  CI (99.9%): [0.145, 0.149] (assumes normal distribution)


# JMH version: 1.37
# VM version: JDK 17.0.18, OpenJDK 64-Bit Server VM, 17.0.18+8-Ubuntu-122.04.1
# VM invoker: /usr/lib/jvm/java-17-openjdk-amd64/bin/java
# VM options: -Xms4G -Xmx4G -XX:+UseG1GC -XX:+AlwaysPreTouch
# Blackhole mode: compiler (auto-detected, use -Djmh.blackhole.autoDetect=false to disable)
# Warmup: 5 iterations, 1 s each
# Measurement: 10 iterations, 1 s each
# Timeout: 10 min per iteration
# Threads: 1 thread, will synchronize iterations
# Benchmark mode: Throughput, ops/time
# Benchmark: de.splatgames.aether.datafixers.benchmarks.codec.PrimitiveCodecBenchmark.encodeString

# Run progress: 46.05% complete, ETA 00:32:00
# Fork: 1 of 3
# Warmup Iteration   1: 0.209 ops/ns
# Warmup Iteration   2: 0.221 ops/ns
# Warmup Iteration   3: 0.253 ops/ns
# Warmup Iteration   4: 0.257 ops/ns
# Warmup Iteration   5: 0.261 ops/ns
Iteration   1: 0.260 ops/ns
Iteration   2: 0.254 ops/ns
Iteration   3: 0.249 ops/ns
Iteration   4: 0.254 ops/ns
Iteration   5: 0.260 ops/ns
Iteration   6: 0.267 ops/ns
Iteration   7: 0.271 ops/ns
Iteration   8: 0.266 ops/ns
Iteration   9: 0.268 ops/ns
Iteration  10: 0.255 ops/ns

# Run progress: 46.49% complete, ETA 00:31:45
# Fork: 2 of 3
# Warmup Iteration   1: 0.229 ops/ns
# Warmup Iteration   2: 0.225 ops/ns
# Warmup Iteration   3: 0.242 ops/ns
# Warmup Iteration   4: 0.244 ops/ns
# Warmup Iteration   5: 0.223 ops/ns
Iteration   1: 0.235 ops/ns
Iteration   2: 0.234 ops/ns
Iteration   3: 0.240 ops/ns
Iteration   4: 0.233 ops/ns
Iteration   5: 0.233 ops/ns
Iteration   6: 0.237 ops/ns
Iteration   7: 0.242 ops/ns
Iteration   8: 0.245 ops/ns
Iteration   9: 0.254 ops/ns
Iteration  10: 0.271 ops/ns

# Run progress: 46.93% complete, ETA 00:31:29
# Fork: 3 of 3
# Warmup Iteration   1: 0.241 ops/ns
# Warmup Iteration   2: 0.246 ops/ns
# Warmup Iteration   3: 0.266 ops/ns
# Warmup Iteration   4: 0.252 ops/ns
# Warmup Iteration   5: 0.261 ops/ns
Iteration   1: 0.253 ops/ns
Iteration   2: 0.257 ops/ns
Iteration   3: 0.259 ops/ns
Iteration   4: 0.256 ops/ns
Iteration   5: 0.259 ops/ns
Iteration   6: 0.262 ops/ns
Iteration   7: 0.265 ops/ns
Iteration   8: 0.265 ops/ns
Iteration   9: 0.268 ops/ns
Iteration  10: 0.267 ops/ns


Result "de.splatgames.aether.datafixers.benchmarks.codec.PrimitiveCodecBenchmark.encodeString":
  0.255 ±(99.9%) 0.008 ops/ns [Average]
  (min, avg, max) = (0.233, 0.255, 0.271), stdev = 0.012
  CI (99.9%): [0.247, 0.263] (assumes normal distribution)


# JMH version: 1.37
# VM version: JDK 17.0.18, OpenJDK 64-Bit Server VM, 17.0.18+8-Ubuntu-122.04.1
# VM invoker: /usr/lib/jvm/java-17-openjdk-amd64/bin/java
# VM options: -Xms4G -Xmx4G -XX:+UseG1GC -XX:+AlwaysPreTouch
# Blackhole mode: compiler (auto-detected, use -Djmh.blackhole.autoDetect=false to disable)
# Warmup: 5 iterations, 1 s each
# Measurement: 10 iterations, 1 s each
# Timeout: 10 min per iteration
# Threads: 1 thread, will synchronize iterations
# Benchmark mode: Throughput, ops/time
# Benchmark: de.splatgames.aether.datafixers.benchmarks.codec.PrimitiveCodecBenchmark.roundTripIntDirect

# Run progress: 47.37% complete, ETA 00:31:14
# Fork: 1 of 3
# Warmup Iteration   1: 0.189 ops/ns
# Warmup Iteration   2: 0.210 ops/ns
# Warmup Iteration   3: 0.209 ops/ns
# Warmup Iteration   4: 0.213 ops/ns
# Warmup Iteration   5: 0.212 ops/ns
Iteration   1: 0.214 ops/ns
Iteration   2: 0.189 ops/ns
Iteration   3: 0.201 ops/ns
Iteration   4: 0.203 ops/ns
Iteration   5: 0.206 ops/ns
Iteration   6: 0.191 ops/ns
Iteration   7: 0.204 ops/ns
Iteration   8: 0.204 ops/ns
Iteration   9: 0.202 ops/ns
Iteration  10: 0.194 ops/ns

# Run progress: 47.81% complete, ETA 00:30:58
# Fork: 2 of 3
# Warmup Iteration   1: 0.200 ops/ns
# Warmup Iteration   2: 0.201 ops/ns
# Warmup Iteration   3: 0.203 ops/ns
# Warmup Iteration   4: 0.199 ops/ns
# Warmup Iteration   5: 0.192 ops/ns
Iteration   1: 0.213 ops/ns
Iteration   2: 0.206 ops/ns
Iteration   3: 0.213 ops/ns
Iteration   4: 0.212 ops/ns
Iteration   5: 0.210 ops/ns
Iteration   6: 0.203 ops/ns
Iteration   7: 0.202 ops/ns
Iteration   8: 0.201 ops/ns
Iteration   9: 0.201 ops/ns
Iteration  10: 0.198 ops/ns

# Run progress: 48.25% complete, ETA 00:30:43
# Fork: 3 of 3
# Warmup Iteration   1: 0.197 ops/ns
# Warmup Iteration   2: 0.191 ops/ns
# Warmup Iteration   3: 0.189 ops/ns
# Warmup Iteration   4: 0.198 ops/ns
# Warmup Iteration   5: 0.197 ops/ns
Iteration   1: 0.196 ops/ns
Iteration   2: 0.201 ops/ns
Iteration   3: 0.209 ops/ns
Iteration   4: 0.208 ops/ns
Iteration   5: 0.211 ops/ns
Iteration   6: 0.215 ops/ns
Iteration   7: 0.217 ops/ns
Iteration   8: 0.213 ops/ns
Iteration   9: 0.210 ops/ns
Iteration  10: 0.206 ops/ns


Result "de.splatgames.aether.datafixers.benchmarks.codec.PrimitiveCodecBenchmark.roundTripIntDirect":
  0.205 ±(99.9%) 0.005 ops/ns [Average]
  (min, avg, max) = (0.189, 0.205, 0.217), stdev = 0.007
  CI (99.9%): [0.200, 0.210] (assumes normal distribution)


# JMH version: 1.37
# VM version: JDK 17.0.18, OpenJDK 64-Bit Server VM, 17.0.18+8-Ubuntu-122.04.1
# VM invoker: /usr/lib/jvm/java-17-openjdk-amd64/bin/java
# VM options: -Xms4G -Xmx4G -XX:+UseG1GC -XX:+AlwaysPreTouch
# Blackhole mode: compiler (auto-detected, use -Djmh.blackhole.autoDetect=false to disable)
# Warmup: 5 iterations, 1 s each
# Measurement: 10 iterations, 1 s each
# Timeout: 10 min per iteration
# Threads: 1 thread, will synchronize iterations
# Benchmark mode: Throughput, ops/time
# Benchmark: de.splatgames.aether.datafixers.benchmarks.codec.PrimitiveCodecBenchmark.roundTripStringDirect

# Run progress: 48.68% complete, ETA 00:30:27
# Fork: 1 of 3
# Warmup Iteration   1: 0.357 ops/ns
# Warmup Iteration   2: 0.377 ops/ns
# Warmup Iteration   3: 0.397 ops/ns
# Warmup Iteration   4: 0.392 ops/ns
# Warmup Iteration   5: 0.384 ops/ns
Iteration   1: 0.391 ops/ns
Iteration   2: 0.392 ops/ns
Iteration   3: 0.398 ops/ns
Iteration   4: 0.391 ops/ns
Iteration   5: 0.386 ops/ns
Iteration   6: 0.395 ops/ns
Iteration   7: 0.396 ops/ns
Iteration   8: 0.388 ops/ns
Iteration   9: 0.391 ops/ns
Iteration  10: 0.380 ops/ns

# Run progress: 49.12% complete, ETA 00:30:11
# Fork: 2 of 3
# Warmup Iteration   1: 0.372 ops/ns
# Warmup Iteration   2: 0.389 ops/ns
# Warmup Iteration   3: 0.400 ops/ns
# Warmup Iteration   4: 0.396 ops/ns
# Warmup Iteration   5: 0.399 ops/ns
Iteration   1: 0.371 ops/ns
Iteration   2: 0.368 ops/ns
Iteration   3: 0.377 ops/ns
Iteration   4: 0.382 ops/ns
Iteration   5: 0.377 ops/ns
Iteration   6: 0.386 ops/ns
Iteration   7: 0.377 ops/ns
Iteration   8: 0.390 ops/ns
Iteration   9: 0.394 ops/ns
Iteration  10: 0.367 ops/ns

# Run progress: 49.56% complete, ETA 00:29:56
# Fork: 3 of 3
# Warmup Iteration   1: 0.343 ops/ns
# Warmup Iteration   2: 0.350 ops/ns
# Warmup Iteration   3: 0.375 ops/ns
# Warmup Iteration   4: 0.386 ops/ns
# Warmup Iteration   5: 0.393 ops/ns
Iteration   1: 0.394 ops/ns
Iteration   2: 0.398 ops/ns
Iteration   3: 0.405 ops/ns
Iteration   4: 0.409 ops/ns
Iteration   5: 0.395 ops/ns
Iteration   6: 0.353 ops/ns
Iteration   7: 0.367 ops/ns
Iteration   8: 0.376 ops/ns
Iteration   9: 0.374 ops/ns
Iteration  10: 0.380 ops/ns


Result "de.splatgames.aether.datafixers.benchmarks.codec.PrimitiveCodecBenchmark.roundTripStringDirect":
  0.385 ±(99.9%) 0.008 ops/ns [Average]
  (min, avg, max) = (0.353, 0.385, 0.409), stdev = 0.013
  CI (99.9%): [0.377, 0.393] (assumes normal distribution)


# JMH version: 1.37
# VM version: JDK 17.0.18, OpenJDK 64-Bit Server VM, 17.0.18+8-Ubuntu-122.04.1
# VM invoker: /usr/lib/jvm/java-17-openjdk-amd64/bin/java
# VM options: -Xms4G -Xmx4G -XX:+UseG1GC -XX:+AlwaysPreTouch
# Blackhole mode: compiler (auto-detected, use -Djmh.blackhole.autoDetect=false to disable)
# Warmup: 5 iterations, 1 s each
# Measurement: 10 iterations, 1 s each
# Timeout: 10 min per iteration
# Threads: 1 thread, will synchronize iterations
# Benchmark mode: Average time, time/op
# Benchmark: de.splatgames.aether.datafixers.benchmarks.codec.CollectionCodecBenchmark.decodeIntList
# Parameters: (listSize = 10)

# Run progress: 50.00% complete, ETA 00:29:40
# Fork: 1 of 3
# Warmup Iteration   1: 0.083 us/op
# Warmup Iteration   2: 0.078 us/op
# Warmup Iteration   3: 0.074 us/op
# Warmup Iteration   4: 0.076 us/op
# Warmup Iteration   5: 0.077 us/op
Iteration   1: 0.076 us/op
Iteration   2: 0.074 us/op
Iteration   3: 0.073 us/op
Iteration   4: 0.073 us/op
Iteration   5: 0.074 us/op
Iteration   6: 0.075 us/op
Iteration   7: 0.077 us/op
Iteration   8: 0.077 us/op
Iteration   9: 0.077 us/op
Iteration  10: 0.077 us/op

# Run progress: 50.44% complete, ETA 00:29:25
# Fork: 2 of 3
# Warmup Iteration   1: 0.085 us/op
# Warmup Iteration   2: 0.081 us/op
# Warmup Iteration   3: 0.078 us/op
# Warmup Iteration   4: 0.079 us/op
# Warmup Iteration   5: 0.078 us/op
Iteration   1: 0.078 us/op
Iteration   2: 0.078 us/op
Iteration   3: 0.078 us/op
Iteration   4: 0.078 us/op
Iteration   5: 0.076 us/op
Iteration   6: 0.077 us/op
Iteration   7: 0.076 us/op
Iteration   8: 0.078 us/op
Iteration   9: 0.079 us/op
Iteration  10: 0.078 us/op

# Run progress: 50.88% complete, ETA 00:29:09
# Fork: 3 of 3
# Warmup Iteration   1: 0.081 us/op
# Warmup Iteration   2: 0.079 us/op
# Warmup Iteration   3: 0.080 us/op
# Warmup Iteration   4: 0.081 us/op
# Warmup Iteration   5: 0.076 us/op
Iteration   1: 0.079 us/op
Iteration   2: 0.075 us/op
Iteration   3: 0.076 us/op
Iteration   4: 0.079 us/op
Iteration   5: 0.074 us/op
Iteration   6: 0.074 us/op
Iteration   7: 0.074 us/op
Iteration   8: 0.073 us/op
Iteration   9: 0.072 us/op
Iteration  10: 0.075 us/op


Result "de.splatgames.aether.datafixers.benchmarks.codec.CollectionCodecBenchmark.decodeIntList":
  0.076 ±(99.9%) 0.001 us/op [Average]
  (min, avg, max) = (0.072, 0.076, 0.079), stdev = 0.002
  CI (99.9%): [0.075, 0.077] (assumes normal distribution)


# JMH version: 1.37
# VM version: JDK 17.0.18, OpenJDK 64-Bit Server VM, 17.0.18+8-Ubuntu-122.04.1
# VM invoker: /usr/lib/jvm/java-17-openjdk-amd64/bin/java
# VM options: -Xms4G -Xmx4G -XX:+UseG1GC -XX:+AlwaysPreTouch
# Blackhole mode: compiler (auto-detected, use -Djmh.blackhole.autoDetect=false to disable)
# Warmup: 5 iterations, 1 s each
# Measurement: 10 iterations, 1 s each
# Timeout: 10 min per iteration
# Threads: 1 thread, will synchronize iterations
# Benchmark mode: Average time, time/op
# Benchmark: de.splatgames.aether.datafixers.benchmarks.codec.CollectionCodecBenchmark.decodeIntList
# Parameters: (listSize = 100)

# Run progress: 51.32% complete, ETA 00:28:54
# Fork: 1 of 3
# Warmup Iteration   1: 0.699 us/op
# Warmup Iteration   2: 0.647 us/op
# Warmup Iteration   3: 0.634 us/op
# Warmup Iteration   4: 0.634 us/op
# Warmup Iteration   5: 0.641 us/op
Iteration   1: 0.633 us/op
Iteration   2: 0.640 us/op
Iteration   3: 0.637 us/op
Iteration   4: 0.645 us/op
Iteration   5: 0.662 us/op
Iteration   6: 0.626 us/op
Iteration   7: 0.614 us/op
Iteration   8: 0.625 us/op
Iteration   9: 0.640 us/op
Iteration  10: 0.623 us/op

# Run progress: 51.75% complete, ETA 00:28:38
# Fork: 2 of 3
# Warmup Iteration   1: 0.722 us/op
# Warmup Iteration   2: 0.625 us/op
# Warmup Iteration   3: 0.629 us/op
# Warmup Iteration   4: 0.660 us/op
# Warmup Iteration   5: 0.673 us/op
Iteration   1: 0.658 us/op
Iteration   2: 0.619 us/op
Iteration   3: 0.631 us/op
Iteration   4: 0.616 us/op
Iteration   5: 0.607 us/op
Iteration   6: 0.606 us/op
Iteration   7: 0.602 us/op
Iteration   8: 0.581 us/op
Iteration   9: 0.589 us/op
Iteration  10: 0.593 us/op

# Run progress: 52.19% complete, ETA 00:28:23
# Fork: 3 of 3
# Warmup Iteration   1: 0.678 us/op
# Warmup Iteration   2: 0.634 us/op
# Warmup Iteration   3: 0.633 us/op
# Warmup Iteration   4: 0.632 us/op
# Warmup Iteration   5: 0.632 us/op
Iteration   1: 0.648 us/op
Iteration   2: 0.629 us/op
Iteration   3: 0.633 us/op
Iteration   4: 0.650 us/op
Iteration   5: 0.641 us/op
Iteration   6: 0.654 us/op
Iteration   7: 0.633 us/op
Iteration   8: 0.638 us/op
Iteration   9: 0.648 us/op
Iteration  10: 0.648 us/op


Result "de.splatgames.aether.datafixers.benchmarks.codec.CollectionCodecBenchmark.decodeIntList":
  0.629 ±(99.9%) 0.014 us/op [Average]
  (min, avg, max) = (0.581, 0.629, 0.662), stdev = 0.021
  CI (99.9%): [0.615, 0.643] (assumes normal distribution)


# JMH version: 1.37
# VM version: JDK 17.0.18, OpenJDK 64-Bit Server VM, 17.0.18+8-Ubuntu-122.04.1
# VM invoker: /usr/lib/jvm/java-17-openjdk-amd64/bin/java
# VM options: -Xms4G -Xmx4G -XX:+UseG1GC -XX:+AlwaysPreTouch
# Blackhole mode: compiler (auto-detected, use -Djmh.blackhole.autoDetect=false to disable)
# Warmup: 5 iterations, 1 s each
# Measurement: 10 iterations, 1 s each
# Timeout: 10 min per iteration
# Threads: 1 thread, will synchronize iterations
# Benchmark mode: Average time, time/op
# Benchmark: de.splatgames.aether.datafixers.benchmarks.codec.CollectionCodecBenchmark.decodeIntList
# Parameters: (listSize = 1000)

# Run progress: 52.63% complete, ETA 00:28:07
# Fork: 1 of 3
# Warmup Iteration   1: 17.113 us/op
# Warmup Iteration   2: 7.747 us/op
# Warmup Iteration   3: 7.529 us/op
# Warmup Iteration   4: 7.322 us/op
# Warmup Iteration   5: 7.459 us/op
Iteration   1: 7.541 us/op
Iteration   2: 7.862 us/op
Iteration   3: 7.598 us/op
Iteration   4: 7.493 us/op
Iteration   5: 7.539 us/op
Iteration   6: 8.063 us/op
Iteration   7: 7.350 us/op
Iteration   8: 7.715 us/op
Iteration   9: 7.497 us/op
Iteration  10: 7.498 us/op

# Run progress: 53.07% complete, ETA 00:27:51
# Fork: 2 of 3
# Warmup Iteration   1: 13.142 us/op
# Warmup Iteration   2: 7.438 us/op
# Warmup Iteration   3: 7.522 us/op
# Warmup Iteration   4: 7.543 us/op
# Warmup Iteration   5: 7.629 us/op
Iteration   1: 7.507 us/op
Iteration   2: 7.522 us/op
Iteration   3: 7.487 us/op
Iteration   4: 7.513 us/op
Iteration   5: 7.487 us/op
Iteration   6: 7.607 us/op
Iteration   7: 7.433 us/op
Iteration   8: 7.226 us/op
Iteration   9: 7.259 us/op
Iteration  10: 7.315 us/op

# Run progress: 53.51% complete, ETA 00:27:36
# Fork: 3 of 3
# Warmup Iteration   1: 13.275 us/op
# Warmup Iteration   2: 7.586 us/op
# Warmup Iteration   3: 7.696 us/op
# Warmup Iteration   4: 7.501 us/op
# Warmup Iteration   5: 7.605 us/op
Iteration   1: 7.583 us/op
Iteration   2: 7.900 us/op
Iteration   3: 7.630 us/op
Iteration   4: 7.570 us/op
Iteration   5: 7.605 us/op
Iteration   6: 7.524 us/op
Iteration   7: 7.741 us/op
Iteration   8: 7.695 us/op
Iteration   9: 7.459 us/op
Iteration  10: 7.452 us/op


Result "de.splatgames.aether.datafixers.benchmarks.codec.CollectionCodecBenchmark.decodeIntList":
  7.556 ±(99.9%) 0.119 us/op [Average]
  (min, avg, max) = (7.226, 7.556, 8.063), stdev = 0.178
  CI (99.9%): [7.437, 7.675] (assumes normal distribution)


# JMH version: 1.37
# VM version: JDK 17.0.18, OpenJDK 64-Bit Server VM, 17.0.18+8-Ubuntu-122.04.1
# VM invoker: /usr/lib/jvm/java-17-openjdk-amd64/bin/java
# VM options: -Xms4G -Xmx4G -XX:+UseG1GC -XX:+AlwaysPreTouch
# Blackhole mode: compiler (auto-detected, use -Djmh.blackhole.autoDetect=false to disable)
# Warmup: 5 iterations, 1 s each
# Measurement: 10 iterations, 1 s each
# Timeout: 10 min per iteration
# Threads: 1 thread, will synchronize iterations
# Benchmark mode: Average time, time/op
# Benchmark: de.splatgames.aether.datafixers.benchmarks.codec.CollectionCodecBenchmark.decodeStringList
# Parameters: (listSize = 10)

# Run progress: 53.95% complete, ETA 00:27:20
# Fork: 1 of 3
# Warmup Iteration   1: 0.064 us/op
# Warmup Iteration   2: 0.059 us/op
# Warmup Iteration   3: 0.067 us/op
# Warmup Iteration   4: 0.061 us/op
# Warmup Iteration   5: 0.058 us/op
Iteration   1: 0.058 us/op
Iteration   2: 0.057 us/op
Iteration   3: 0.058 us/op
Iteration   4: 0.057 us/op
Iteration   5: 0.065 us/op
Iteration   6: 0.065 us/op
Iteration   7: 0.063 us/op
Iteration   8: 0.064 us/op
Iteration   9: 0.062 us/op
Iteration  10: 0.063 us/op

# Run progress: 54.39% complete, ETA 00:27:05
# Fork: 2 of 3
# Warmup Iteration   1: 0.064 us/op
# Warmup Iteration   2: 0.059 us/op
# Warmup Iteration   3: 0.060 us/op
# Warmup Iteration   4: 0.060 us/op
# Warmup Iteration   5: 0.059 us/op
Iteration   1: 0.060 us/op
Iteration   2: 0.059 us/op
Iteration   3: 0.060 us/op
Iteration   4: 0.059 us/op
Iteration   5: 0.061 us/op
Iteration   6: 0.060 us/op
Iteration   7: 0.059 us/op
Iteration   8: 0.057 us/op
Iteration   9: 0.057 us/op
Iteration  10: 0.057 us/op

# Run progress: 54.82% complete, ETA 00:26:49
# Fork: 3 of 3
# Warmup Iteration   1: 0.064 us/op
# Warmup Iteration   2: 0.058 us/op
# Warmup Iteration   3: 0.058 us/op
# Warmup Iteration   4: 0.062 us/op
# Warmup Iteration   5: 0.061 us/op
Iteration   1: 0.059 us/op
Iteration   2: 0.058 us/op
Iteration   3: 0.058 us/op
Iteration   4: 0.063 us/op
Iteration   5: 0.058 us/op
Iteration   6: 0.059 us/op
Iteration   7: 0.058 us/op
Iteration   8: 0.058 us/op
Iteration   9: 0.060 us/op
Iteration  10: 0.063 us/op


Result "de.splatgames.aether.datafixers.benchmarks.codec.CollectionCodecBenchmark.decodeStringList":
  0.060 ±(99.9%) 0.002 us/op [Average]
  (min, avg, max) = (0.057, 0.060, 0.065), stdev = 0.002
  CI (99.9%): [0.058, 0.061] (assumes normal distribution)


# JMH version: 1.37
# VM version: JDK 17.0.18, OpenJDK 64-Bit Server VM, 17.0.18+8-Ubuntu-122.04.1
# VM invoker: /usr/lib/jvm/java-17-openjdk-amd64/bin/java
# VM options: -Xms4G -Xmx4G -XX:+UseG1GC -XX:+AlwaysPreTouch
# Blackhole mode: compiler (auto-detected, use -Djmh.blackhole.autoDetect=false to disable)
# Warmup: 5 iterations, 1 s each
# Measurement: 10 iterations, 1 s each
# Timeout: 10 min per iteration
# Threads: 1 thread, will synchronize iterations
# Benchmark mode: Average time, time/op
# Benchmark: de.splatgames.aether.datafixers.benchmarks.codec.CollectionCodecBenchmark.decodeStringList
# Parameters: (listSize = 100)

# Run progress: 55.26% complete, ETA 00:26:33
# Fork: 1 of 3
# Warmup Iteration   1: 0.485 us/op
# Warmup Iteration   2: 0.455 us/op
# Warmup Iteration   3: 0.451 us/op
# Warmup Iteration   4: 0.452 us/op
# Warmup Iteration   5: 0.448 us/op
Iteration   1: 0.445 us/op
Iteration   2: 0.447 us/op
Iteration   3: 0.450 us/op
Iteration   4: 0.435 us/op
Iteration   5: 0.431 us/op
Iteration   6: 0.434 us/op
Iteration   7: 0.437 us/op
Iteration   8: 0.437 us/op
Iteration   9: 0.452 us/op
Iteration  10: 0.451 us/op

# Run progress: 55.70% complete, ETA 00:26:18
# Fork: 2 of 3
# Warmup Iteration   1: 0.502 us/op
# Warmup Iteration   2: 0.455 us/op
# Warmup Iteration   3: 0.456 us/op
# Warmup Iteration   4: 0.453 us/op
# Warmup Iteration   5: 0.451 us/op
Iteration   1: 0.450 us/op
Iteration   2: 0.463 us/op
Iteration   3: 0.455 us/op
Iteration   4: 0.445 us/op
Iteration   5: 0.460 us/op
Iteration   6: 0.447 us/op
Iteration   7: 0.454 us/op
Iteration   8: 0.457 us/op
Iteration   9: 0.459 us/op
Iteration  10: 0.453 us/op

# Run progress: 56.14% complete, ETA 00:26:02
# Fork: 3 of 3
# Warmup Iteration   1: 0.487 us/op
# Warmup Iteration   2: 0.452 us/op
# Warmup Iteration   3: 0.470 us/op
# Warmup Iteration   4: 0.468 us/op
# Warmup Iteration   5: 0.453 us/op
Iteration   1: 0.449 us/op
Iteration   2: 0.470 us/op
Iteration   3: 0.442 us/op
Iteration   4: 0.436 us/op
Iteration   5: 0.438 us/op
Iteration   6: 0.438 us/op
Iteration   7: 0.442 us/op
Iteration   8: 0.451 us/op
Iteration   9: 0.458 us/op
Iteration  10: 0.448 us/op


Result "de.splatgames.aether.datafixers.benchmarks.codec.CollectionCodecBenchmark.decodeStringList":
  0.448 ±(99.9%) 0.006 us/op [Average]
  (min, avg, max) = (0.431, 0.448, 0.470), stdev = 0.010
  CI (99.9%): [0.441, 0.454] (assumes normal distribution)


# JMH version: 1.37
# VM version: JDK 17.0.18, OpenJDK 64-Bit Server VM, 17.0.18+8-Ubuntu-122.04.1
# VM invoker: /usr/lib/jvm/java-17-openjdk-amd64/bin/java
# VM options: -Xms4G -Xmx4G -XX:+UseG1GC -XX:+AlwaysPreTouch
# Blackhole mode: compiler (auto-detected, use -Djmh.blackhole.autoDetect=false to disable)
# Warmup: 5 iterations, 1 s each
# Measurement: 10 iterations, 1 s each
# Timeout: 10 min per iteration
# Threads: 1 thread, will synchronize iterations
# Benchmark mode: Average time, time/op
# Benchmark: de.splatgames.aether.datafixers.benchmarks.codec.CollectionCodecBenchmark.decodeStringList
# Parameters: (listSize = 1000)

# Run progress: 56.58% complete, ETA 00:25:47
# Fork: 1 of 3
# Warmup Iteration   1: 10.348 us/op
# Warmup Iteration   2: 5.111 us/op
# Warmup Iteration   3: 4.816 us/op
# Warmup Iteration   4: 4.727 us/op
# Warmup Iteration   5: 4.821 us/op
Iteration   1: 4.639 us/op
Iteration   2: 4.864 us/op
Iteration   3: 4.653 us/op
Iteration   4: 4.620 us/op
Iteration   5: 4.670 us/op
Iteration   6: 4.699 us/op
Iteration   7: 4.571 us/op
Iteration   8: 4.646 us/op
Iteration   9: 4.529 us/op
Iteration  10: 4.644 us/op

# Run progress: 57.02% complete, ETA 00:25:31
# Fork: 2 of 3
# Warmup Iteration   1: 9.975 us/op
# Warmup Iteration   2: 5.108 us/op
# Warmup Iteration   3: 4.680 us/op
# Warmup Iteration   4: 4.798 us/op
# Warmup Iteration   5: 5.075 us/op
Iteration   1: 4.940 us/op
Iteration   2: 4.547 us/op
Iteration   3: 4.568 us/op
Iteration   4: 4.525 us/op
Iteration   5: 4.428 us/op
Iteration   6: 4.472 us/op
Iteration   7: 4.546 us/op
Iteration   8: 4.457 us/op
Iteration   9: 4.559 us/op
Iteration  10: 4.552 us/op

# Run progress: 57.46% complete, ETA 00:25:16
# Fork: 3 of 3
# Warmup Iteration   1: 11.281 us/op
# Warmup Iteration   2: 4.919 us/op
# Warmup Iteration   3: 4.739 us/op
# Warmup Iteration   4: 4.775 us/op
# Warmup Iteration   5: 4.698 us/op
Iteration   1: 4.610 us/op
Iteration   2: 4.911 us/op
Iteration   3: 4.691 us/op
Iteration   4: 4.622 us/op
Iteration   5: 4.624 us/op
Iteration   6: 4.527 us/op
Iteration   7: 4.751 us/op
Iteration   8: 4.683 us/op
Iteration   9: 4.680 us/op
Iteration  10: 4.663 us/op


Result "de.splatgames.aether.datafixers.benchmarks.codec.CollectionCodecBenchmark.decodeStringList":
  4.630 ±(99.9%) 0.081 us/op [Average]
  (min, avg, max) = (4.428, 4.630, 4.940), stdev = 0.121
  CI (99.9%): [4.549, 4.710] (assumes normal distribution)


# JMH version: 1.37
# VM version: JDK 17.0.18, OpenJDK 64-Bit Server VM, 17.0.18+8-Ubuntu-122.04.1
# VM invoker: /usr/lib/jvm/java-17-openjdk-amd64/bin/java
# VM options: -Xms4G -Xmx4G -XX:+UseG1GC -XX:+AlwaysPreTouch
# Blackhole mode: compiler (auto-detected, use -Djmh.blackhole.autoDetect=false to disable)
# Warmup: 5 iterations, 1 s each
# Measurement: 10 iterations, 1 s each
# Timeout: 10 min per iteration
# Threads: 1 thread, will synchronize iterations
# Benchmark mode: Average time, time/op
# Benchmark: de.splatgames.aether.datafixers.benchmarks.codec.CollectionCodecBenchmark.encodeIntList
# Parameters: (listSize = 10)

# Run progress: 57.89% complete, ETA 00:25:00
# Fork: 1 of 3
# Warmup Iteration   1: 0.139 us/op
# Warmup Iteration   2: 0.133 us/op
# Warmup Iteration   3: 0.131 us/op
# Warmup Iteration   4: 0.134 us/op
# Warmup Iteration   5: 0.135 us/op
Iteration   1: 0.133 us/op
Iteration   2: 0.132 us/op
Iteration   3: 0.133 us/op
Iteration   4: 0.132 us/op
Iteration   5: 0.123 us/op
Iteration   6: 0.123 us/op
Iteration   7: 0.122 us/op
Iteration   8: 0.122 us/op
Iteration   9: 0.123 us/op
Iteration  10: 0.124 us/op

# Run progress: 58.33% complete, ETA 00:24:44
# Fork: 2 of 3
# Warmup Iteration   1: 0.126 us/op
# Warmup Iteration   2: 0.122 us/op
# Warmup Iteration   3: 0.122 us/op
# Warmup Iteration   4: 0.124 us/op
# Warmup Iteration   5: 0.128 us/op
Iteration   1: 0.122 us/op
Iteration   2: 0.123 us/op
Iteration   3: 0.125 us/op
Iteration   4: 0.127 us/op
Iteration   5: 0.126 us/op
Iteration   6: 0.125 us/op
Iteration   7: 0.123 us/op
Iteration   8: 0.124 us/op
Iteration   9: 0.124 us/op
Iteration  10: 0.124 us/op

# Run progress: 58.77% complete, ETA 00:24:29
# Fork: 3 of 3
# Warmup Iteration   1: 0.135 us/op
# Warmup Iteration   2: 0.130 us/op
# Warmup Iteration   3: 0.126 us/op
# Warmup Iteration   4: 0.125 us/op
# Warmup Iteration   5: 0.125 us/op
Iteration   1: 0.124 us/op
Iteration   2: 0.125 us/op
Iteration   3: 0.127 us/op
Iteration   4: 0.125 us/op
Iteration   5: 0.132 us/op
Iteration   6: 0.129 us/op
Iteration   7: 0.129 us/op
Iteration   8: 0.132 us/op
Iteration   9: 0.134 us/op
Iteration  10: 0.135 us/op


Result "de.splatgames.aether.datafixers.benchmarks.codec.CollectionCodecBenchmark.encodeIntList":
  0.127 ±(99.9%) 0.003 us/op [Average]
  (min, avg, max) = (0.122, 0.127, 0.135), stdev = 0.004
  CI (99.9%): [0.124, 0.130] (assumes normal distribution)


# JMH version: 1.37
# VM version: JDK 17.0.18, OpenJDK 64-Bit Server VM, 17.0.18+8-Ubuntu-122.04.1
# VM invoker: /usr/lib/jvm/java-17-openjdk-amd64/bin/java
# VM options: -Xms4G -Xmx4G -XX:+UseG1GC -XX:+AlwaysPreTouch
# Blackhole mode: compiler (auto-detected, use -Djmh.blackhole.autoDetect=false to disable)
# Warmup: 5 iterations, 1 s each
# Measurement: 10 iterations, 1 s each
# Timeout: 10 min per iteration
# Threads: 1 thread, will synchronize iterations
# Benchmark mode: Average time, time/op
# Benchmark: de.splatgames.aether.datafixers.benchmarks.codec.CollectionCodecBenchmark.encodeIntList
# Parameters: (listSize = 100)

# Run progress: 59.21% complete, ETA 00:24:13
# Fork: 1 of 3
# Warmup Iteration   1: 1.484 us/op
# Warmup Iteration   2: 1.448 us/op
# Warmup Iteration   3: 1.448 us/op
# Warmup Iteration   4: 1.419 us/op
# Warmup Iteration   5: 1.405 us/op
Iteration   1: 1.451 us/op
Iteration   2: 1.437 us/op
Iteration   3: 1.418 us/op
Iteration   4: 1.411 us/op
Iteration   5: 1.427 us/op
Iteration   6: 1.432 us/op
Iteration   7: 1.432 us/op
Iteration   8: 1.389 us/op
Iteration   9: 1.417 us/op
Iteration  10: 1.387 us/op

# Run progress: 59.65% complete, ETA 00:23:57
# Fork: 2 of 3
# Warmup Iteration   1: 1.517 us/op
# Warmup Iteration   2: 1.470 us/op
# Warmup Iteration   3: 1.424 us/op
# Warmup Iteration   4: 1.429 us/op
# Warmup Iteration   5: 1.428 us/op
Iteration   1: 1.439 us/op
Iteration   2: 1.421 us/op
Iteration   3: 1.464 us/op
Iteration   4: 1.471 us/op
Iteration   5: 1.419 us/op
Iteration   6: 1.428 us/op
Iteration   7: 1.441 us/op
Iteration   8: 1.433 us/op
Iteration   9: 1.425 us/op
Iteration  10: 1.480 us/op

# Run progress: 60.09% complete, ETA 00:23:42
# Fork: 3 of 3
# Warmup Iteration   1: 1.578 us/op
# Warmup Iteration   2: 1.501 us/op
# Warmup Iteration   3: 1.528 us/op
# Warmup Iteration   4: 1.512 us/op
# Warmup Iteration   5: 1.455 us/op
Iteration   1: 1.482 us/op
Iteration   2: 1.486 us/op
Iteration   3: 1.491 us/op
Iteration   4: 1.469 us/op
Iteration   5: 1.467 us/op
Iteration   6: 1.570 us/op
Iteration   7: 1.603 us/op
Iteration   8: 1.502 us/op
Iteration   9: 1.452 us/op
Iteration  10: 1.519 us/op


Result "de.splatgames.aether.datafixers.benchmarks.codec.CollectionCodecBenchmark.encodeIntList":
  1.455 ±(99.9%) 0.032 us/op [Average]
  (min, avg, max) = (1.387, 1.455, 1.603), stdev = 0.048
  CI (99.9%): [1.423, 1.488] (assumes normal distribution)


# JMH version: 1.37
# VM version: JDK 17.0.18, OpenJDK 64-Bit Server VM, 17.0.18+8-Ubuntu-122.04.1
# VM invoker: /usr/lib/jvm/java-17-openjdk-amd64/bin/java
# VM options: -Xms4G -Xmx4G -XX:+UseG1GC -XX:+AlwaysPreTouch
# Blackhole mode: compiler (auto-detected, use -Djmh.blackhole.autoDetect=false to disable)
# Warmup: 5 iterations, 1 s each
# Measurement: 10 iterations, 1 s each
# Timeout: 10 min per iteration
# Threads: 1 thread, will synchronize iterations
# Benchmark mode: Average time, time/op
# Benchmark: de.splatgames.aether.datafixers.benchmarks.codec.CollectionCodecBenchmark.encodeIntList
# Parameters: (listSize = 1000)

# Run progress: 60.53% complete, ETA 00:23:26
# Fork: 1 of 3
# Warmup Iteration   1: 11.791 us/op
# Warmup Iteration   2: 11.330 us/op
# Warmup Iteration   3: 11.122 us/op
# Warmup Iteration   4: 10.779 us/op
# Warmup Iteration   5: 10.967 us/op
Iteration   1: 11.473 us/op
Iteration   2: 11.678 us/op
Iteration   3: 10.979 us/op
Iteration   4: 10.248 us/op
Iteration   5: 10.305 us/op
Iteration   6: 10.401 us/op
Iteration   7: 10.467 us/op
Iteration   8: 10.134 us/op
Iteration   9: 9.822 us/op
Iteration  10: 10.063 us/op

# Run progress: 60.96% complete, ETA 00:23:11
# Fork: 2 of 3
# Warmup Iteration   1: 10.542 us/op
# Warmup Iteration   2: 10.041 us/op
# Warmup Iteration   3: 10.128 us/op
# Warmup Iteration   4: 10.235 us/op
# Warmup Iteration   5: 10.623 us/op
Iteration   1: 10.299 us/op
Iteration   2: 10.331 us/op
Iteration   3: 10.427 us/op
Iteration   4: 10.604 us/op
Iteration   5: 10.168 us/op
Iteration   6: 10.347 us/op
Iteration   7: 10.324 us/op
Iteration   8: 10.226 us/op
Iteration   9: 10.395 us/op
Iteration  10: 10.330 us/op

# Run progress: 61.40% complete, ETA 00:22:55
# Fork: 3 of 3
# Warmup Iteration   1: 10.690 us/op
# Warmup Iteration   2: 10.045 us/op
# Warmup Iteration   3: 10.192 us/op
# Warmup Iteration   4: 10.262 us/op
# Warmup Iteration   5: 10.277 us/op
Iteration   1: 10.421 us/op
Iteration   2: 10.156 us/op
Iteration   3: 10.161 us/op
Iteration   4: 10.293 us/op
Iteration   5: 10.137 us/op
Iteration   6: 9.878 us/op
Iteration   7: 9.856 us/op
Iteration   8: 9.798 us/op
Iteration   9: 9.828 us/op
Iteration  10: 10.005 us/op


Result "de.splatgames.aether.datafixers.benchmarks.codec.CollectionCodecBenchmark.encodeIntList":
  10.318 ±(99.9%) 0.284 us/op [Average]
  (min, avg, max) = (9.798, 10.318, 11.678), stdev = 0.425
  CI (99.9%): [10.034, 10.603] (assumes normal distribution)


# JMH version: 1.37
# VM version: JDK 17.0.18, OpenJDK 64-Bit Server VM, 17.0.18+8-Ubuntu-122.04.1
# VM invoker: /usr/lib/jvm/java-17-openjdk-amd64/bin/java
# VM options: -Xms4G -Xmx4G -XX:+UseG1GC -XX:+AlwaysPreTouch
# Blackhole mode: compiler (auto-detected, use -Djmh.blackhole.autoDetect=false to disable)
# Warmup: 5 iterations, 1 s each
# Measurement: 10 iterations, 1 s each
# Timeout: 10 min per iteration
# Threads: 1 thread, will synchronize iterations
# Benchmark mode: Average time, time/op
# Benchmark: de.splatgames.aether.datafixers.benchmarks.codec.CollectionCodecBenchmark.encodeStringList
# Parameters: (listSize = 10)

# Run progress: 61.84% complete, ETA 00:22:39
# Fork: 1 of 3
# Warmup Iteration   1: 0.134 us/op
# Warmup Iteration   2: 0.126 us/op
# Warmup Iteration   3: 0.124 us/op
# Warmup Iteration   4: 0.126 us/op
# Warmup Iteration   5: 0.124 us/op
Iteration   1: 0.123 us/op
Iteration   2: 0.122 us/op
Iteration   3: 0.123 us/op
Iteration   4: 0.124 us/op
Iteration   5: 0.127 us/op
Iteration   6: 0.126 us/op
Iteration   7: 0.122 us/op
Iteration   8: 0.122 us/op
Iteration   9: 0.123 us/op
Iteration  10: 0.123 us/op

# Run progress: 62.28% complete, ETA 00:22:24
# Fork: 2 of 3
# Warmup Iteration   1: 0.131 us/op
# Warmup Iteration   2: 0.125 us/op
# Warmup Iteration   3: 0.122 us/op
# Warmup Iteration   4: 0.120 us/op
# Warmup Iteration   5: 0.124 us/op
Iteration   1: 0.120 us/op
Iteration   2: 0.120 us/op
Iteration   3: 0.125 us/op
Iteration   4: 0.127 us/op
Iteration   5: 0.125 us/op
Iteration   6: 0.123 us/op
Iteration   7: 0.123 us/op
Iteration   8: 0.124 us/op
Iteration   9: 0.121 us/op
Iteration  10: 0.127 us/op

# Run progress: 62.72% complete, ETA 00:22:08
# Fork: 3 of 3
# Warmup Iteration   1: 0.117 us/op
# Warmup Iteration   2: 0.116 us/op
# Warmup Iteration   3: 0.114 us/op
# Warmup Iteration   4: 0.113 us/op
# Warmup Iteration   5: 0.121 us/op
Iteration   1: 0.120 us/op
Iteration   2: 0.123 us/op
Iteration   3: 0.118 us/op
Iteration   4: 0.119 us/op
Iteration   5: 0.119 us/op
Iteration   6: 0.119 us/op
Iteration   7: 0.120 us/op
Iteration   8: 0.119 us/op
Iteration   9: 0.118 us/op
Iteration  10: 0.118 us/op


Result "de.splatgames.aether.datafixers.benchmarks.codec.CollectionCodecBenchmark.encodeStringList":
  0.122 ±(99.9%) 0.002 us/op [Average]
  (min, avg, max) = (0.118, 0.122, 0.127), stdev = 0.003
  CI (99.9%): [0.120, 0.124] (assumes normal distribution)


# JMH version: 1.37
# VM version: JDK 17.0.18, OpenJDK 64-Bit Server VM, 17.0.18+8-Ubuntu-122.04.1
# VM invoker: /usr/lib/jvm/java-17-openjdk-amd64/bin/java
# VM options: -Xms4G -Xmx4G -XX:+UseG1GC -XX:+AlwaysPreTouch
# Blackhole mode: compiler (auto-detected, use -Djmh.blackhole.autoDetect=false to disable)
# Warmup: 5 iterations, 1 s each
# Measurement: 10 iterations, 1 s each
# Timeout: 10 min per iteration
# Threads: 1 thread, will synchronize iterations
# Benchmark mode: Average time, time/op
# Benchmark: de.splatgames.aether.datafixers.benchmarks.codec.CollectionCodecBenchmark.encodeStringList
# Parameters: (listSize = 100)

# Run progress: 63.16% complete, ETA 00:21:53
# Fork: 1 of 3
# Warmup Iteration   1: 1.213 us/op
# Warmup Iteration   2: 1.156 us/op
# Warmup Iteration   3: 1.150 us/op
# Warmup Iteration   4: 1.169 us/op
# Warmup Iteration   5: 1.178 us/op
Iteration   1: 1.169 us/op
Iteration   2: 1.170 us/op
Iteration   3: 1.161 us/op
Iteration   4: 1.151 us/op
Iteration   5: 1.158 us/op
Iteration   6: 1.169 us/op
Iteration   7: 1.161 us/op
Iteration   8: 1.163 us/op
Iteration   9: 1.274 us/op
Iteration  10: 1.170 us/op

# Run progress: 63.60% complete, ETA 00:21:37
# Fork: 2 of 3
# Warmup Iteration   1: 1.213 us/op
# Warmup Iteration   2: 1.126 us/op
# Warmup Iteration   3: 1.148 us/op
# Warmup Iteration   4: 1.134 us/op
# Warmup Iteration   5: 1.133 us/op
Iteration   1: 1.128 us/op
Iteration   2: 1.249 us/op
Iteration   3: 1.181 us/op
Iteration   4: 1.131 us/op
Iteration   5: 1.131 us/op
Iteration   6: 1.168 us/op
Iteration   7: 1.168 us/op
Iteration   8: 1.162 us/op
Iteration   9: 1.169 us/op
Iteration  10: 1.164 us/op

# Run progress: 64.04% complete, ETA 00:21:21
# Fork: 3 of 3
# Warmup Iteration   1: 1.235 us/op
# Warmup Iteration   2: 1.231 us/op
# Warmup Iteration   3: 1.209 us/op
# Warmup Iteration   4: 1.186 us/op
# Warmup Iteration   5: 1.216 us/op
Iteration   1: 1.169 us/op
Iteration   2: 1.190 us/op
Iteration   3: 1.190 us/op
Iteration   4: 1.171 us/op
Iteration   5: 1.192 us/op
Iteration   6: 1.167 us/op
Iteration   7: 1.212 us/op
Iteration   8: 1.175 us/op
Iteration   9: 1.129 us/op
Iteration  10: 1.142 us/op


Result "de.splatgames.aether.datafixers.benchmarks.codec.CollectionCodecBenchmark.encodeStringList":
  1.171 ±(99.9%) 0.021 us/op [Average]
  (min, avg, max) = (1.128, 1.171, 1.274), stdev = 0.031
  CI (99.9%): [1.150, 1.192] (assumes normal distribution)


# JMH version: 1.37
# VM version: JDK 17.0.18, OpenJDK 64-Bit Server VM, 17.0.18+8-Ubuntu-122.04.1
# VM invoker: /usr/lib/jvm/java-17-openjdk-amd64/bin/java
# VM options: -Xms4G -Xmx4G -XX:+UseG1GC -XX:+AlwaysPreTouch
# Blackhole mode: compiler (auto-detected, use -Djmh.blackhole.autoDetect=false to disable)
# Warmup: 5 iterations, 1 s each
# Measurement: 10 iterations, 1 s each
# Timeout: 10 min per iteration
# Threads: 1 thread, will synchronize iterations
# Benchmark mode: Average time, time/op
# Benchmark: de.splatgames.aether.datafixers.benchmarks.codec.CollectionCodecBenchmark.encodeStringList
# Parameters: (listSize = 1000)

# Run progress: 64.47% complete, ETA 00:21:06
# Fork: 1 of 3
# Warmup Iteration   1: 8.570 us/op
# Warmup Iteration   2: 8.848 us/op
# Warmup Iteration   3: 9.661 us/op
# Warmup Iteration   4: 8.633 us/op
# Warmup Iteration   5: 8.387 us/op
Iteration   1: 8.681 us/op
Iteration   2: 8.606 us/op
Iteration   3: 8.450 us/op
Iteration   4: 8.548 us/op
Iteration   5: 8.958 us/op
Iteration   6: 8.757 us/op
Iteration   7: 9.129 us/op
Iteration   8: 9.037 us/op
Iteration   9: 8.849 us/op
Iteration  10: 8.489 us/op

# Run progress: 64.91% complete, ETA 00:20:50
# Fork: 2 of 3
# Warmup Iteration   1: 8.699 us/op
# Warmup Iteration   2: 8.137 us/op
# Warmup Iteration   3: 7.964 us/op
# Warmup Iteration   4: 8.429 us/op
# Warmup Iteration   5: 7.902 us/op
Iteration   1: 7.810 us/op
Iteration   2: 7.760 us/op
Iteration   3: 7.748 us/op
Iteration   4: 7.811 us/op
Iteration   5: 7.951 us/op
Iteration   6: 8.762 us/op
Iteration   7: 8.533 us/op
Iteration   8: 8.257 us/op
Iteration   9: 8.207 us/op
Iteration  10: 8.614 us/op

# Run progress: 65.35% complete, ETA 00:20:34
# Fork: 3 of 3
# Warmup Iteration   1: 8.930 us/op
# Warmup Iteration   2: 8.703 us/op
# Warmup Iteration   3: 8.761 us/op
# Warmup Iteration   4: 8.212 us/op
# Warmup Iteration   5: 8.178 us/op
Iteration   1: 8.356 us/op
Iteration   2: 8.230 us/op
Iteration   3: 8.655 us/op
Iteration   4: 8.309 us/op
Iteration   5: 7.779 us/op
Iteration   6: 8.111 us/op
Iteration   7: 7.665 us/op
Iteration   8: 7.731 us/op
Iteration   9: 7.785 us/op
Iteration  10: 8.418 us/op


Result "de.splatgames.aether.datafixers.benchmarks.codec.CollectionCodecBenchmark.encodeStringList":
  8.333 ±(99.9%) 0.291 us/op [Average]
  (min, avg, max) = (7.665, 8.333, 9.129), stdev = 0.436
  CI (99.9%): [8.042, 8.625] (assumes normal distribution)


# JMH version: 1.37
# VM version: JDK 17.0.18, OpenJDK 64-Bit Server VM, 17.0.18+8-Ubuntu-122.04.1
# VM invoker: /usr/lib/jvm/java-17-openjdk-amd64/bin/java
# VM options: -Xms4G -Xmx4G -XX:+UseG1GC -XX:+AlwaysPreTouch
# Blackhole mode: compiler (auto-detected, use -Djmh.blackhole.autoDetect=false to disable)
# Warmup: 5 iterations, 1 s each
# Measurement: 10 iterations, 1 s each
# Timeout: 10 min per iteration
# Threads: 1 thread, will synchronize iterations
# Benchmark mode: Average time, time/op
# Benchmark: de.splatgames.aether.datafixers.benchmarks.codec.CollectionCodecBenchmark.roundTripIntListDirect
# Parameters: (listSize = 10)

# Run progress: 65.79% complete, ETA 00:20:19
# Fork: 1 of 3
# Warmup Iteration   1: 0.216 us/op
# Warmup Iteration   2: 0.200 us/op
# Warmup Iteration   3: 0.201 us/op
# Warmup Iteration   4: 0.216 us/op
# Warmup Iteration   5: 0.207 us/op
Iteration   1: 0.200 us/op
Iteration   2: 0.199 us/op
Iteration   3: 0.211 us/op
Iteration   4: 0.204 us/op
Iteration   5: 0.220 us/op
Iteration   6: 0.203 us/op
Iteration   7: 0.203 us/op
Iteration   8: 0.198 us/op
Iteration   9: 0.197 us/op
Iteration  10: 0.197 us/op

# Run progress: 66.23% complete, ETA 00:20:03
# Fork: 2 of 3
# Warmup Iteration   1: 0.207 us/op
# Warmup Iteration   2: 0.199 us/op
# Warmup Iteration   3: 0.188 us/op
# Warmup Iteration   4: 0.188 us/op
# Warmup Iteration   5: 0.199 us/op
Iteration   1: 0.198 us/op
Iteration   2: 0.217 us/op
Iteration   3: 0.208 us/op
Iteration   4: 0.199 us/op
Iteration   5: 0.195 us/op
Iteration   6: 0.192 us/op
Iteration   7: 0.196 us/op
Iteration   8: 0.199 us/op
Iteration   9: 0.196 us/op
Iteration  10: 0.201 us/op

# Run progress: 66.67% complete, ETA 00:19:48
# Fork: 3 of 3
# Warmup Iteration   1: 0.226 us/op
# Warmup Iteration   2: 0.219 us/op
# Warmup Iteration   3: 0.197 us/op
# Warmup Iteration   4: 0.195 us/op
# Warmup Iteration   5: 0.189 us/op
Iteration   1: 0.180 us/op
Iteration   2: 0.178 us/op
Iteration   3: 0.178 us/op
Iteration   4: 0.186 us/op
Iteration   5: 0.183 us/op
Iteration   6: 0.182 us/op
Iteration   7: 0.188 us/op
Iteration   8: 0.190 us/op
Iteration   9: 0.196 us/op
Iteration  10: 0.190 us/op


Result "de.splatgames.aether.datafixers.benchmarks.codec.CollectionCodecBenchmark.roundTripIntListDirect":
  0.196 ±(99.9%) 0.007 us/op [Average]
  (min, avg, max) = (0.178, 0.196, 0.220), stdev = 0.010
  CI (99.9%): [0.189, 0.203] (assumes normal distribution)


# JMH version: 1.37
# VM version: JDK 17.0.18, OpenJDK 64-Bit Server VM, 17.0.18+8-Ubuntu-122.04.1
# VM invoker: /usr/lib/jvm/java-17-openjdk-amd64/bin/java
# VM options: -Xms4G -Xmx4G -XX:+UseG1GC -XX:+AlwaysPreTouch
# Blackhole mode: compiler (auto-detected, use -Djmh.blackhole.autoDetect=false to disable)
# Warmup: 5 iterations, 1 s each
# Measurement: 10 iterations, 1 s each
# Timeout: 10 min per iteration
# Threads: 1 thread, will synchronize iterations
# Benchmark mode: Average time, time/op
# Benchmark: de.splatgames.aether.datafixers.benchmarks.codec.CollectionCodecBenchmark.roundTripIntListDirect
# Parameters: (listSize = 100)

# Run progress: 67.11% complete, ETA 00:19:32
# Fork: 1 of 3
# Warmup Iteration   1: 1.775 us/op
# Warmup Iteration   2: 1.662 us/op
# Warmup Iteration   3: 1.610 us/op
# Warmup Iteration   4: 1.699 us/op
# Warmup Iteration   5: 1.648 us/op
Iteration   1: 1.650 us/op
Iteration   2: 1.592 us/op
Iteration   3: 1.620 us/op
Iteration   4: 1.622 us/op
Iteration   5: 1.621 us/op
Iteration   6: 1.645 us/op
Iteration   7: 1.630 us/op
Iteration   8: 1.644 us/op
Iteration   9: 1.617 us/op
Iteration  10: 1.587 us/op

# Run progress: 67.54% complete, ETA 00:19:16
# Fork: 2 of 3
# Warmup Iteration   1: 1.715 us/op
# Warmup Iteration   2: 1.576 us/op
# Warmup Iteration   3: 1.548 us/op
# Warmup Iteration   4: 1.568 us/op
# Warmup Iteration   5: 1.613 us/op
Iteration   1: 1.569 us/op
Iteration   2: 1.583 us/op
Iteration   3: 1.633 us/op
Iteration   4: 1.560 us/op
Iteration   5: 1.563 us/op
Iteration   6: 1.576 us/op
Iteration   7: 1.537 us/op
Iteration   8: 1.549 us/op
Iteration   9: 1.562 us/op
Iteration  10: 1.560 us/op

# Run progress: 67.98% complete, ETA 00:19:01
# Fork: 3 of 3
# Warmup Iteration   1: 1.760 us/op
# Warmup Iteration   2: 1.631 us/op
# Warmup Iteration   3: 1.640 us/op
# Warmup Iteration   4: 1.629 us/op
# Warmup Iteration   5: 1.594 us/op
Iteration   1: 1.638 us/op
Iteration   2: 1.594 us/op
Iteration   3: 1.621 us/op
Iteration   4: 1.611 us/op
Iteration   5: 1.597 us/op
Iteration   6: 1.581 us/op
Iteration   7: 1.600 us/op
Iteration   8: 1.618 us/op
Iteration   9: 1.621 us/op
Iteration  10: 1.594 us/op


Result "de.splatgames.aether.datafixers.benchmarks.codec.CollectionCodecBenchmark.roundTripIntListDirect":
  1.600 ±(99.9%) 0.021 us/op [Average]
  (min, avg, max) = (1.537, 1.600, 1.650), stdev = 0.031
  CI (99.9%): [1.579, 1.621] (assumes normal distribution)


# JMH version: 1.37
# VM version: JDK 17.0.18, OpenJDK 64-Bit Server VM, 17.0.18+8-Ubuntu-122.04.1
# VM invoker: /usr/lib/jvm/java-17-openjdk-amd64/bin/java
# VM options: -Xms4G -Xmx4G -XX:+UseG1GC -XX:+AlwaysPreTouch
# Blackhole mode: compiler (auto-detected, use -Djmh.blackhole.autoDetect=false to disable)
# Warmup: 5 iterations, 1 s each
# Measurement: 10 iterations, 1 s each
# Timeout: 10 min per iteration
# Threads: 1 thread, will synchronize iterations
# Benchmark mode: Average time, time/op
# Benchmark: de.splatgames.aether.datafixers.benchmarks.codec.CollectionCodecBenchmark.roundTripIntListDirect
# Parameters: (listSize = 1000)

# Run progress: 68.42% complete, ETA 00:18:45
# Fork: 1 of 3
# Warmup Iteration   1: 19.860 us/op
# Warmup Iteration   2: 17.773 us/op
# Warmup Iteration   3: 17.864 us/op
# Warmup Iteration   4: 18.832 us/op
# Warmup Iteration   5: 18.941 us/op
Iteration   1: 17.968 us/op
Iteration   2: 20.145 us/op
Iteration   3: 18.995 us/op
Iteration   4: 18.015 us/op
Iteration   5: 18.578 us/op
Iteration   6: 18.442 us/op
Iteration   7: 18.199 us/op
Iteration   8: 18.311 us/op
Iteration   9: 18.200 us/op
Iteration  10: 17.915 us/op

# Run progress: 68.86% complete, ETA 00:18:29
# Fork: 2 of 3
# Warmup Iteration   1: 18.214 us/op
# Warmup Iteration   2: 17.941 us/op
# Warmup Iteration   3: 17.428 us/op
# Warmup Iteration   4: 16.983 us/op
# Warmup Iteration   5: 16.843 us/op
Iteration   1: 17.672 us/op
Iteration   2: 17.405 us/op
Iteration   3: 17.475 us/op
Iteration   4: 17.362 us/op
Iteration   5: 17.477 us/op
Iteration   6: 17.800 us/op
Iteration   7: 17.442 us/op
Iteration   8: 18.160 us/op
Iteration   9: 18.518 us/op
Iteration  10: 19.346 us/op

# Run progress: 69.30% complete, ETA 00:18:14
# Fork: 3 of 3
# Warmup Iteration   1: 18.871 us/op
# Warmup Iteration   2: 17.947 us/op
# Warmup Iteration   3: 17.710 us/op
# Warmup Iteration   4: 17.425 us/op
# Warmup Iteration   5: 17.790 us/op
Iteration   1: 17.678 us/op
Iteration   2: 18.207 us/op
Iteration   3: 18.359 us/op
Iteration   4: 17.938 us/op
Iteration   5: 17.516 us/op
Iteration   6: 18.329 us/op
Iteration   7: 17.830 us/op
Iteration   8: 17.489 us/op
Iteration   9: 19.306 us/op
Iteration  10: 19.350 us/op


Result "de.splatgames.aether.datafixers.benchmarks.codec.CollectionCodecBenchmark.roundTripIntListDirect":
  18.181 ±(99.9%) 0.458 us/op [Average]
  (min, avg, max) = (17.362, 18.181, 20.145), stdev = 0.686
  CI (99.9%): [17.723, 18.639] (assumes normal distribution)


# JMH version: 1.37
# VM version: JDK 17.0.18, OpenJDK 64-Bit Server VM, 17.0.18+8-Ubuntu-122.04.1
# VM invoker: /usr/lib/jvm/java-17-openjdk-amd64/bin/java
# VM options: -Xms4G -Xmx4G -XX:+UseG1GC -XX:+AlwaysPreTouch
# Blackhole mode: compiler (auto-detected, use -Djmh.blackhole.autoDetect=false to disable)
# Warmup: 5 iterations, 1 s each
# Measurement: 10 iterations, 1 s each
# Timeout: 10 min per iteration
# Threads: 1 thread, will synchronize iterations
# Benchmark mode: Average time, time/op
# Benchmark: de.splatgames.aether.datafixers.benchmarks.codec.CollectionCodecBenchmark.roundTripIntListFunctional
# Parameters: (listSize = 10)

# Run progress: 69.74% complete, ETA 00:17:58
# Fork: 1 of 3
# Warmup Iteration   1: 0.214 us/op
# Warmup Iteration   2: 0.214 us/op
# Warmup Iteration   3: 0.213 us/op
# Warmup Iteration   4: 0.199 us/op
# Warmup Iteration   5: 0.192 us/op
Iteration   1: 0.192 us/op
Iteration   2: 0.194 us/op
Iteration   3: 0.193 us/op
Iteration   4: 0.202 us/op
Iteration   5: 0.204 us/op
Iteration   6: 0.202 us/op
Iteration   7: 0.200 us/op
Iteration   8: 0.197 us/op
Iteration   9: 0.198 us/op
Iteration  10: 0.197 us/op

# Run progress: 70.18% complete, ETA 00:17:43
# Fork: 2 of 3
# Warmup Iteration   1: 0.219 us/op
# Warmup Iteration   2: 0.199 us/op
# Warmup Iteration   3: 0.198 us/op
# Warmup Iteration   4: 0.201 us/op
# Warmup Iteration   5: 0.214 us/op
Iteration   1: 0.205 us/op
Iteration   2: 0.203 us/op
Iteration   3: 0.204 us/op
Iteration   4: 0.196 us/op
Iteration   5: 0.199 us/op
Iteration   6: 0.201 us/op
Iteration   7: 0.198 us/op
Iteration   8: 0.200 us/op
Iteration   9: 0.200 us/op
Iteration  10: 0.200 us/op

# Run progress: 70.61% complete, ETA 00:17:27
# Fork: 3 of 3
# Warmup Iteration   1: 0.214 us/op
# Warmup Iteration   2: 0.189 us/op
# Warmup Iteration   3: 0.193 us/op
# Warmup Iteration   4: 0.193 us/op
# Warmup Iteration   5: 0.193 us/op
Iteration   1: 0.196 us/op
Iteration   2: 0.203 us/op
Iteration   3: 0.197 us/op
Iteration   4: 0.199 us/op
Iteration   5: 0.204 us/op
Iteration   6: 0.200 us/op
Iteration   7: 0.201 us/op
Iteration   8: 0.197 us/op
Iteration   9: 0.199 us/op
Iteration  10: 0.208 us/op


Result "de.splatgames.aether.datafixers.benchmarks.codec.CollectionCodecBenchmark.roundTripIntListFunctional":
  0.200 ±(99.9%) 0.002 us/op [Average]
  (min, avg, max) = (0.192, 0.200, 0.208), stdev = 0.004
  CI (99.9%): [0.197, 0.202] (assumes normal distribution)


# JMH version: 1.37
# VM version: JDK 17.0.18, OpenJDK 64-Bit Server VM, 17.0.18+8-Ubuntu-122.04.1
# VM invoker: /usr/lib/jvm/java-17-openjdk-amd64/bin/java
# VM options: -Xms4G -Xmx4G -XX:+UseG1GC -XX:+AlwaysPreTouch
# Blackhole mode: compiler (auto-detected, use -Djmh.blackhole.autoDetect=false to disable)
# Warmup: 5 iterations, 1 s each
# Measurement: 10 iterations, 1 s each
# Timeout: 10 min per iteration
# Threads: 1 thread, will synchronize iterations
# Benchmark mode: Average time, time/op
# Benchmark: de.splatgames.aether.datafixers.benchmarks.codec.CollectionCodecBenchmark.roundTripIntListFunctional
# Parameters: (listSize = 100)

# Run progress: 71.05% complete, ETA 00:17:11
# Fork: 1 of 3
# Warmup Iteration   1: 1.706 us/op
# Warmup Iteration   2: 1.485 us/op
# Warmup Iteration   3: 1.484 us/op
# Warmup Iteration   4: 1.476 us/op
# Warmup Iteration   5: 1.519 us/op
Iteration   1: 1.484 us/op
Iteration   2: 1.473 us/op
Iteration   3: 1.476 us/op
Iteration   4: 1.498 us/op
Iteration   5: 1.505 us/op
Iteration   6: 1.495 us/op
Iteration   7: 1.510 us/op
Iteration   8: 1.504 us/op
Iteration   9: 1.495 us/op
Iteration  10: 1.577 us/op

# Run progress: 71.49% complete, ETA 00:16:56
# Fork: 2 of 3
# Warmup Iteration   1: 1.691 us/op
# Warmup Iteration   2: 1.591 us/op
# Warmup Iteration   3: 1.613 us/op
# Warmup Iteration   4: 1.610 us/op
# Warmup Iteration   5: 1.586 us/op
Iteration   1: 1.667 us/op
Iteration   2: 1.591 us/op
Iteration   3: 1.587 us/op
Iteration   4: 1.670 us/op
Iteration   5: 1.818 us/op
Iteration   6: 1.668 us/op
Iteration   7: 1.550 us/op
Iteration   8: 1.547 us/op
Iteration   9: 1.574 us/op
Iteration  10: 1.577 us/op

# Run progress: 71.93% complete, ETA 00:16:40
# Fork: 3 of 3
# Warmup Iteration   1: 1.780 us/op
# Warmup Iteration   2: 1.607 us/op
# Warmup Iteration   3: 1.768 us/op
# Warmup Iteration   4: 1.610 us/op
# Warmup Iteration   5: 1.600 us/op
Iteration   1: 1.575 us/op
Iteration   2: 1.561 us/op
Iteration   3: 1.583 us/op
Iteration   4: 1.614 us/op
Iteration   5: 1.594 us/op
Iteration   6: 1.565 us/op
Iteration   7: 1.586 us/op
Iteration   8: 1.605 us/op
Iteration   9: 1.586 us/op
Iteration  10: 1.610 us/op


Result "de.splatgames.aether.datafixers.benchmarks.codec.CollectionCodecBenchmark.roundTripIntListFunctional":
  1.572 ±(99.9%) 0.048 us/op [Average]
  (min, avg, max) = (1.473, 1.572, 1.818), stdev = 0.072
  CI (99.9%): [1.523, 1.620] (assumes normal distribution)


# JMH version: 1.37
# VM version: JDK 17.0.18, OpenJDK 64-Bit Server VM, 17.0.18+8-Ubuntu-122.04.1
# VM invoker: /usr/lib/jvm/java-17-openjdk-amd64/bin/java
# VM options: -Xms4G -Xmx4G -XX:+UseG1GC -XX:+AlwaysPreTouch
# Blackhole mode: compiler (auto-detected, use -Djmh.blackhole.autoDetect=false to disable)
# Warmup: 5 iterations, 1 s each
# Measurement: 10 iterations, 1 s each
# Timeout: 10 min per iteration
# Threads: 1 thread, will synchronize iterations
# Benchmark mode: Average time, time/op
# Benchmark: de.splatgames.aether.datafixers.benchmarks.codec.CollectionCodecBenchmark.roundTripIntListFunctional
# Parameters: (listSize = 1000)

# Run progress: 72.37% complete, ETA 00:16:24
# Fork: 1 of 3
# Warmup Iteration   1: 18.446 us/op
# Warmup Iteration   2: 17.442 us/op
# Warmup Iteration   3: 17.331 us/op
# Warmup Iteration   4: 18.350 us/op
# Warmup Iteration   5: 17.361 us/op
Iteration   1: 17.771 us/op
Iteration   2: 18.065 us/op
Iteration   3: 18.221 us/op
Iteration   4: 18.122 us/op
Iteration   5: 18.040 us/op
Iteration   6: 19.155 us/op
Iteration   7: 17.829 us/op
Iteration   8: 17.800 us/op
Iteration   9: 17.528 us/op
Iteration  10: 17.805 us/op

# Run progress: 72.81% complete, ETA 00:16:09
# Fork: 2 of 3
# Warmup Iteration   1: 20.161 us/op
# Warmup Iteration   2: 18.998 us/op
# Warmup Iteration   3: 18.781 us/op
# Warmup Iteration   4: 19.912 us/op
# Warmup Iteration   5: 20.450 us/op
Iteration   1: 20.037 us/op
Iteration   2: 19.011 us/op
Iteration   3: 18.751 us/op
Iteration   4: 19.256 us/op
Iteration   5: 17.997 us/op
Iteration   6: 17.581 us/op
Iteration   7: 18.022 us/op
Iteration   8: 18.041 us/op
Iteration   9: 17.888 us/op
Iteration  10: 18.542 us/op

# Run progress: 73.25% complete, ETA 00:15:53
# Fork: 3 of 3
# Warmup Iteration   1: 18.747 us/op
# Warmup Iteration   2: 18.231 us/op
# Warmup Iteration   3: 17.106 us/op
# Warmup Iteration   4: 17.185 us/op
# Warmup Iteration   5: 17.241 us/op
Iteration   1: 17.704 us/op
Iteration   2: 18.110 us/op
Iteration   3: 17.717 us/op
Iteration   4: 18.206 us/op
Iteration   5: 17.433 us/op
Iteration   6: 17.382 us/op
Iteration   7: 17.884 us/op
Iteration   8: 17.760 us/op
Iteration   9: 17.580 us/op
Iteration  10: 17.839 us/op


Result "de.splatgames.aether.datafixers.benchmarks.codec.CollectionCodecBenchmark.roundTripIntListFunctional":
  18.103 ±(99.9%) 0.401 us/op [Average]
  (min, avg, max) = (17.382, 18.103, 20.037), stdev = 0.601
  CI (99.9%): [17.701, 18.504] (assumes normal distribution)


# JMH version: 1.37
# VM version: JDK 17.0.18, OpenJDK 64-Bit Server VM, 17.0.18+8-Ubuntu-122.04.1
# VM invoker: /usr/lib/jvm/java-17-openjdk-amd64/bin/java
# VM options: -Xms4G -Xmx4G -XX:+UseG1GC -XX:+AlwaysPreTouch
# Blackhole mode: compiler (auto-detected, use -Djmh.blackhole.autoDetect=false to disable)
# Warmup: 5 iterations, 1 s each
# Measurement: 10 iterations, 1 s each
# Timeout: 10 min per iteration
# Threads: 1 thread, will synchronize iterations
# Benchmark mode: Average time, time/op
# Benchmark: de.splatgames.aether.datafixers.benchmarks.codec.CollectionCodecBenchmark.roundTripStringListDirect
# Parameters: (listSize = 10)

# Run progress: 73.68% complete, ETA 00:15:38
# Fork: 1 of 3
# Warmup Iteration   1: 0.214 us/op
# Warmup Iteration   2: 0.198 us/op
# Warmup Iteration   3: 0.190 us/op
# Warmup Iteration   4: 0.199 us/op
# Warmup Iteration   5: 0.192 us/op
Iteration   1: 0.194 us/op
Iteration   2: 0.190 us/op
Iteration   3: 0.183 us/op
Iteration   4: 0.209 us/op
Iteration   5: 0.184 us/op
Iteration   6: 0.180 us/op
Iteration   7: 0.175 us/op
Iteration   8: 0.177 us/op
Iteration   9: 0.176 us/op
Iteration  10: 0.184 us/op

# Run progress: 74.12% complete, ETA 00:15:22
# Fork: 2 of 3
# Warmup Iteration   1: 0.197 us/op
# Warmup Iteration   2: 0.201 us/op
# Warmup Iteration   3: 0.205 us/op
# Warmup Iteration   4: 0.209 us/op
# Warmup Iteration   5: 0.203 us/op
Iteration   1: 0.214 us/op
Iteration   2: 0.188 us/op
Iteration   3: 0.187 us/op
Iteration   4: 0.184 us/op
Iteration   5: 0.192 us/op
Iteration   6: 0.192 us/op
Iteration   7: 0.187 us/op
Iteration   8: 0.188 us/op
Iteration   9: 0.189 us/op
Iteration  10: 0.193 us/op

# Run progress: 74.56% complete, ETA 00:15:06
# Fork: 3 of 3
# Warmup Iteration   1: 0.213 us/op
# Warmup Iteration   2: 0.178 us/op
# Warmup Iteration   3: 0.187 us/op
# Warmup Iteration   4: 0.179 us/op
# Warmup Iteration   5: 0.178 us/op
Iteration   1: 0.179 us/op
Iteration   2: 0.185 us/op
Iteration   3: 0.189 us/op
Iteration   4: 0.185 us/op
Iteration   5: 0.185 us/op
Iteration   6: 0.183 us/op
Iteration   7: 0.183 us/op
Iteration   8: 0.182 us/op
Iteration   9: 0.220 us/op
Iteration  10: 0.230 us/op


Result "de.splatgames.aether.datafixers.benchmarks.codec.CollectionCodecBenchmark.roundTripStringListDirect":
  0.190 ±(99.9%) 0.009 us/op [Average]
  (min, avg, max) = (0.175, 0.190, 0.230), stdev = 0.013
  CI (99.9%): [0.181, 0.198] (assumes normal distribution)


# JMH version: 1.37
# VM version: JDK 17.0.18, OpenJDK 64-Bit Server VM, 17.0.18+8-Ubuntu-122.04.1
# VM invoker: /usr/lib/jvm/java-17-openjdk-amd64/bin/java
# VM options: -Xms4G -Xmx4G -XX:+UseG1GC -XX:+AlwaysPreTouch
# Blackhole mode: compiler (auto-detected, use -Djmh.blackhole.autoDetect=false to disable)
# Warmup: 5 iterations, 1 s each
# Measurement: 10 iterations, 1 s each
# Timeout: 10 min per iteration
# Threads: 1 thread, will synchronize iterations
# Benchmark mode: Average time, time/op
# Benchmark: de.splatgames.aether.datafixers.benchmarks.codec.CollectionCodecBenchmark.roundTripStringListDirect
# Parameters: (listSize = 100)

# Run progress: 75.00% complete, ETA 00:14:51
# Fork: 1 of 3
# Warmup Iteration   1: 1.574 us/op
# Warmup Iteration   2: 1.486 us/op
# Warmup Iteration   3: 1.492 us/op
# Warmup Iteration   4: 1.560 us/op
# Warmup Iteration   5: 1.437 us/op
Iteration   1: 1.447 us/op
Iteration   2: 1.493 us/op
Iteration   3: 1.443 us/op
Iteration   4: 1.346 us/op
Iteration   5: 1.391 us/op
Iteration   6: 1.315 us/op
Iteration   7: 1.298 us/op
Iteration   8: 1.309 us/op
Iteration   9: 1.510 us/op
Iteration  10: 1.329 us/op

# Run progress: 75.44% complete, ETA 00:14:35
# Fork: 2 of 3
# Warmup Iteration   1: 1.375 us/op
# Warmup Iteration   2: 1.295 us/op
# Warmup Iteration   3: 1.307 us/op
# Warmup Iteration   4: 1.299 us/op
# Warmup Iteration   5: 1.255 us/op
Iteration   1: 1.256 us/op
Iteration   2: 1.281 us/op
Iteration   3: 1.283 us/op
Iteration   4: 1.260 us/op
Iteration   5: 1.248 us/op
Iteration   6: 1.264 us/op
Iteration   7: 1.252 us/op
Iteration   8: 1.252 us/op
Iteration   9: 1.252 us/op
Iteration  10: 1.267 us/op

# Run progress: 75.88% complete, ETA 00:14:19
# Fork: 3 of 3
# Warmup Iteration   1: 1.347 us/op
# Warmup Iteration   2: 1.282 us/op
# Warmup Iteration   3: 1.283 us/op
# Warmup Iteration   4: 1.265 us/op
# Warmup Iteration   5: 1.268 us/op
Iteration   1: 1.259 us/op
Iteration   2: 1.273 us/op
Iteration   3: 1.267 us/op
Iteration   4: 1.257 us/op
Iteration   5: 1.262 us/op
Iteration   6: 1.270 us/op
Iteration   7: 1.268 us/op
Iteration   8: 1.281 us/op
Iteration   9: 1.267 us/op
Iteration  10: 1.256 us/op


Result "de.splatgames.aether.datafixers.benchmarks.codec.CollectionCodecBenchmark.roundTripStringListDirect":
  1.305 ±(99.9%) 0.050 us/op [Average]
  (min, avg, max) = (1.248, 1.305, 1.510), stdev = 0.075
  CI (99.9%): [1.255, 1.355] (assumes normal distribution)


# JMH version: 1.37
# VM version: JDK 17.0.18, OpenJDK 64-Bit Server VM, 17.0.18+8-Ubuntu-122.04.1
# VM invoker: /usr/lib/jvm/java-17-openjdk-amd64/bin/java
# VM options: -Xms4G -Xmx4G -XX:+UseG1GC -XX:+AlwaysPreTouch
# Blackhole mode: compiler (auto-detected, use -Djmh.blackhole.autoDetect=false to disable)
# Warmup: 5 iterations, 1 s each
# Measurement: 10 iterations, 1 s each
# Timeout: 10 min per iteration
# Threads: 1 thread, will synchronize iterations
# Benchmark mode: Average time, time/op
# Benchmark: de.splatgames.aether.datafixers.benchmarks.codec.CollectionCodecBenchmark.roundTripStringListDirect
# Parameters: (listSize = 1000)

# Run progress: 76.32% complete, ETA 00:14:04
# Fork: 1 of 3
# Warmup Iteration   1: 13.112 us/op
# Warmup Iteration   2: 12.202 us/op
# Warmup Iteration   3: 12.310 us/op
# Warmup Iteration   4: 12.225 us/op
# Warmup Iteration   5: 12.170 us/op
Iteration   1: 12.245 us/op
Iteration   2: 12.553 us/op
Iteration   3: 12.384 us/op
Iteration   4: 12.436 us/op
Iteration   5: 12.392 us/op
Iteration   6: 12.390 us/op
Iteration   7: 12.451 us/op
Iteration   8: 12.389 us/op
Iteration   9: 12.298 us/op
Iteration  10: 12.323 us/op

# Run progress: 76.75% complete, ETA 00:13:48
# Fork: 2 of 3
# Warmup Iteration   1: 13.015 us/op
# Warmup Iteration   2: 12.256 us/op
# Warmup Iteration   3: 12.122 us/op
# Warmup Iteration   4: 11.977 us/op
# Warmup Iteration   5: 11.918 us/op
Iteration   1: 12.121 us/op
Iteration   2: 12.241 us/op
Iteration   3: 11.995 us/op
Iteration   4: 12.003 us/op
Iteration   5: 12.016 us/op
Iteration   6: 12.221 us/op
Iteration   7: 12.406 us/op
Iteration   8: 12.189 us/op
Iteration   9: 12.066 us/op
Iteration  10: 11.971 us/op

# Run progress: 77.19% complete, ETA 00:13:33
# Fork: 3 of 3
# Warmup Iteration   1: 12.930 us/op
# Warmup Iteration   2: 12.218 us/op
# Warmup Iteration   3: 12.135 us/op
# Warmup Iteration   4: 11.894 us/op
# Warmup Iteration   5: 12.389 us/op
Iteration   1: 12.238 us/op
Iteration   2: 11.963 us/op
Iteration   3: 12.027 us/op
Iteration   4: 12.142 us/op
Iteration   5: 12.058 us/op
Iteration   6: 11.956 us/op
Iteration   7: 11.979 us/op
Iteration   8: 11.937 us/op
Iteration   9: 11.957 us/op
Iteration  10: 12.081 us/op


Result "de.splatgames.aether.datafixers.benchmarks.codec.CollectionCodecBenchmark.roundTripStringListDirect":
  12.181 ±(99.9%) 0.124 us/op [Average]
  (min, avg, max) = (11.937, 12.181, 12.553), stdev = 0.186
  CI (99.9%): [12.057, 12.305] (assumes normal distribution)


# JMH version: 1.37
# VM version: JDK 17.0.18, OpenJDK 64-Bit Server VM, 17.0.18+8-Ubuntu-122.04.1
# VM invoker: /usr/lib/jvm/java-17-openjdk-amd64/bin/java
# VM options: -Xms4G -Xmx4G -XX:+UseG1GC -XX:+AlwaysPreTouch
# Blackhole mode: compiler (auto-detected, use -Djmh.blackhole.autoDetect=false to disable)
# Warmup: 5 iterations, 1 s each
# Measurement: 10 iterations, 1 s each
# Timeout: 10 min per iteration
# Threads: 1 thread, will synchronize iterations
# Benchmark mode: Average time, time/op
# Benchmark: de.splatgames.aether.datafixers.benchmarks.codec.CollectionCodecBenchmark.roundTripStringListFunctional
# Parameters: (listSize = 10)

# Run progress: 77.63% complete, ETA 00:13:17
# Fork: 1 of 3
# Warmup Iteration   1: 0.176 us/op
# Warmup Iteration   2: 0.165 us/op
# Warmup Iteration   3: 0.164 us/op
# Warmup Iteration   4: 0.165 us/op
# Warmup Iteration   5: 0.166 us/op
Iteration   1: 0.164 us/op
Iteration   2: 0.165 us/op
Iteration   3: 0.164 us/op
Iteration   4: 0.164 us/op
Iteration   5: 0.169 us/op
Iteration   6: 0.163 us/op
Iteration   7: 0.164 us/op
Iteration   8: 0.163 us/op
Iteration   9: 0.165 us/op
Iteration  10: 0.164 us/op

# Run progress: 78.07% complete, ETA 00:13:01
# Fork: 2 of 3
# Warmup Iteration   1: 0.175 us/op
# Warmup Iteration   2: 0.165 us/op
# Warmup Iteration   3: 0.163 us/op
# Warmup Iteration   4: 0.164 us/op
# Warmup Iteration   5: 0.169 us/op
Iteration   1: 0.171 us/op
Iteration   2: 0.164 us/op
Iteration   3: 0.164 us/op
Iteration   4: 0.165 us/op
Iteration   5: 0.165 us/op
Iteration   6: 0.164 us/op
Iteration   7: 0.164 us/op
Iteration   8: 0.165 us/op
Iteration   9: 0.165 us/op
Iteration  10: 0.169 us/op

# Run progress: 78.51% complete, ETA 00:12:46
# Fork: 3 of 3
# Warmup Iteration   1: 0.178 us/op
# Warmup Iteration   2: 0.170 us/op
# Warmup Iteration   3: 0.165 us/op
# Warmup Iteration   4: 0.165 us/op
# Warmup Iteration   5: 0.166 us/op
Iteration   1: 0.167 us/op
Iteration   2: 0.164 us/op
Iteration   3: 0.166 us/op
Iteration   4: 0.167 us/op
Iteration   5: 0.176 us/op
Iteration   6: 0.169 us/op
Iteration   7: 0.163 us/op
Iteration   8: 0.164 us/op
Iteration   9: 0.166 us/op
Iteration  10: 0.165 us/op


Result "de.splatgames.aether.datafixers.benchmarks.codec.CollectionCodecBenchmark.roundTripStringListFunctional":
  0.166 ±(99.9%) 0.002 us/op [Average]
  (min, avg, max) = (0.163, 0.166, 0.176), stdev = 0.003
  CI (99.9%): [0.164, 0.167] (assumes normal distribution)


# JMH version: 1.37
# VM version: JDK 17.0.18, OpenJDK 64-Bit Server VM, 17.0.18+8-Ubuntu-122.04.1
# VM invoker: /usr/lib/jvm/java-17-openjdk-amd64/bin/java
# VM options: -Xms4G -Xmx4G -XX:+UseG1GC -XX:+AlwaysPreTouch
# Blackhole mode: compiler (auto-detected, use -Djmh.blackhole.autoDetect=false to disable)
# Warmup: 5 iterations, 1 s each
# Measurement: 10 iterations, 1 s each
# Timeout: 10 min per iteration
# Threads: 1 thread, will synchronize iterations
# Benchmark mode: Average time, time/op
# Benchmark: de.splatgames.aether.datafixers.benchmarks.codec.CollectionCodecBenchmark.roundTripStringListFunctional
# Parameters: (listSize = 100)

# Run progress: 78.95% complete, ETA 00:12:30
# Fork: 1 of 3
# Warmup Iteration   1: 1.332 us/op
# Warmup Iteration   2: 1.256 us/op
# Warmup Iteration   3: 1.270 us/op
# Warmup Iteration   4: 1.276 us/op
# Warmup Iteration   5: 1.249 us/op
Iteration   1: 1.258 us/op
Iteration   2: 1.259 us/op
Iteration   3: 1.256 us/op
Iteration   4: 1.254 us/op
Iteration   5: 1.274 us/op
Iteration   6: 1.248 us/op
Iteration   7: 1.243 us/op
Iteration   8: 1.275 us/op
Iteration   9: 1.272 us/op
Iteration  10: 1.255 us/op

# Run progress: 79.39% complete, ETA 00:12:14
# Fork: 2 of 3
# Warmup Iteration   1: 1.355 us/op
# Warmup Iteration   2: 1.270 us/op
# Warmup Iteration   3: 1.264 us/op
# Warmup Iteration   4: 1.270 us/op
# Warmup Iteration   5: 1.276 us/op
Iteration   1: 1.262 us/op
Iteration   2: 1.267 us/op
Iteration   3: 1.274 us/op
Iteration   4: 1.272 us/op
Iteration   5: 1.293 us/op
Iteration   6: 1.264 us/op
Iteration   7: 1.256 us/op
Iteration   8: 1.260 us/op
Iteration   9: 1.255 us/op
Iteration  10: 1.267 us/op

# Run progress: 79.82% complete, ETA 00:11:59
# Fork: 3 of 3
# Warmup Iteration   1: 1.372 us/op
# Warmup Iteration   2: 1.316 us/op
# Warmup Iteration   3: 1.303 us/op
# Warmup Iteration   4: 1.283 us/op
# Warmup Iteration   5: 1.272 us/op
Iteration   1: 1.272 us/op
Iteration   2: 1.271 us/op
Iteration   3: 1.274 us/op
Iteration   4: 1.285 us/op
Iteration   5: 1.287 us/op
Iteration   6: 1.281 us/op
Iteration   7: 1.300 us/op
Iteration   8: 1.299 us/op
Iteration   9: 1.278 us/op
Iteration  10: 1.273 us/op


Result "de.splatgames.aether.datafixers.benchmarks.codec.CollectionCodecBenchmark.roundTripStringListFunctional":
  1.269 ±(99.9%) 0.009 us/op [Average]
  (min, avg, max) = (1.243, 1.269, 1.300), stdev = 0.014
  CI (99.9%): [1.260, 1.279] (assumes normal distribution)


# JMH version: 1.37
# VM version: JDK 17.0.18, OpenJDK 64-Bit Server VM, 17.0.18+8-Ubuntu-122.04.1
# VM invoker: /usr/lib/jvm/java-17-openjdk-amd64/bin/java
# VM options: -Xms4G -Xmx4G -XX:+UseG1GC -XX:+AlwaysPreTouch
# Blackhole mode: compiler (auto-detected, use -Djmh.blackhole.autoDetect=false to disable)
# Warmup: 5 iterations, 1 s each
# Measurement: 10 iterations, 1 s each
# Timeout: 10 min per iteration
# Threads: 1 thread, will synchronize iterations
# Benchmark mode: Average time, time/op
# Benchmark: de.splatgames.aether.datafixers.benchmarks.codec.CollectionCodecBenchmark.roundTripStringListFunctional
# Parameters: (listSize = 1000)

# Run progress: 80.26% complete, ETA 00:11:43
# Fork: 1 of 3
# Warmup Iteration   1: 12.805 us/op
# Warmup Iteration   2: 12.023 us/op
# Warmup Iteration   3: 12.140 us/op
# Warmup Iteration   4: 12.061 us/op
# Warmup Iteration   5: 12.090 us/op
Iteration   1: 12.066 us/op
Iteration   2: 12.550 us/op
Iteration   3: 12.460 us/op
Iteration   4: 12.446 us/op
Iteration   5: 11.973 us/op
Iteration   6: 11.992 us/op
Iteration   7: 12.106 us/op
Iteration   8: 12.042 us/op
Iteration   9: 12.018 us/op
Iteration  10: 11.987 us/op

# Run progress: 80.70% complete, ETA 00:11:27
# Fork: 2 of 3
# Warmup Iteration   1: 13.005 us/op
# Warmup Iteration   2: 12.048 us/op
# Warmup Iteration   3: 12.030 us/op
# Warmup Iteration   4: 12.002 us/op
# Warmup Iteration   5: 12.073 us/op
Iteration   1: 12.050 us/op
Iteration   2: 12.065 us/op
Iteration   3: 12.082 us/op
Iteration   4: 12.087 us/op
Iteration   5: 12.053 us/op
Iteration   6: 12.308 us/op
Iteration   7: 12.199 us/op
Iteration   8: 12.135 us/op
Iteration   9: 12.116 us/op
Iteration  10: 12.458 us/op

# Run progress: 81.14% complete, ETA 00:11:12
# Fork: 3 of 3
# Warmup Iteration   1: 12.717 us/op
# Warmup Iteration   2: 12.355 us/op
# Warmup Iteration   3: 12.163 us/op
# Warmup Iteration   4: 12.024 us/op
# Warmup Iteration   5: 12.245 us/op
Iteration   1: 12.169 us/op
Iteration   2: 12.108 us/op
Iteration   3: 12.178 us/op
Iteration   4: 12.154 us/op
Iteration   5: 12.100 us/op
Iteration   6: 12.071 us/op
Iteration   7: 12.182 us/op
Iteration   8: 12.059 us/op
Iteration   9: 12.032 us/op
Iteration  10: 12.201 us/op


Result "de.splatgames.aether.datafixers.benchmarks.codec.CollectionCodecBenchmark.roundTripStringListFunctional":
  12.148 ±(99.9%) 0.101 us/op [Average]
  (min, avg, max) = (11.973, 12.148, 12.550), stdev = 0.151
  CI (99.9%): [12.047, 12.249] (assumes normal distribution)


# JMH version: 1.37
# VM version: JDK 17.0.18, OpenJDK 64-Bit Server VM, 17.0.18+8-Ubuntu-122.04.1
# VM invoker: /usr/lib/jvm/java-17-openjdk-amd64/bin/java
# VM options: -Xms4G -Xmx4G -XX:+UseG1GC -XX:+AlwaysPreTouch
# Blackhole mode: compiler (auto-detected, use -Djmh.blackhole.autoDetect=false to disable)
# Warmup: 5 iterations, 1 s each
# Measurement: 10 iterations, 1 s each
# Timeout: 10 min per iteration
# Threads: 1 thread, will synchronize iterations
# Benchmark mode: Average time, time/op
# Benchmark: de.splatgames.aether.datafixers.benchmarks.codec.PrimitiveCodecBenchmark.decodeBool

# Run progress: 81.58% complete, ETA 00:10:56
# Fork: 1 of 3
# Warmup Iteration   1: 4.109 ns/op
# Warmup Iteration   2: 4.062 ns/op
# Warmup Iteration   3: 3.921 ns/op
# Warmup Iteration   4: 3.923 ns/op
# Warmup Iteration   5: 3.909 ns/op
Iteration   1: 3.932 ns/op
Iteration   2: 3.953 ns/op
Iteration   3: 3.919 ns/op
Iteration   4: 3.910 ns/op
Iteration   5: 3.976 ns/op
Iteration   6: 3.933 ns/op
Iteration   7: 3.894 ns/op
Iteration   8: 3.899 ns/op
Iteration   9: 3.885 ns/op
Iteration  10: 3.909 ns/op

# Run progress: 82.02% complete, ETA 00:10:40
# Fork: 2 of 3
# Warmup Iteration   1: 4.065 ns/op
# Warmup Iteration   2: 4.034 ns/op
# Warmup Iteration   3: 3.876 ns/op
# Warmup Iteration   4: 3.911 ns/op
# Warmup Iteration   5: 3.952 ns/op
Iteration   1: 4.036 ns/op
Iteration   2: 4.115 ns/op
Iteration   3: 3.865 ns/op
Iteration   4: 3.892 ns/op
Iteration   5: 3.868 ns/op
Iteration   6: 3.939 ns/op
Iteration   7: 3.886 ns/op
Iteration   8: 3.854 ns/op
Iteration   9: 4.032 ns/op
Iteration  10: 3.894 ns/op

# Run progress: 82.46% complete, ETA 00:10:25
# Fork: 3 of 3
# Warmup Iteration   1: 4.036 ns/op
# Warmup Iteration   2: 4.062 ns/op
# Warmup Iteration   3: 3.996 ns/op
# Warmup Iteration   4: 3.922 ns/op
# Warmup Iteration   5: 3.905 ns/op
Iteration   1: 3.949 ns/op
Iteration   2: 3.934 ns/op
Iteration   3: 3.933 ns/op
Iteration   4: 3.980 ns/op
Iteration   5: 3.890 ns/op
Iteration   6: 3.937 ns/op
Iteration   7: 3.897 ns/op
Iteration   8: 3.901 ns/op
Iteration   9: 3.922 ns/op
Iteration  10: 3.893 ns/op


Result "de.splatgames.aether.datafixers.benchmarks.codec.PrimitiveCodecBenchmark.decodeBool":
  3.928 ±(99.9%) 0.037 ns/op [Average]
  (min, avg, max) = (3.854, 3.928, 4.115), stdev = 0.056
  CI (99.9%): [3.890, 3.965] (assumes normal distribution)


# JMH version: 1.37
# VM version: JDK 17.0.18, OpenJDK 64-Bit Server VM, 17.0.18+8-Ubuntu-122.04.1
# VM invoker: /usr/lib/jvm/java-17-openjdk-amd64/bin/java
# VM options: -Xms4G -Xmx4G -XX:+UseG1GC -XX:+AlwaysPreTouch
# Blackhole mode: compiler (auto-detected, use -Djmh.blackhole.autoDetect=false to disable)
# Warmup: 5 iterations, 1 s each
# Measurement: 10 iterations, 1 s each
# Timeout: 10 min per iteration
# Threads: 1 thread, will synchronize iterations
# Benchmark mode: Average time, time/op
# Benchmark: de.splatgames.aether.datafixers.benchmarks.codec.PrimitiveCodecBenchmark.decodeDouble

# Run progress: 82.89% complete, ETA 00:10:09
# Fork: 1 of 3
# Warmup Iteration   1: 6.281 ns/op
# Warmup Iteration   2: 6.231 ns/op
# Warmup Iteration   3: 6.337 ns/op
# Warmup Iteration   4: 6.248 ns/op
# Warmup Iteration   5: 6.266 ns/op
Iteration   1: 6.248 ns/op
Iteration   2: 6.236 ns/op
Iteration   3: 6.235 ns/op
Iteration   4: 6.205 ns/op
Iteration   5: 6.178 ns/op
Iteration   6: 6.134 ns/op
Iteration   7: 6.184 ns/op
Iteration   8: 6.260 ns/op
Iteration   9: 6.160 ns/op
Iteration  10: 6.179 ns/op

# Run progress: 83.33% complete, ETA 00:09:53
# Fork: 2 of 3
# Warmup Iteration   1: 6.212 ns/op
# Warmup Iteration   2: 6.197 ns/op
# Warmup Iteration   3: 6.231 ns/op
# Warmup Iteration   4: 6.185 ns/op
# Warmup Iteration   5: 6.216 ns/op
Iteration   1: 6.192 ns/op
Iteration   2: 6.209 ns/op
Iteration   3: 6.271 ns/op
Iteration   4: 6.215 ns/op
Iteration   5: 6.219 ns/op
Iteration   6: 6.232 ns/op
Iteration   7: 6.232 ns/op
Iteration   8: 6.184 ns/op
Iteration   9: 6.197 ns/op
Iteration  10: 6.210 ns/op

# Run progress: 83.77% complete, ETA 00:09:38
# Fork: 3 of 3
# Warmup Iteration   1: 6.332 ns/op
# Warmup Iteration   2: 6.419 ns/op
# Warmup Iteration   3: 6.251 ns/op
# Warmup Iteration   4: 6.260 ns/op
# Warmup Iteration   5: 6.489 ns/op
Iteration   1: 6.214 ns/op
Iteration   2: 6.233 ns/op
Iteration   3: 6.243 ns/op
Iteration   4: 6.235 ns/op
Iteration   5: 6.252 ns/op
Iteration   6: 6.198 ns/op
Iteration   7: 6.310 ns/op
Iteration   8: 6.311 ns/op
Iteration   9: 6.252 ns/op
Iteration  10: 6.311 ns/op


Result "de.splatgames.aether.datafixers.benchmarks.codec.PrimitiveCodecBenchmark.decodeDouble":
  6.225 ±(99.9%) 0.028 ns/op [Average]
  (min, avg, max) = (6.134, 6.225, 6.311), stdev = 0.042
  CI (99.9%): [6.196, 6.253] (assumes normal distribution)


# JMH version: 1.37
# VM version: JDK 17.0.18, OpenJDK 64-Bit Server VM, 17.0.18+8-Ubuntu-122.04.1
# VM invoker: /usr/lib/jvm/java-17-openjdk-amd64/bin/java
# VM options: -Xms4G -Xmx4G -XX:+UseG1GC -XX:+AlwaysPreTouch
# Blackhole mode: compiler (auto-detected, use -Djmh.blackhole.autoDetect=false to disable)
# Warmup: 5 iterations, 1 s each
# Measurement: 10 iterations, 1 s each
# Timeout: 10 min per iteration
# Threads: 1 thread, will synchronize iterations
# Benchmark mode: Average time, time/op
# Benchmark: de.splatgames.aether.datafixers.benchmarks.codec.PrimitiveCodecBenchmark.decodeFloat

# Run progress: 84.21% complete, ETA 00:09:22
# Fork: 1 of 3
# Warmup Iteration   1: 5.894 ns/op
# Warmup Iteration   2: 5.896 ns/op
# Warmup Iteration   3: 6.166 ns/op
# Warmup Iteration   4: 5.958 ns/op
# Warmup Iteration   5: 5.866 ns/op
Iteration   1: 5.946 ns/op
Iteration   2: 5.962 ns/op
Iteration   3: 5.953 ns/op
Iteration   4: 5.912 ns/op
Iteration   5: 5.943 ns/op
Iteration   6: 5.873 ns/op
Iteration   7: 5.900 ns/op
Iteration   8: 5.920 ns/op
Iteration   9: 5.907 ns/op
Iteration  10: 5.907 ns/op

# Run progress: 84.65% complete, ETA 00:09:07
# Fork: 2 of 3
# Warmup Iteration   1: 5.894 ns/op
# Warmup Iteration   2: 5.868 ns/op
# Warmup Iteration   3: 6.003 ns/op
# Warmup Iteration   4: 6.048 ns/op
# Warmup Iteration   5: 5.935 ns/op
Iteration   1: 5.961 ns/op
Iteration   2: 5.840 ns/op
Iteration   3: 5.867 ns/op
Iteration   4: 5.834 ns/op
Iteration   5: 5.852 ns/op
Iteration   6: 6.007 ns/op
Iteration   7: 5.851 ns/op
Iteration   8: 5.900 ns/op
Iteration   9: 5.856 ns/op
Iteration  10: 5.853 ns/op

# Run progress: 85.09% complete, ETA 00:08:51
# Fork: 3 of 3
# Warmup Iteration   1: 5.857 ns/op
# Warmup Iteration   2: 5.887 ns/op
# Warmup Iteration   3: 5.917 ns/op
# Warmup Iteration   4: 5.882 ns/op
# Warmup Iteration   5: 5.913 ns/op
Iteration   1: 5.903 ns/op
Iteration   2: 5.868 ns/op
Iteration   3: 5.868 ns/op
Iteration   4: 5.858 ns/op
Iteration   5: 5.841 ns/op
Iteration   6: 5.870 ns/op
Iteration   7: 5.932 ns/op
Iteration   8: 5.865 ns/op
Iteration   9: 5.871 ns/op
Iteration  10: 5.882 ns/op


Result "de.splatgames.aether.datafixers.benchmarks.codec.PrimitiveCodecBenchmark.decodeFloat":
  5.893 ±(99.9%) 0.029 ns/op [Average]
  (min, avg, max) = (5.834, 5.893, 6.007), stdev = 0.044
  CI (99.9%): [5.864, 5.923] (assumes normal distribution)


# JMH version: 1.37
# VM version: JDK 17.0.18, OpenJDK 64-Bit Server VM, 17.0.18+8-Ubuntu-122.04.1
# VM invoker: /usr/lib/jvm/java-17-openjdk-amd64/bin/java
# VM options: -Xms4G -Xmx4G -XX:+UseG1GC -XX:+AlwaysPreTouch
# Blackhole mode: compiler (auto-detected, use -Djmh.blackhole.autoDetect=false to disable)
# Warmup: 5 iterations, 1 s each
# Measurement: 10 iterations, 1 s each
# Timeout: 10 min per iteration
# Threads: 1 thread, will synchronize iterations
# Benchmark mode: Average time, time/op
# Benchmark: de.splatgames.aether.datafixers.benchmarks.codec.PrimitiveCodecBenchmark.decodeInt

# Run progress: 85.53% complete, ETA 00:08:35
# Fork: 1 of 3
# Warmup Iteration   1: 4.173 ns/op
# Warmup Iteration   2: 4.171 ns/op
# Warmup Iteration   3: 4.265 ns/op
# Warmup Iteration   4: 4.041 ns/op
# Warmup Iteration   5: 4.063 ns/op
Iteration   1: 4.177 ns/op
Iteration   2: 4.101 ns/op
Iteration   3: 4.164 ns/op
Iteration   4: 4.069 ns/op
Iteration   5: 4.109 ns/op
Iteration   6: 4.045 ns/op
Iteration   7: 4.092 ns/op
Iteration   8: 4.079 ns/op
Iteration   9: 4.087 ns/op
Iteration  10: 4.081 ns/op

# Run progress: 85.96% complete, ETA 00:08:20
# Fork: 2 of 3
# Warmup Iteration   1: 4.205 ns/op
# Warmup Iteration   2: 4.136 ns/op
# Warmup Iteration   3: 4.032 ns/op
# Warmup Iteration   4: 4.074 ns/op
# Warmup Iteration   5: 4.066 ns/op
Iteration   1: 4.065 ns/op
Iteration   2: 4.026 ns/op
Iteration   3: 4.043 ns/op
Iteration   4: 4.044 ns/op
Iteration   5: 4.037 ns/op
Iteration   6: 4.062 ns/op
Iteration   7: 4.055 ns/op
Iteration   8: 4.035 ns/op
Iteration   9: 4.089 ns/op
Iteration  10: 4.019 ns/op

# Run progress: 86.40% complete, ETA 00:08:04
# Fork: 3 of 3
# Warmup Iteration   1: 4.152 ns/op
# Warmup Iteration   2: 4.135 ns/op
# Warmup Iteration   3: 4.125 ns/op
# Warmup Iteration   4: 4.046 ns/op
# Warmup Iteration   5: 4.016 ns/op
Iteration   1: 4.064 ns/op
Iteration   2: 4.041 ns/op
Iteration   3: 4.060 ns/op
Iteration   4: 4.106 ns/op
Iteration   5: 4.059 ns/op
Iteration   6: 4.093 ns/op
Iteration   7: 4.065 ns/op
Iteration   8: 4.045 ns/op
Iteration   9: 4.059 ns/op
Iteration  10: 4.071 ns/op


Result "de.splatgames.aether.datafixers.benchmarks.codec.PrimitiveCodecBenchmark.decodeInt":
  4.071 ±(99.9%) 0.024 ns/op [Average]
  (min, avg, max) = (4.019, 4.071, 4.177), stdev = 0.036
  CI (99.9%): [4.047, 4.095] (assumes normal distribution)


# JMH version: 1.37
# VM version: JDK 17.0.18, OpenJDK 64-Bit Server VM, 17.0.18+8-Ubuntu-122.04.1
# VM invoker: /usr/lib/jvm/java-17-openjdk-amd64/bin/java
# VM options: -Xms4G -Xmx4G -XX:+UseG1GC -XX:+AlwaysPreTouch
# Blackhole mode: compiler (auto-detected, use -Djmh.blackhole.autoDetect=false to disable)
# Warmup: 5 iterations, 1 s each
# Measurement: 10 iterations, 1 s each
# Timeout: 10 min per iteration
# Threads: 1 thread, will synchronize iterations
# Benchmark mode: Average time, time/op
# Benchmark: de.splatgames.aether.datafixers.benchmarks.codec.PrimitiveCodecBenchmark.decodeLong

# Run progress: 86.84% complete, ETA 00:07:48
# Fork: 1 of 3
# Warmup Iteration   1: 6.668 ns/op
# Warmup Iteration   2: 6.493 ns/op
# Warmup Iteration   3: 6.269 ns/op
# Warmup Iteration   4: 6.155 ns/op
# Warmup Iteration   5: 6.182 ns/op
Iteration   1: 6.167 ns/op
Iteration   2: 6.160 ns/op
Iteration   3: 6.109 ns/op
Iteration   4: 6.169 ns/op
Iteration   5: 6.248 ns/op
Iteration   6: 6.196 ns/op
Iteration   7: 6.179 ns/op
Iteration   8: 6.271 ns/op
Iteration   9: 6.191 ns/op
Iteration  10: 6.193 ns/op

# Run progress: 87.28% complete, ETA 00:07:33
# Fork: 2 of 3
# Warmup Iteration   1: 7.007 ns/op
# Warmup Iteration   2: 6.519 ns/op
# Warmup Iteration   3: 6.241 ns/op
# Warmup Iteration   4: 6.162 ns/op
# Warmup Iteration   5: 6.124 ns/op
Iteration   1: 6.170 ns/op
Iteration   2: 6.312 ns/op
Iteration   3: 6.289 ns/op
Iteration   4: 6.218 ns/op
Iteration   5: 6.239 ns/op
Iteration   6: 6.216 ns/op
Iteration   7: 6.193 ns/op
Iteration   8: 6.215 ns/op
Iteration   9: 6.235 ns/op
Iteration  10: 6.219 ns/op

# Run progress: 87.72% complete, ETA 00:07:17
# Fork: 3 of 3
# Warmup Iteration   1: 6.763 ns/op
# Warmup Iteration   2: 6.678 ns/op
# Warmup Iteration   3: 6.274 ns/op
# Warmup Iteration   4: 6.330 ns/op
# Warmup Iteration   5: 6.293 ns/op
Iteration   1: 6.180 ns/op
Iteration   2: 6.187 ns/op
Iteration   3: 6.151 ns/op
Iteration   4: 6.209 ns/op
Iteration   5: 6.157 ns/op
Iteration   6: 6.168 ns/op
Iteration   7: 6.262 ns/op
Iteration   8: 6.137 ns/op
Iteration   9: 6.172 ns/op
Iteration  10: 6.159 ns/op


Result "de.splatgames.aether.datafixers.benchmarks.codec.PrimitiveCodecBenchmark.decodeLong":
  6.199 ±(99.9%) 0.031 ns/op [Average]
  (min, avg, max) = (6.109, 6.199, 6.312), stdev = 0.046
  CI (99.9%): [6.168, 6.230] (assumes normal distribution)


# JMH version: 1.37
# VM version: JDK 17.0.18, OpenJDK 64-Bit Server VM, 17.0.18+8-Ubuntu-122.04.1
# VM invoker: /usr/lib/jvm/java-17-openjdk-amd64/bin/java
# VM options: -Xms4G -Xmx4G -XX:+UseG1GC -XX:+AlwaysPreTouch
# Blackhole mode: compiler (auto-detected, use -Djmh.blackhole.autoDetect=false to disable)
# Warmup: 5 iterations, 1 s each
# Measurement: 10 iterations, 1 s each
# Timeout: 10 min per iteration
# Threads: 1 thread, will synchronize iterations
# Benchmark mode: Average time, time/op
# Benchmark: de.splatgames.aether.datafixers.benchmarks.codec.PrimitiveCodecBenchmark.decodeString

# Run progress: 88.16% complete, ETA 00:07:01
# Fork: 1 of 3
# Warmup Iteration   1: 4.177 ns/op
# Warmup Iteration   2: 3.941 ns/op
# Warmup Iteration   3: 4.019 ns/op
# Warmup Iteration   4: 4.023 ns/op
# Warmup Iteration   5: 4.026 ns/op
Iteration   1: 4.065 ns/op
Iteration   2: 4.008 ns/op
Iteration   3: 3.995 ns/op
Iteration   4: 4.024 ns/op
Iteration   5: 3.973 ns/op
Iteration   6: 3.957 ns/op
Iteration   7: 3.965 ns/op
Iteration   8: 3.955 ns/op
Iteration   9: 3.986 ns/op
Iteration  10: 3.985 ns/op

# Run progress: 88.60% complete, ETA 00:06:46
# Fork: 2 of 3
# Warmup Iteration   1: 4.170 ns/op
# Warmup Iteration   2: 3.975 ns/op
# Warmup Iteration   3: 4.008 ns/op
# Warmup Iteration   4: 4.017 ns/op
# Warmup Iteration   5: 3.991 ns/op
Iteration   1: 3.963 ns/op
Iteration   2: 3.971 ns/op
Iteration   3: 4.030 ns/op
Iteration   4: 3.997 ns/op
Iteration   5: 3.981 ns/op
Iteration   6: 4.017 ns/op
Iteration   7: 3.960 ns/op
Iteration   8: 4.035 ns/op
Iteration   9: 4.023 ns/op
Iteration  10: 4.108 ns/op

# Run progress: 89.04% complete, ETA 00:06:30
# Fork: 3 of 3
# Warmup Iteration   1: 4.138 ns/op
# Warmup Iteration   2: 3.939 ns/op
# Warmup Iteration   3: 4.018 ns/op
# Warmup Iteration   4: 4.065 ns/op
# Warmup Iteration   5: 4.095 ns/op
Iteration   1: 4.023 ns/op
Iteration   2: 4.027 ns/op
Iteration   3: 4.013 ns/op
Iteration   4: 4.045 ns/op
Iteration   5: 4.020 ns/op
Iteration   6: 4.004 ns/op
Iteration   7: 3.968 ns/op
Iteration   8: 3.958 ns/op
Iteration   9: 3.971 ns/op
Iteration  10: 3.983 ns/op


Result "de.splatgames.aether.datafixers.benchmarks.codec.PrimitiveCodecBenchmark.decodeString":
  4.000 ±(99.9%) 0.024 ns/op [Average]
  (min, avg, max) = (3.955, 4.000, 4.108), stdev = 0.036
  CI (99.9%): [3.976, 4.024] (assumes normal distribution)


# JMH version: 1.37
# VM version: JDK 17.0.18, OpenJDK 64-Bit Server VM, 17.0.18+8-Ubuntu-122.04.1
# VM invoker: /usr/lib/jvm/java-17-openjdk-amd64/bin/java
# VM options: -Xms4G -Xmx4G -XX:+UseG1GC -XX:+AlwaysPreTouch
# Blackhole mode: compiler (auto-detected, use -Djmh.blackhole.autoDetect=false to disable)
# Warmup: 5 iterations, 1 s each
# Measurement: 10 iterations, 1 s each
# Timeout: 10 min per iteration
# Threads: 1 thread, will synchronize iterations
# Benchmark mode: Average time, time/op
# Benchmark: de.splatgames.aether.datafixers.benchmarks.codec.PrimitiveCodecBenchmark.encodeBool

# Run progress: 89.47% complete, ETA 00:06:15
# Fork: 1 of 3
# Warmup Iteration   1: 4.030 ns/op
# Warmup Iteration   2: 4.060 ns/op
# Warmup Iteration   3: 3.667 ns/op
# Warmup Iteration   4: 3.638 ns/op
# Warmup Iteration   5: 3.618 ns/op
Iteration   1: 3.599 ns/op
Iteration   2: 3.595 ns/op
Iteration   3: 3.614 ns/op
Iteration   4: 3.672 ns/op
Iteration   5: 3.616 ns/op
Iteration   6: 3.622 ns/op
Iteration   7: 3.589 ns/op
Iteration   8: 3.642 ns/op
Iteration   9: 3.588 ns/op
Iteration  10: 3.585 ns/op

# Run progress: 89.91% complete, ETA 00:05:59
# Fork: 2 of 3
# Warmup Iteration   1: 4.056 ns/op
# Warmup Iteration   2: 4.040 ns/op
# Warmup Iteration   3: 3.604 ns/op
# Warmup Iteration   4: 3.675 ns/op
# Warmup Iteration   5: 3.618 ns/op
Iteration   1: 3.597 ns/op
Iteration   2: 3.628 ns/op
Iteration   3: 3.564 ns/op
Iteration   4: 3.586 ns/op
Iteration   5: 3.576 ns/op
Iteration   6: 3.614 ns/op
Iteration   7: 3.666 ns/op
Iteration   8: 3.616 ns/op
Iteration   9: 3.669 ns/op
Iteration  10: 3.608 ns/op

# Run progress: 90.35% complete, ETA 00:05:43
# Fork: 3 of 3
# Warmup Iteration   1: 4.109 ns/op
# Warmup Iteration   2: 4.069 ns/op
# Warmup Iteration   3: 3.632 ns/op
# Warmup Iteration   4: 3.595 ns/op
# Warmup Iteration   5: 3.627 ns/op
Iteration   1: 3.616 ns/op
Iteration   2: 3.605 ns/op
Iteration   3: 3.586 ns/op
Iteration   4: 3.669 ns/op
Iteration   5: 3.619 ns/op
Iteration   6: 3.685 ns/op
Iteration   7: 3.693 ns/op
Iteration   8: 3.779 ns/op
Iteration   9: 3.599 ns/op
Iteration  10: 3.746 ns/op


Result "de.splatgames.aether.datafixers.benchmarks.codec.PrimitiveCodecBenchmark.encodeBool":
  3.628 ±(99.9%) 0.033 ns/op [Average]
  (min, avg, max) = (3.564, 3.628, 3.779), stdev = 0.050
  CI (99.9%): [3.595, 3.661] (assumes normal distribution)


# JMH version: 1.37
# VM version: JDK 17.0.18, OpenJDK 64-Bit Server VM, 17.0.18+8-Ubuntu-122.04.1
# VM invoker: /usr/lib/jvm/java-17-openjdk-amd64/bin/java
# VM options: -Xms4G -Xmx4G -XX:+UseG1GC -XX:+AlwaysPreTouch
# Blackhole mode: compiler (auto-detected, use -Djmh.blackhole.autoDetect=false to disable)
# Warmup: 5 iterations, 1 s each
# Measurement: 10 iterations, 1 s each
# Timeout: 10 min per iteration
# Threads: 1 thread, will synchronize iterations
# Benchmark mode: Average time, time/op
# Benchmark: de.splatgames.aether.datafixers.benchmarks.codec.PrimitiveCodecBenchmark.encodeDouble

# Run progress: 90.79% complete, ETA 00:05:28
# Fork: 1 of 3
# Warmup Iteration   1: 6.119 ns/op
# Warmup Iteration   2: 6.092 ns/op
# Warmup Iteration   3: 6.044 ns/op
# Warmup Iteration   4: 5.964 ns/op
# Warmup Iteration   5: 5.918 ns/op
Iteration   1: 5.980 ns/op
Iteration   2: 5.985 ns/op
Iteration   3: 5.916 ns/op
Iteration   4: 6.005 ns/op
Iteration   5: 5.931 ns/op
Iteration   6: 5.950 ns/op
Iteration   7: 5.941 ns/op
Iteration   8: 6.026 ns/op
Iteration   9: 5.946 ns/op
Iteration  10: 5.928 ns/op

# Run progress: 91.23% complete, ETA 00:05:12
# Fork: 2 of 3
# Warmup Iteration   1: 6.150 ns/op
# Warmup Iteration   2: 6.120 ns/op
# Warmup Iteration   3: 5.931 ns/op
# Warmup Iteration   4: 5.896 ns/op
# Warmup Iteration   5: 5.860 ns/op
Iteration   1: 5.838 ns/op
Iteration   2: 5.958 ns/op
Iteration   3: 5.921 ns/op
Iteration   4: 5.931 ns/op
Iteration   5: 5.972 ns/op
Iteration   6: 6.024 ns/op
Iteration   7: 5.947 ns/op
Iteration   8: 5.958 ns/op
Iteration   9: 5.918 ns/op
Iteration  10: 5.906 ns/op

# Run progress: 91.67% complete, ETA 00:04:56
# Fork: 3 of 3
# Warmup Iteration   1: 6.082 ns/op
# Warmup Iteration   2: 6.224 ns/op
# Warmup Iteration   3: 5.992 ns/op
# Warmup Iteration   4: 5.907 ns/op
# Warmup Iteration   5: 5.916 ns/op
Iteration   1: 5.914 ns/op
Iteration   2: 5.926 ns/op
Iteration   3: 5.897 ns/op
Iteration   4: 5.928 ns/op
Iteration   5: 5.889 ns/op
Iteration   6: 5.865 ns/op
Iteration   7: 5.989 ns/op
Iteration   8: 5.925 ns/op
Iteration   9: 5.904 ns/op
Iteration  10: 5.917 ns/op


Result "de.splatgames.aether.datafixers.benchmarks.codec.PrimitiveCodecBenchmark.encodeDouble":
  5.938 ±(99.9%) 0.029 ns/op [Average]
  (min, avg, max) = (5.838, 5.938, 6.026), stdev = 0.043
  CI (99.9%): [5.909, 5.966] (assumes normal distribution)


# JMH version: 1.37
# VM version: JDK 17.0.18, OpenJDK 64-Bit Server VM, 17.0.18+8-Ubuntu-122.04.1
# VM invoker: /usr/lib/jvm/java-17-openjdk-amd64/bin/java
# VM options: -Xms4G -Xmx4G -XX:+UseG1GC -XX:+AlwaysPreTouch
# Blackhole mode: compiler (auto-detected, use -Djmh.blackhole.autoDetect=false to disable)
# Warmup: 5 iterations, 1 s each
# Measurement: 10 iterations, 1 s each
# Timeout: 10 min per iteration
# Threads: 1 thread, will synchronize iterations
# Benchmark mode: Average time, time/op
# Benchmark: de.splatgames.aether.datafixers.benchmarks.codec.PrimitiveCodecBenchmark.encodeFloat

# Run progress: 92.11% complete, ETA 00:04:41
# Fork: 1 of 3
# Warmup Iteration   1: 5.837 ns/op
# Warmup Iteration   2: 5.799 ns/op
# Warmup Iteration   3: 5.720 ns/op
# Warmup Iteration   4: 5.672 ns/op
# Warmup Iteration   5: 5.658 ns/op
Iteration   1: 5.718 ns/op
Iteration   2: 5.644 ns/op
Iteration   3: 5.635 ns/op
Iteration   4: 5.640 ns/op
Iteration   5: 5.669 ns/op
Iteration   6: 5.901 ns/op
Iteration   7: 5.688 ns/op
Iteration   8: 5.637 ns/op
Iteration   9: 5.657 ns/op
Iteration  10: 5.663 ns/op

# Run progress: 92.54% complete, ETA 00:04:25
# Fork: 2 of 3
# Warmup Iteration   1: 5.951 ns/op
# Warmup Iteration   2: 5.786 ns/op
# Warmup Iteration   3: 5.698 ns/op
# Warmup Iteration   4: 5.620 ns/op
# Warmup Iteration   5: 5.687 ns/op
Iteration   1: 5.670 ns/op
Iteration   2: 5.704 ns/op
Iteration   3: 5.731 ns/op
Iteration   4: 5.715 ns/op
Iteration   5: 5.669 ns/op
Iteration   6: 5.699 ns/op
Iteration   7: 5.716 ns/op
Iteration   8: 5.629 ns/op
Iteration   9: 5.650 ns/op
Iteration  10: 5.606 ns/op

# Run progress: 92.98% complete, ETA 00:04:09
# Fork: 3 of 3
# Warmup Iteration   1: 5.920 ns/op
# Warmup Iteration   2: 5.882 ns/op
# Warmup Iteration   3: 5.682 ns/op
# Warmup Iteration   4: 5.657 ns/op
# Warmup Iteration   5: 5.733 ns/op
Iteration   1: 5.712 ns/op
Iteration   2: 5.702 ns/op
Iteration   3: 5.689 ns/op
Iteration   4: 5.832 ns/op
Iteration   5: 5.750 ns/op
Iteration   6: 5.646 ns/op
Iteration   7: 5.691 ns/op
Iteration   8: 5.662 ns/op
Iteration   9: 5.626 ns/op
Iteration  10: 5.721 ns/op


Result "de.splatgames.aether.datafixers.benchmarks.codec.PrimitiveCodecBenchmark.encodeFloat":
  5.689 ±(99.9%) 0.040 ns/op [Average]
  (min, avg, max) = (5.606, 5.689, 5.901), stdev = 0.061
  CI (99.9%): [5.649, 5.730] (assumes normal distribution)


# JMH version: 1.37
# VM version: JDK 17.0.18, OpenJDK 64-Bit Server VM, 17.0.18+8-Ubuntu-122.04.1
# VM invoker: /usr/lib/jvm/java-17-openjdk-amd64/bin/java
# VM options: -Xms4G -Xmx4G -XX:+UseG1GC -XX:+AlwaysPreTouch
# Blackhole mode: compiler (auto-detected, use -Djmh.blackhole.autoDetect=false to disable)
# Warmup: 5 iterations, 1 s each
# Measurement: 10 iterations, 1 s each
# Timeout: 10 min per iteration
# Threads: 1 thread, will synchronize iterations
# Benchmark mode: Average time, time/op
# Benchmark: de.splatgames.aether.datafixers.benchmarks.codec.PrimitiveCodecBenchmark.encodeInt

# Run progress: 93.42% complete, ETA 00:03:54
# Fork: 1 of 3
# Warmup Iteration   1: 4.116 ns/op
# Warmup Iteration   2: 4.017 ns/op
# Warmup Iteration   3: 3.634 ns/op
# Warmup Iteration   4: 3.596 ns/op
# Warmup Iteration   5: 3.615 ns/op
Iteration   1: 3.615 ns/op
Iteration   2: 3.611 ns/op
Iteration   3: 3.616 ns/op
Iteration   4: 3.655 ns/op
Iteration   5: 3.658 ns/op
Iteration   6: 3.629 ns/op
Iteration   7: 3.607 ns/op
Iteration   8: 3.627 ns/op
Iteration   9: 3.632 ns/op
Iteration  10: 3.591 ns/op

# Run progress: 93.86% complete, ETA 00:03:38
# Fork: 2 of 3
# Warmup Iteration   1: 4.099 ns/op
# Warmup Iteration   2: 3.987 ns/op
# Warmup Iteration   3: 3.594 ns/op
# Warmup Iteration   4: 3.644 ns/op
# Warmup Iteration   5: 3.618 ns/op
Iteration   1: 3.609 ns/op
Iteration   2: 3.615 ns/op
Iteration   3: 3.679 ns/op
Iteration   4: 3.795 ns/op
Iteration   5: 3.612 ns/op
Iteration   6: 3.590 ns/op
Iteration   7: 3.607 ns/op
Iteration   8: 3.582 ns/op
Iteration   9: 3.734 ns/op
Iteration  10: 3.649 ns/op

# Run progress: 94.30% complete, ETA 00:03:23
# Fork: 3 of 3
# Warmup Iteration   1: 4.136 ns/op
# Warmup Iteration   2: 4.130 ns/op
# Warmup Iteration   3: 3.598 ns/op
# Warmup Iteration   4: 3.603 ns/op
# Warmup Iteration   5: 3.634 ns/op
Iteration   1: 3.600 ns/op
Iteration   2: 3.647 ns/op
Iteration   3: 3.596 ns/op
Iteration   4: 3.676 ns/op
Iteration   5: 3.584 ns/op
Iteration   6: 3.582 ns/op
Iteration   7: 3.629 ns/op
Iteration   8: 3.598 ns/op
Iteration   9: 3.599 ns/op
Iteration  10: 3.595 ns/op


Result "de.splatgames.aether.datafixers.benchmarks.codec.PrimitiveCodecBenchmark.encodeInt":
  3.627 ±(99.9%) 0.031 ns/op [Average]
  (min, avg, max) = (3.582, 3.627, 3.795), stdev = 0.046
  CI (99.9%): [3.596, 3.658] (assumes normal distribution)


# JMH version: 1.37
# VM version: JDK 17.0.18, OpenJDK 64-Bit Server VM, 17.0.18+8-Ubuntu-122.04.1
# VM invoker: /usr/lib/jvm/java-17-openjdk-amd64/bin/java
# VM options: -Xms4G -Xmx4G -XX:+UseG1GC -XX:+AlwaysPreTouch
# Blackhole mode: compiler (auto-detected, use -Djmh.blackhole.autoDetect=false to disable)
# Warmup: 5 iterations, 1 s each
# Measurement: 10 iterations, 1 s each
# Timeout: 10 min per iteration
# Threads: 1 thread, will synchronize iterations
# Benchmark mode: Average time, time/op
# Benchmark: de.splatgames.aether.datafixers.benchmarks.codec.PrimitiveCodecBenchmark.encodeLong

# Run progress: 94.74% complete, ETA 00:03:07
# Fork: 1 of 3
# Warmup Iteration   1: 5.991 ns/op
# Warmup Iteration   2: 6.142 ns/op
# Warmup Iteration   3: 6.007 ns/op
# Warmup Iteration   4: 5.985 ns/op
# Warmup Iteration   5: 5.973 ns/op
Iteration   1: 6.005 ns/op
Iteration   2: 6.028 ns/op
Iteration   3: 5.925 ns/op
Iteration   4: 5.946 ns/op
Iteration   5: 5.939 ns/op
Iteration   6: 5.892 ns/op
Iteration   7: 6.003 ns/op
Iteration   8: 5.980 ns/op
Iteration   9: 5.993 ns/op
Iteration  10: 5.943 ns/op

# Run progress: 95.18% complete, ETA 00:02:51
# Fork: 2 of 3
# Warmup Iteration   1: 5.917 ns/op
# Warmup Iteration   2: 6.008 ns/op
# Warmup Iteration   3: 5.917 ns/op
# Warmup Iteration   4: 5.936 ns/op
# Warmup Iteration   5: 5.941 ns/op
Iteration   1: 5.876 ns/op
Iteration   2: 5.998 ns/op
Iteration   3: 5.985 ns/op
Iteration   4: 6.010 ns/op
Iteration   5: 5.912 ns/op
Iteration   6: 5.997 ns/op
Iteration   7: 5.939 ns/op
Iteration   8: 5.920 ns/op
Iteration   9: 5.982 ns/op
Iteration  10: 5.918 ns/op

# Run progress: 95.61% complete, ETA 00:02:36
# Fork: 3 of 3
# Warmup Iteration   1: 5.903 ns/op
# Warmup Iteration   2: 6.086 ns/op
# Warmup Iteration   3: 5.955 ns/op
# Warmup Iteration   4: 5.982 ns/op
# Warmup Iteration   5: 5.951 ns/op
Iteration   1: 5.920 ns/op
Iteration   2: 6.213 ns/op
Iteration   3: 5.957 ns/op
Iteration   4: 5.960 ns/op
Iteration   5: 6.006 ns/op
Iteration   6: 5.955 ns/op
Iteration   7: 6.021 ns/op
Iteration   8: 5.950 ns/op
Iteration   9: 5.908 ns/op
Iteration  10: 5.919 ns/op


Result "de.splatgames.aether.datafixers.benchmarks.codec.PrimitiveCodecBenchmark.encodeLong":
  5.967 ±(99.9%) 0.041 ns/op [Average]
  (min, avg, max) = (5.876, 5.967, 6.213), stdev = 0.062
  CI (99.9%): [5.925, 6.008] (assumes normal distribution)


# JMH version: 1.37
# VM version: JDK 17.0.18, OpenJDK 64-Bit Server VM, 17.0.18+8-Ubuntu-122.04.1
# VM invoker: /usr/lib/jvm/java-17-openjdk-amd64/bin/java
# VM options: -Xms4G -Xmx4G -XX:+UseG1GC -XX:+AlwaysPreTouch
# Blackhole mode: compiler (auto-detected, use -Djmh.blackhole.autoDetect=false to disable)
# Warmup: 5 iterations, 1 s each
# Measurement: 10 iterations, 1 s each
# Timeout: 10 min per iteration
# Threads: 1 thread, will synchronize iterations
# Benchmark mode: Average time, time/op
# Benchmark: de.splatgames.aether.datafixers.benchmarks.codec.PrimitiveCodecBenchmark.encodeString

# Run progress: 96.05% complete, ETA 00:02:20
# Fork: 1 of 3
# Warmup Iteration   1: 3.725 ns/op
# Warmup Iteration   2: 3.684 ns/op
# Warmup Iteration   3: 3.343 ns/op
# Warmup Iteration   4: 3.341 ns/op
# Warmup Iteration   5: 3.327 ns/op
Iteration   1: 3.376 ns/op
Iteration   2: 3.412 ns/op
Iteration   3: 3.368 ns/op
Iteration   4: 3.361 ns/op
Iteration   5: 3.367 ns/op
Iteration   6: 3.353 ns/op
Iteration   7: 3.372 ns/op
Iteration   8: 3.382 ns/op
Iteration   9: 3.366 ns/op
Iteration  10: 3.374 ns/op

# Run progress: 96.49% complete, ETA 00:02:04
# Fork: 2 of 3
# Warmup Iteration   1: 3.726 ns/op
# Warmup Iteration   2: 3.748 ns/op
# Warmup Iteration   3: 3.389 ns/op
# Warmup Iteration   4: 3.406 ns/op
# Warmup Iteration   5: 3.361 ns/op
Iteration   1: 3.362 ns/op
Iteration   2: 3.326 ns/op
Iteration   3: 3.338 ns/op
Iteration   4: 3.358 ns/op
Iteration   5: 3.415 ns/op
Iteration   6: 3.347 ns/op
Iteration   7: 3.371 ns/op
Iteration   8: 3.358 ns/op
Iteration   9: 3.362 ns/op
Iteration  10: 3.359 ns/op

# Run progress: 96.93% complete, ETA 00:01:49
# Fork: 3 of 3
# Warmup Iteration   1: 3.716 ns/op
# Warmup Iteration   2: 3.732 ns/op
# Warmup Iteration   3: 3.395 ns/op
# Warmup Iteration   4: 3.355 ns/op
# Warmup Iteration   5: 3.417 ns/op
Iteration   1: 3.368 ns/op
Iteration   2: 3.368 ns/op
Iteration   3: 3.344 ns/op
Iteration   4: 3.398 ns/op
Iteration   5: 3.343 ns/op
Iteration   6: 3.344 ns/op
Iteration   7: 3.371 ns/op
Iteration   8: 3.343 ns/op
Iteration   9: 3.357 ns/op
Iteration  10: 3.425 ns/op


Result "de.splatgames.aether.datafixers.benchmarks.codec.PrimitiveCodecBenchmark.encodeString":
  3.366 ±(99.9%) 0.015 ns/op [Average]
  (min, avg, max) = (3.326, 3.366, 3.425), stdev = 0.023
  CI (99.9%): [3.351, 3.381] (assumes normal distribution)


# JMH version: 1.37
# VM version: JDK 17.0.18, OpenJDK 64-Bit Server VM, 17.0.18+8-Ubuntu-122.04.1
# VM invoker: /usr/lib/jvm/java-17-openjdk-amd64/bin/java
# VM options: -Xms4G -Xmx4G -XX:+UseG1GC -XX:+AlwaysPreTouch
# Blackhole mode: compiler (auto-detected, use -Djmh.blackhole.autoDetect=false to disable)
# Warmup: 5 iterations, 1 s each
# Measurement: 10 iterations, 1 s each
# Timeout: 10 min per iteration
# Threads: 1 thread, will synchronize iterations
# Benchmark mode: Average time, time/op
# Benchmark: de.splatgames.aether.datafixers.benchmarks.codec.PrimitiveCodecBenchmark.roundTripIntDirect

# Run progress: 97.37% complete, ETA 00:01:33
# Fork: 1 of 3
# Warmup Iteration   1: 4.298 ns/op
# Warmup Iteration   2: 4.274 ns/op
# Warmup Iteration   3: 4.270 ns/op
# Warmup Iteration   4: 4.280 ns/op
# Warmup Iteration   5: 4.499 ns/op
Iteration   1: 4.280 ns/op
Iteration   2: 4.233 ns/op
Iteration   3: 4.226 ns/op
Iteration   4: 4.355 ns/op
Iteration   5: 4.299 ns/op
Iteration   6: 4.242 ns/op
Iteration   7: 4.227 ns/op
Iteration   8: 4.292 ns/op
Iteration   9: 4.263 ns/op
Iteration  10: 4.265 ns/op

# Run progress: 97.81% complete, ETA 00:01:18
# Fork: 2 of 3
# Warmup Iteration   1: 4.310 ns/op
# Warmup Iteration   2: 4.304 ns/op
# Warmup Iteration   3: 4.294 ns/op
# Warmup Iteration   4: 4.435 ns/op
# Warmup Iteration   5: 4.244 ns/op
Iteration   1: 4.382 ns/op
Iteration   2: 4.259 ns/op
Iteration   3: 4.338 ns/op
Iteration   4: 4.251 ns/op
Iteration   5: 4.207 ns/op
Iteration   6: 4.278 ns/op
Iteration   7: 4.250 ns/op
Iteration   8: 4.275 ns/op
Iteration   9: 4.263 ns/op
Iteration  10: 4.267 ns/op

# Run progress: 98.25% complete, ETA 00:01:02
# Fork: 3 of 3
# Warmup Iteration   1: 4.282 ns/op
# Warmup Iteration   2: 4.339 ns/op
# Warmup Iteration   3: 4.290 ns/op
# Warmup Iteration   4: 4.281 ns/op
# Warmup Iteration   5: 4.309 ns/op
Iteration   1: 4.284 ns/op
Iteration   2: 4.272 ns/op
Iteration   3: 4.435 ns/op
Iteration   4: 4.276 ns/op
Iteration   5: 4.228 ns/op
Iteration   6: 4.240 ns/op
Iteration   7: 4.259 ns/op
Iteration   8: 4.284 ns/op
Iteration   9: 4.287 ns/op
Iteration  10: 4.243 ns/op


Result "de.splatgames.aether.datafixers.benchmarks.codec.PrimitiveCodecBenchmark.roundTripIntDirect":
  4.275 ±(99.9%) 0.032 ns/op [Average]
  (min, avg, max) = (4.207, 4.275, 4.435), stdev = 0.048
  CI (99.9%): [4.243, 4.308] (assumes normal distribution)


# JMH version: 1.37
# VM version: JDK 17.0.18, OpenJDK 64-Bit Server VM, 17.0.18+8-Ubuntu-122.04.1
# VM invoker: /usr/lib/jvm/java-17-openjdk-amd64/bin/java
# VM options: -Xms4G -Xmx4G -XX:+UseG1GC -XX:+AlwaysPreTouch
# Blackhole mode: compiler (auto-detected, use -Djmh.blackhole.autoDetect=false to disable)
# Warmup: 5 iterations, 1 s each
# Measurement: 10 iterations, 1 s each
# Timeout: 10 min per iteration
# Threads: 1 thread, will synchronize iterations
# Benchmark mode: Average time, time/op
# Benchmark: de.splatgames.aether.datafixers.benchmarks.codec.PrimitiveCodecBenchmark.roundTripStringDirect

# Run progress: 98.68% complete, ETA 00:00:46
# Fork: 1 of 3
# Warmup Iteration   1: 2.353 ns/op
# Warmup Iteration   2: 2.329 ns/op
# Warmup Iteration   3: 2.255 ns/op
# Warmup Iteration   4: 2.230 ns/op
# Warmup Iteration   5: 2.248 ns/op
Iteration   1: 2.222 ns/op
Iteration   2: 2.269 ns/op
Iteration   3: 2.228 ns/op
Iteration   4: 2.233 ns/op
Iteration   5: 2.250 ns/op
Iteration   6: 2.221 ns/op
Iteration   7: 2.214 ns/op
Iteration   8: 2.239 ns/op
Iteration   9: 2.236 ns/op
Iteration  10: 2.265 ns/op

# Run progress: 99.12% complete, ETA 00:00:31
# Fork: 2 of 3
# Warmup Iteration   1: 2.360 ns/op
# Warmup Iteration   2: 2.324 ns/op
# Warmup Iteration   3: 2.283 ns/op
# Warmup Iteration   4: 2.299 ns/op
# Warmup Iteration   5: 2.253 ns/op
Iteration   1: 2.201 ns/op
Iteration   2: 2.248 ns/op
Iteration   3: 2.205 ns/op
Iteration   4: 2.210 ns/op
Iteration   5: 2.212 ns/op
Iteration   6: 2.235 ns/op
Iteration   7: 2.231 ns/op
Iteration   8: 2.211 ns/op
Iteration   9: 2.235 ns/op
Iteration  10: 2.221 ns/op

# Run progress: 99.56% complete, ETA 00:00:15
# Fork: 3 of 3
# Warmup Iteration   1: 2.346 ns/op
# Warmup Iteration   2: 2.337 ns/op
# Warmup Iteration   3: 2.252 ns/op
# Warmup Iteration   4: 2.254 ns/op
# Warmup Iteration   5: 2.234 ns/op
Iteration   1: 2.264 ns/op
Iteration   2: 2.221 ns/op
Iteration   3: 2.211 ns/op
Iteration   4: 2.218 ns/op
Iteration   5: 2.240 ns/op
Iteration   6: 2.213 ns/op
Iteration   7: 2.259 ns/op
Iteration   8: 2.250 ns/op
Iteration   9: 2.232 ns/op
Iteration  10: 2.257 ns/op


Result "de.splatgames.aether.datafixers.benchmarks.codec.PrimitiveCodecBenchmark.roundTripStringDirect":
  2.232 ±(99.9%) 0.013 ns/op [Average]
  (min, avg, max) = (2.201, 2.232, 2.269), stdev = 0.019
  CI (99.9%): [2.219, 2.245] (assumes normal distribution)


# Run complete. Total time: 00:59:21

REMEMBER: The numbers below are just data. To gain reusable insights, you need to follow up on
why the numbers are the way they are. Use profilers (see -prof, -lprof), design factorial
experiments, perform baseline and negative tests that provide experimental control, make sure
the benchmarking environment is safe on JVM/OS/HW level, ask for reviews from the domain experts.
Do not assume the numbers tell you what you want them to tell.

NOTE: Current JVM experimentally supports Compiler Blackholes, and they are in use. Please exercise
extra caution when trusting the results, look into the generated code to check the benchmark still
works, and factor in a small probability of new VM bugs. Additionally, while comparisons between
different JVMs are already problematic, the performance difference caused by different Blackhole
modes can be very significant. Please make sure you use the consistent Blackhole mode for comparisons.

Benchmark                                               (listSize)   Mode  Cnt   Score    Error   Units
CollectionCodecBenchmark.decodeIntList                          10  thrpt   30  14.377 ±  0.143  ops/us
CollectionCodecBenchmark.decodeIntList                         100  thrpt   30   1.778 ±  0.019  ops/us
CollectionCodecBenchmark.decodeIntList                        1000  thrpt   30   0.149 ±  0.001  ops/us
CollectionCodecBenchmark.decodeStringList                       10  thrpt   30  18.786 ±  0.162  ops/us
CollectionCodecBenchmark.decodeStringList                      100  thrpt   30   2.454 ±  0.021  ops/us
CollectionCodecBenchmark.decodeStringList                     1000  thrpt   30   0.244 ±  0.002  ops/us
CollectionCodecBenchmark.encodeIntList                          10  thrpt   30   8.344 ±  0.062  ops/us
CollectionCodecBenchmark.encodeIntList                         100  thrpt   30   0.756 ±  0.005  ops/us
CollectionCodecBenchmark.encodeIntList                        1000  thrpt   30   0.109 ±  0.001  ops/us
CollectionCodecBenchmark.encodeStringList                       10  thrpt   30   9.080 ±  0.080  ops/us
CollectionCodecBenchmark.encodeStringList                      100  thrpt   30   0.934 ±  0.009  ops/us
CollectionCodecBenchmark.encodeStringList                     1000  thrpt   30   0.137 ±  0.001  ops/us
CollectionCodecBenchmark.roundTripIntListDirect                 10  thrpt   30   5.566 ±  0.120  ops/us
CollectionCodecBenchmark.roundTripIntListDirect                100  thrpt   30   0.686 ±  0.005  ops/us
CollectionCodecBenchmark.roundTripIntListDirect               1000  thrpt   30   0.063 ±  0.001  ops/us
CollectionCodecBenchmark.roundTripIntListFunctional             10  thrpt   30   5.646 ±  0.045  ops/us
CollectionCodecBenchmark.roundTripIntListFunctional            100  thrpt   30   0.689 ±  0.004  ops/us
CollectionCodecBenchmark.roundTripIntListFunctional           1000  thrpt   30   0.063 ±  0.001  ops/us
CollectionCodecBenchmark.roundTripStringListDirect              10  thrpt   30   6.000 ±  0.189  ops/us
CollectionCodecBenchmark.roundTripStringListDirect             100  thrpt   30   0.793 ±  0.011  ops/us
CollectionCodecBenchmark.roundTripStringListDirect            1000  thrpt   30   0.078 ±  0.004  ops/us
CollectionCodecBenchmark.roundTripStringListFunctional          10  thrpt   30   4.970 ±  0.184  ops/us
CollectionCodecBenchmark.roundTripStringListFunctional         100  thrpt   30   0.662 ±  0.018  ops/us
CollectionCodecBenchmark.roundTripStringListFunctional        1000  thrpt   30   0.069 ±  0.003  ops/us
PrimitiveCodecBenchmark.decodeBool                             N/A  thrpt   30   0.224 ±  0.004  ops/ns
PrimitiveCodecBenchmark.decodeDouble                           N/A  thrpt   30   0.139 ±  0.004  ops/ns
PrimitiveCodecBenchmark.decodeFloat                            N/A  thrpt   30   0.152 ±  0.002  ops/ns
PrimitiveCodecBenchmark.decodeInt                              N/A  thrpt   30   0.233 ±  0.005  ops/ns
PrimitiveCodecBenchmark.decodeLong                             N/A  thrpt   30   0.143 ±  0.004  ops/ns
PrimitiveCodecBenchmark.decodeString                           N/A  thrpt   30   0.217 ±  0.004  ops/ns
PrimitiveCodecBenchmark.encodeBool                             N/A  thrpt   30   0.241 ±  0.004  ops/ns
PrimitiveCodecBenchmark.encodeDouble                           N/A  thrpt   30   0.149 ±  0.004  ops/ns
PrimitiveCodecBenchmark.encodeFloat                            N/A  thrpt   30   0.156 ±  0.003  ops/ns
PrimitiveCodecBenchmark.encodeInt                              N/A  thrpt   30   0.250 ±  0.005  ops/ns
PrimitiveCodecBenchmark.encodeLong                             N/A  thrpt   30   0.147 ±  0.002  ops/ns
PrimitiveCodecBenchmark.encodeString                           N/A  thrpt   30   0.255 ±  0.008  ops/ns
PrimitiveCodecBenchmark.roundTripIntDirect                     N/A  thrpt   30   0.205 ±  0.005  ops/ns
PrimitiveCodecBenchmark.roundTripStringDirect                  N/A  thrpt   30   0.385 ±  0.008  ops/ns
CollectionCodecBenchmark.decodeIntList                          10   avgt   30   0.076 ±  0.001   us/op
CollectionCodecBenchmark.decodeIntList                         100   avgt   30   0.629 ±  0.014   us/op
CollectionCodecBenchmark.decodeIntList                        1000   avgt   30   7.556 ±  0.119   us/op
CollectionCodecBenchmark.decodeStringList                       10   avgt   30   0.060 ±  0.002   us/op
CollectionCodecBenchmark.decodeStringList                      100   avgt   30   0.448 ±  0.006   us/op
CollectionCodecBenchmark.decodeStringList                     1000   avgt   30   4.630 ±  0.081   us/op
CollectionCodecBenchmark.encodeIntList                          10   avgt   30   0.127 ±  0.003   us/op
CollectionCodecBenchmark.encodeIntList                         100   avgt   30   1.455 ±  0.032   us/op
CollectionCodecBenchmark.encodeIntList                        1000   avgt   30  10.318 ±  0.284   us/op
CollectionCodecBenchmark.encodeStringList                       10   avgt   30   0.122 ±  0.002   us/op
CollectionCodecBenchmark.encodeStringList                      100   avgt   30   1.171 ±  0.021   us/op
CollectionCodecBenchmark.encodeStringList                     1000   avgt   30   8.333 ±  0.291   us/op
CollectionCodecBenchmark.roundTripIntListDirect                 10   avgt   30   0.196 ±  0.007   us/op
CollectionCodecBenchmark.roundTripIntListDirect                100   avgt   30   1.600 ±  0.021   us/op
CollectionCodecBenchmark.roundTripIntListDirect               1000   avgt   30  18.181 ±  0.458   us/op
CollectionCodecBenchmark.roundTripIntListFunctional             10   avgt   30   0.200 ±  0.002   us/op
CollectionCodecBenchmark.roundTripIntListFunctional            100   avgt   30   1.572 ±  0.048   us/op
CollectionCodecBenchmark.roundTripIntListFunctional           1000   avgt   30  18.103 ±  0.401   us/op
CollectionCodecBenchmark.roundTripStringListDirect              10   avgt   30   0.190 ±  0.009   us/op
CollectionCodecBenchmark.roundTripStringListDirect             100   avgt   30   1.305 ±  0.050   us/op
CollectionCodecBenchmark.roundTripStringListDirect            1000   avgt   30  12.181 ±  0.124   us/op
CollectionCodecBenchmark.roundTripStringListFunctional          10   avgt   30   0.166 ±  0.002   us/op
CollectionCodecBenchmark.roundTripStringListFunctional         100   avgt   30   1.269 ±  0.009   us/op
CollectionCodecBenchmark.roundTripStringListFunctional        1000   avgt   30  12.148 ±  0.101   us/op
PrimitiveCodecBenchmark.decodeBool                             N/A   avgt   30   3.928 ±  0.037   ns/op
PrimitiveCodecBenchmark.decodeDouble                           N/A   avgt   30   6.225 ±  0.028   ns/op
PrimitiveCodecBenchmark.decodeFloat                            N/A   avgt   30   5.893 ±  0.029   ns/op
PrimitiveCodecBenchmark.decodeInt                              N/A   avgt   30   4.071 ±  0.024   ns/op
PrimitiveCodecBenchmark.decodeLong                             N/A   avgt   30   6.199 ±  0.031   ns/op
PrimitiveCodecBenchmark.decodeString                           N/A   avgt   30   4.000 ±  0.024   ns/op
PrimitiveCodecBenchmark.encodeBool                             N/A   avgt   30   3.628 ±  0.033   ns/op
PrimitiveCodecBenchmark.encodeDouble                           N/A   avgt   30   5.938 ±  0.029   ns/op
PrimitiveCodecBenchmark.encodeFloat                            N/A   avgt   30   5.689 ±  0.040   ns/op
PrimitiveCodecBenchmark.encodeInt                              N/A   avgt   30   3.627 ±  0.031   ns/op
PrimitiveCodecBenchmark.encodeLong                             N/A   avgt   30   5.967 ±  0.041   ns/op
PrimitiveCodecBenchmark.encodeString                           N/A   avgt   30   3.366 ±  0.015   ns/op
PrimitiveCodecBenchmark.roundTripIntDirect                     N/A   avgt   30   4.275 ±  0.032   ns/op
PrimitiveCodecBenchmark.roundTripStringDirect                  N/A   avgt   30   2.232 ±  0.013   ns/op

Benchmark result is saved to benchmark-results/20260306-230907/codec.json
