# JMH version: 1.37
# VM version: JDK 17.0.18, OpenJDK 64-Bit Server VM, 17.0.18+8-Ubuntu-122.04.1
# VM invoker: /usr/lib/jvm/java-17-openjdk-amd64/bin/java
# VM options: -Xms4G -Xmx4G -XX:+UseG1GC -XX:+AlwaysPreTouch
# Blackhole mode: compiler (auto-detected, use -Djmh.blackhole.autoDetect=false to disable)
# Warmup: 5 iterations, 1 s each
# Measurement: 10 iterations, 1 s each
# Timeout: 10 min per iteration
# Threads: 1 thread, will synchronize iterations
# Benchmark mode: Throughput, ops/time
# Benchmark: de.splatgames.aether.datafixers.benchmarks.core.MultiFixChainBenchmark.mixedChain
# Parameters: (fixCount = 1, payloadSize = SMALL)

# Run progress: 0.00% complete, ETA 01:21:00
# Fork: 1 of 3
# Warmup Iteration   1: 3.437 ops/us
# Warmup Iteration   2: 3.730 ops/us
# Warmup Iteration   3: 3.738 ops/us
# Warmup Iteration   4: 3.734 ops/us
# Warmup Iteration   5: 3.743 ops/us
Iteration   1: 3.773 ops/us
Iteration   2: 3.763 ops/us
Iteration   3: 3.731 ops/us
Iteration   4: 3.779 ops/us
Iteration   5: 3.699 ops/us
Iteration   6: 3.724 ops/us
Iteration   7: 3.743 ops/us
Iteration   8: 3.762 ops/us
Iteration   9: 3.745 ops/us
Iteration  10: 3.780 ops/us

# Run progress: 0.31% complete, ETA 01:25:15
# Fork: 2 of 3
# Warmup Iteration   1: 3.395 ops/us
# Warmup Iteration   2: 3.778 ops/us
# Warmup Iteration   3: 3.749 ops/us
# Warmup Iteration   4: 3.651 ops/us
# Warmup Iteration   5: 3.766 ops/us
Iteration   1: 3.801 ops/us
Iteration   2: 3.738 ops/us
Iteration   3: 3.631 ops/us
Iteration   4: 3.843 ops/us
Iteration   5: 3.806 ops/us
Iteration   6: 3.761 ops/us
Iteration   7: 3.750 ops/us
Iteration   8: 3.719 ops/us
Iteration   9: 3.725 ops/us
Iteration  10: 3.786 ops/us

# Run progress: 0.62% complete, ETA 01:24:20
# Fork: 3 of 3
# Warmup Iteration   1: 3.181 ops/us
# Warmup Iteration   2: 3.650 ops/us
# Warmup Iteration   3: 3.682 ops/us
# Warmup Iteration   4: 3.722 ops/us
# Warmup Iteration   5: 3.745 ops/us
Iteration   1: 3.645 ops/us
Iteration   2: 3.738 ops/us
Iteration   3: 3.722 ops/us
Iteration   4: 3.639 ops/us
Iteration   5: 3.725 ops/us
Iteration   6: 3.781 ops/us
Iteration   7: 3.680 ops/us
Iteration   8: 3.699 ops/us
Iteration   9: 3.746 ops/us
Iteration  10: 3.732 ops/us


Result "de.splatgames.aether.datafixers.benchmarks.core.MultiFixChainBenchmark.mixedChain":
  3.739 ±(99.9%) 0.032 ops/us [Average]
  (min, avg, max) = (3.631, 3.739, 3.843), stdev = 0.048
  CI (99.9%): [3.707, 3.771] (assumes normal distribution)


# JMH version: 1.37
# VM version: JDK 17.0.18, OpenJDK 64-Bit Server VM, 17.0.18+8-Ubuntu-122.04.1
# VM invoker: /usr/lib/jvm/java-17-openjdk-amd64/bin/java
# VM options: -Xms4G -Xmx4G -XX:+UseG1GC -XX:+AlwaysPreTouch
# Blackhole mode: compiler (auto-detected, use -Djmh.blackhole.autoDetect=false to disable)
# Warmup: 5 iterations, 1 s each
# Measurement: 10 iterations, 1 s each
# Timeout: 10 min per iteration
# Threads: 1 thread, will synchronize iterations
# Benchmark mode: Throughput, ops/time
# Benchmark: de.splatgames.aether.datafixers.benchmarks.core.MultiFixChainBenchmark.mixedChain
# Parameters: (fixCount = 1, payloadSize = MEDIUM)

# Run progress: 0.93% complete, ETA 01:23:51
# Fork: 1 of 3
# Warmup Iteration   1: 3.191 ops/us
# Warmup Iteration   2: 3.564 ops/us
# Warmup Iteration   3: 3.580 ops/us
# Warmup Iteration   4: 3.574 ops/us
# Warmup Iteration   5: 3.609 ops/us
Iteration   1: 3.619 ops/us
Iteration   2: 3.593 ops/us
Iteration   3: 3.601 ops/us
Iteration   4: 3.620 ops/us
Iteration   5: 3.602 ops/us
Iteration   6: 3.636 ops/us
Iteration   7: 3.560 ops/us
Iteration   8: 3.576 ops/us
Iteration   9: 3.565 ops/us
Iteration  10: 3.610 ops/us

# Run progress: 1.23% complete, ETA 01:23:31
# Fork: 2 of 3
# Warmup Iteration   1: 3.141 ops/us
# Warmup Iteration   2: 3.618 ops/us
# Warmup Iteration   3: 3.597 ops/us
# Warmup Iteration   4: 3.570 ops/us
# Warmup Iteration   5: 3.589 ops/us
Iteration   1: 3.594 ops/us
Iteration   2: 3.557 ops/us
Iteration   3: 3.586 ops/us
Iteration   4: 3.566 ops/us
Iteration   5: 3.586 ops/us
Iteration   6: 3.613 ops/us
Iteration   7: 3.515 ops/us
Iteration   8: 3.532 ops/us
Iteration   9: 3.564 ops/us
Iteration  10: 3.560 ops/us

# Run progress: 1.54% complete, ETA 01:23:12
# Fork: 3 of 3
# Warmup Iteration   1: 3.166 ops/us
# Warmup Iteration   2: 3.567 ops/us
# Warmup Iteration   3: 3.529 ops/us
# Warmup Iteration   4: 3.604 ops/us
# Warmup Iteration   5: 3.527 ops/us
Iteration   1: 3.458 ops/us
Iteration   2: 3.625 ops/us
Iteration   3: 3.594 ops/us
Iteration   4: 3.605 ops/us
Iteration   5: 3.610 ops/us
Iteration   6: 3.601 ops/us
Iteration   7: 3.504 ops/us
Iteration   8: 3.631 ops/us
Iteration   9: 3.612 ops/us
Iteration  10: 3.585 ops/us


Result "de.splatgames.aether.datafixers.benchmarks.core.MultiFixChainBenchmark.mixedChain":
  3.583 ±(99.9%) 0.027 ops/us [Average]
  (min, avg, max) = (3.458, 3.583, 3.636), stdev = 0.040
  CI (99.9%): [3.556, 3.609] (assumes normal distribution)


# JMH version: 1.37
# VM version: JDK 17.0.18, OpenJDK 64-Bit Server VM, 17.0.18+8-Ubuntu-122.04.1
# VM invoker: /usr/lib/jvm/java-17-openjdk-amd64/bin/java
# VM options: -Xms4G -Xmx4G -XX:+UseG1GC -XX:+AlwaysPreTouch
# Blackhole mode: compiler (auto-detected, use -Djmh.blackhole.autoDetect=false to disable)
# Warmup: 5 iterations, 1 s each
# Measurement: 10 iterations, 1 s each
# Timeout: 10 min per iteration
# Threads: 1 thread, will synchronize iterations
# Benchmark mode: Throughput, ops/time
# Benchmark: de.splatgames.aether.datafixers.benchmarks.core.MultiFixChainBenchmark.mixedChain
# Parameters: (fixCount = 5, payloadSize = SMALL)

# Run progress: 1.85% complete, ETA 01:22:54
# Fork: 1 of 3
# Warmup Iteration   1: 0.204 ops/us
# Warmup Iteration   2: 0.231 ops/us
# Warmup Iteration   3: 0.232 ops/us
# Warmup Iteration   4: 0.231 ops/us
# Warmup Iteration   5: 0.234 ops/us
Iteration   1: 0.230 ops/us
Iteration   2: 0.232 ops/us
Iteration   3: 0.231 ops/us
Iteration   4: 0.232 ops/us
Iteration   5: 0.228 ops/us
Iteration   6: 0.231 ops/us
Iteration   7: 0.234 ops/us
Iteration   8: 0.232 ops/us
Iteration   9: 0.230 ops/us
Iteration  10: 0.228 ops/us

# Run progress: 2.16% complete, ETA 01:22:36
# Fork: 2 of 3
# Warmup Iteration   1: 0.199 ops/us
# Warmup Iteration   2: 0.233 ops/us
# Warmup Iteration   3: 0.234 ops/us
# Warmup Iteration   4: 0.234 ops/us
# Warmup Iteration   5: 0.232 ops/us
Iteration   1: 0.234 ops/us
Iteration   2: 0.235 ops/us
Iteration   3: 0.230 ops/us
Iteration   4: 0.234 ops/us
Iteration   5: 0.232 ops/us
Iteration   6: 0.233 ops/us
Iteration   7: 0.232 ops/us
Iteration   8: 0.227 ops/us
Iteration   9: 0.229 ops/us
Iteration  10: 0.226 ops/us

# Run progress: 2.47% complete, ETA 01:22:18
# Fork: 3 of 3
# Warmup Iteration   1: 0.201 ops/us
# Warmup Iteration   2: 0.231 ops/us
# Warmup Iteration   3: 0.232 ops/us
# Warmup Iteration   4: 0.233 ops/us
# Warmup Iteration   5: 0.228 ops/us
Iteration   1: 0.230 ops/us
Iteration   2: 0.231 ops/us
Iteration   3: 0.233 ops/us
Iteration   4: 0.231 ops/us
Iteration   5: 0.230 ops/us
Iteration   6: 0.232 ops/us
Iteration   7: 0.232 ops/us
Iteration   8: 0.230 ops/us
Iteration   9: 0.231 ops/us
Iteration  10: 0.228 ops/us


Result "de.splatgames.aether.datafixers.benchmarks.core.MultiFixChainBenchmark.mixedChain":
  0.231 ±(99.9%) 0.001 ops/us [Average]
  (min, avg, max) = (0.226, 0.231, 0.235), stdev = 0.002
  CI (99.9%): [0.230, 0.232] (assumes normal distribution)


# JMH version: 1.37
# VM version: JDK 17.0.18, OpenJDK 64-Bit Server VM, 17.0.18+8-Ubuntu-122.04.1
# VM invoker: /usr/lib/jvm/java-17-openjdk-amd64/bin/java
# VM options: -Xms4G -Xmx4G -XX:+UseG1GC -XX:+AlwaysPreTouch
# Blackhole mode: compiler (auto-detected, use -Djmh.blackhole.autoDetect=false to disable)
# Warmup: 5 iterations, 1 s each
# Measurement: 10 iterations, 1 s each
# Timeout: 10 min per iteration
# Threads: 1 thread, will synchronize iterations
# Benchmark mode: Throughput, ops/time
# Benchmark: de.splatgames.aether.datafixers.benchmarks.core.MultiFixChainBenchmark.mixedChain
# Parameters: (fixCount = 5, payloadSize = MEDIUM)

# Run progress: 2.78% complete, ETA 01:22:01
# Fork: 1 of 3
# Warmup Iteration   1: 0.038 ops/us
# Warmup Iteration   2: 0.041 ops/us
# Warmup Iteration   3: 0.040 ops/us
# Warmup Iteration   4: 0.040 ops/us
# Warmup Iteration   5: 0.041 ops/us
Iteration   1: 0.041 ops/us
Iteration   2: 0.040 ops/us
Iteration   3: 0.040 ops/us
Iteration   4: 0.039 ops/us
Iteration   5: 0.040 ops/us
Iteration   6: 0.040 ops/us
Iteration   7: 0.040 ops/us
Iteration   8: 0.040 ops/us
Iteration   9: 0.039 ops/us
Iteration  10: 0.040 ops/us

# Run progress: 3.09% complete, ETA 01:21:45
# Fork: 2 of 3
# Warmup Iteration   1: 0.038 ops/us
# Warmup Iteration   2: 0.041 ops/us
# Warmup Iteration   3: 0.041 ops/us
# Warmup Iteration   4: 0.040 ops/us
# Warmup Iteration   5: 0.041 ops/us
Iteration   1: 0.041 ops/us
Iteration   2: 0.041 ops/us
Iteration   3: 0.039 ops/us
Iteration   4: 0.040 ops/us
Iteration   5: 0.040 ops/us
Iteration   6: 0.040 ops/us
Iteration   7: 0.039 ops/us
Iteration   8: 0.040 ops/us
Iteration   9: 0.038 ops/us
Iteration  10: 0.040 ops/us

# Run progress: 3.40% complete, ETA 01:21:28
# Fork: 3 of 3
# Warmup Iteration   1: 0.038 ops/us
# Warmup Iteration   2: 0.040 ops/us
# Warmup Iteration   3: 0.040 ops/us
# Warmup Iteration   4: 0.041 ops/us
# Warmup Iteration   5: 0.041 ops/us
Iteration   1: 0.040 ops/us
Iteration   2: 0.041 ops/us
Iteration   3: 0.039 ops/us
Iteration   4: 0.040 ops/us
Iteration   5: 0.039 ops/us
Iteration   6: 0.039 ops/us
Iteration   7: 0.038 ops/us
Iteration   8: 0.040 ops/us
Iteration   9: 0.040 ops/us
Iteration  10: 0.040 ops/us


Result "de.splatgames.aether.datafixers.benchmarks.core.MultiFixChainBenchmark.mixedChain":
  0.040 ±(99.9%) 0.001 ops/us [Average]
  (min, avg, max) = (0.038, 0.040, 0.041), stdev = 0.001
  CI (99.9%): [0.039, 0.040] (assumes normal distribution)


# JMH version: 1.37
# VM version: JDK 17.0.18, OpenJDK 64-Bit Server VM, 17.0.18+8-Ubuntu-122.04.1
# VM invoker: /usr/lib/jvm/java-17-openjdk-amd64/bin/java
# VM options: -Xms4G -Xmx4G -XX:+UseG1GC -XX:+AlwaysPreTouch
# Blackhole mode: compiler (auto-detected, use -Djmh.blackhole.autoDetect=false to disable)
# Warmup: 5 iterations, 1 s each
# Measurement: 10 iterations, 1 s each
# Timeout: 10 min per iteration
# Threads: 1 thread, will synchronize iterations
# Benchmark mode: Throughput, ops/time
# Benchmark: de.splatgames.aether.datafixers.benchmarks.core.MultiFixChainBenchmark.mixedChain
# Parameters: (fixCount = 10, payloadSize = SMALL)

# Run progress: 3.70% complete, ETA 01:21:12
# Fork: 1 of 3
# Warmup Iteration   1: 0.081 ops/us
# Warmup Iteration   2: 0.094 ops/us
# Warmup Iteration   3: 0.096 ops/us
# Warmup Iteration   4: 0.094 ops/us
# Warmup Iteration   5: 0.096 ops/us
Iteration   1: 0.097 ops/us
Iteration   2: 0.095 ops/us
Iteration   3: 0.095 ops/us
Iteration   4: 0.093 ops/us
Iteration   5: 0.096 ops/us
Iteration   6: 0.094 ops/us
Iteration   7: 0.093 ops/us
Iteration   8: 0.096 ops/us
Iteration   9: 0.095 ops/us
Iteration  10: 0.095 ops/us

# Run progress: 4.01% complete, ETA 01:20:56
# Fork: 2 of 3
# Warmup Iteration   1: 0.081 ops/us
# Warmup Iteration   2: 0.088 ops/us
# Warmup Iteration   3: 0.094 ops/us
# Warmup Iteration   4: 0.095 ops/us
# Warmup Iteration   5: 0.094 ops/us
Iteration   1: 0.095 ops/us
Iteration   2: 0.092 ops/us
Iteration   3: 0.095 ops/us
Iteration   4: 0.093 ops/us
Iteration   5: 0.096 ops/us
Iteration   6: 0.094 ops/us
Iteration   7: 0.094 ops/us
Iteration   8: 0.094 ops/us
Iteration   9: 0.095 ops/us
Iteration  10: 0.094 ops/us

# Run progress: 4.32% complete, ETA 01:20:40
# Fork: 3 of 3
# Warmup Iteration   1: 0.080 ops/us
# Warmup Iteration   2: 0.095 ops/us
# Warmup Iteration   3: 0.095 ops/us
# Warmup Iteration   4: 0.096 ops/us
# Warmup Iteration   5: 0.094 ops/us
Iteration   1: 0.094 ops/us
Iteration   2: 0.095 ops/us
Iteration   3: 0.096 ops/us
Iteration   4: 0.095 ops/us
Iteration   5: 0.095 ops/us
Iteration   6: 0.095 ops/us
Iteration   7: 0.094 ops/us
Iteration   8: 0.095 ops/us
Iteration   9: 0.096 ops/us
Iteration  10: 0.096 ops/us


Result "de.splatgames.aether.datafixers.benchmarks.core.MultiFixChainBenchmark.mixedChain":
  0.095 ±(99.9%) 0.001 ops/us [Average]
  (min, avg, max) = (0.092, 0.095, 0.097), stdev = 0.001
  CI (99.9%): [0.094, 0.095] (assumes normal distribution)


# JMH version: 1.37
# VM version: JDK 17.0.18, OpenJDK 64-Bit Server VM, 17.0.18+8-Ubuntu-122.04.1
# VM invoker: /usr/lib/jvm/java-17-openjdk-amd64/bin/java
# VM options: -Xms4G -Xmx4G -XX:+UseG1GC -XX:+AlwaysPreTouch
# Blackhole mode: compiler (auto-detected, use -Djmh.blackhole.autoDetect=false to disable)
# Warmup: 5 iterations, 1 s each
# Measurement: 10 iterations, 1 s each
# Timeout: 10 min per iteration
# Threads: 1 thread, will synchronize iterations
# Benchmark mode: Throughput, ops/time
# Benchmark: de.splatgames.aether.datafixers.benchmarks.core.MultiFixChainBenchmark.mixedChain
# Parameters: (fixCount = 10, payloadSize = MEDIUM)

# Run progress: 4.63% complete, ETA 01:20:24
# Fork: 1 of 3
# Warmup Iteration   1: 0.015 ops/us
# Warmup Iteration   2: 0.016 ops/us
# Warmup Iteration   3: 0.016 ops/us
# Warmup Iteration   4: 0.016 ops/us
# Warmup Iteration   5: 0.016 ops/us
Iteration   1: 0.016 ops/us
Iteration   2: 0.016 ops/us
Iteration   3: 0.016 ops/us
Iteration   4: 0.015 ops/us
Iteration   5: 0.015 ops/us
Iteration   6: 0.016 ops/us
Iteration   7: 0.016 ops/us
Iteration   8: 0.016 ops/us
Iteration   9: 0.016 ops/us
Iteration  10: 0.015 ops/us

# Run progress: 4.94% complete, ETA 01:20:08
# Fork: 2 of 3
# Warmup Iteration   1: 0.015 ops/us
# Warmup Iteration   2: 0.016 ops/us
# Warmup Iteration   3: 0.016 ops/us
# Warmup Iteration   4: 0.016 ops/us
# Warmup Iteration   5: 0.016 ops/us
Iteration   1: 0.016 ops/us
Iteration   2: 0.016 ops/us
Iteration   3: 0.016 ops/us
Iteration   4: 0.016 ops/us
Iteration   5: 0.016 ops/us
Iteration   6: 0.016 ops/us
Iteration   7: 0.016 ops/us
Iteration   8: 0.016 ops/us
Iteration   9: 0.016 ops/us
Iteration  10: 0.015 ops/us

# Run progress: 5.25% complete, ETA 01:19:52
# Fork: 3 of 3
# Warmup Iteration   1: 0.015 ops/us
# Warmup Iteration   2: 0.016 ops/us
# Warmup Iteration   3: 0.016 ops/us
# Warmup Iteration   4: 0.016 ops/us
# Warmup Iteration   5: 0.016 ops/us
Iteration   1: 0.016 ops/us
Iteration   2: 0.016 ops/us
Iteration   3: 0.016 ops/us
Iteration   4: 0.016 ops/us
Iteration   5: 0.016 ops/us
Iteration   6: 0.016 ops/us
Iteration   7: 0.016 ops/us
Iteration   8: 0.016 ops/us
Iteration   9: 0.016 ops/us
Iteration  10: 0.016 ops/us


Result "de.splatgames.aether.datafixers.benchmarks.core.MultiFixChainBenchmark.mixedChain":
  0.016 ±(99.9%) 0.001 ops/us [Average]
  (min, avg, max) = (0.015, 0.016, 0.016), stdev = 0.001
  CI (99.9%): [0.016, 0.016] (assumes normal distribution)


# JMH version: 1.37
# VM version: JDK 17.0.18, OpenJDK 64-Bit Server VM, 17.0.18+8-Ubuntu-122.04.1
# VM invoker: /usr/lib/jvm/java-17-openjdk-amd64/bin/java
# VM options: -Xms4G -Xmx4G -XX:+UseG1GC -XX:+AlwaysPreTouch
# Blackhole mode: compiler (auto-detected, use -Djmh.blackhole.autoDetect=false to disable)
# Warmup: 5 iterations, 1 s each
# Measurement: 10 iterations, 1 s each
# Timeout: 10 min per iteration
# Threads: 1 thread, will synchronize iterations
# Benchmark mode: Throughput, ops/time
# Benchmark: de.splatgames.aether.datafixers.benchmarks.core.MultiFixChainBenchmark.mixedChain
# Parameters: (fixCount = 25, payloadSize = SMALL)

# Run progress: 5.56% complete, ETA 01:19:37
# Fork: 1 of 3
# Warmup Iteration   1: 0.033 ops/us
# Warmup Iteration   2: 0.037 ops/us
# Warmup Iteration   3: 0.037 ops/us
# Warmup Iteration   4: 0.037 ops/us
# Warmup Iteration   5: 0.038 ops/us
Iteration   1: 0.038 ops/us
Iteration   2: 0.037 ops/us
Iteration   3: 0.038 ops/us
Iteration   4: 0.037 ops/us
Iteration   5: 0.038 ops/us
Iteration   6: 0.038 ops/us
Iteration   7: 0.038 ops/us
Iteration   8: 0.038 ops/us
Iteration   9: 0.036 ops/us
Iteration  10: 0.038 ops/us

# Run progress: 5.86% complete, ETA 01:19:21
# Fork: 2 of 3
# Warmup Iteration   1: 0.034 ops/us
# Warmup Iteration   2: 0.038 ops/us
# Warmup Iteration   3: 0.038 ops/us
# Warmup Iteration   4: 0.037 ops/us
# Warmup Iteration   5: 0.037 ops/us
Iteration   1: 0.037 ops/us
Iteration   2: 0.036 ops/us
Iteration   3: 0.038 ops/us
Iteration   4: 0.038 ops/us
Iteration   5: 0.037 ops/us
Iteration   6: 0.037 ops/us
Iteration   7: 0.038 ops/us
Iteration   8: 0.037 ops/us
Iteration   9: 0.037 ops/us
Iteration  10: 0.037 ops/us

# Run progress: 6.17% complete, ETA 01:19:05
# Fork: 3 of 3
# Warmup Iteration   1: 0.033 ops/us
# Warmup Iteration   2: 0.038 ops/us
# Warmup Iteration   3: 0.038 ops/us
# Warmup Iteration   4: 0.038 ops/us
# Warmup Iteration   5: 0.038 ops/us
Iteration   1: 0.038 ops/us
Iteration   2: 0.037 ops/us
Iteration   3: 0.038 ops/us
Iteration   4: 0.038 ops/us
Iteration   5: 0.038 ops/us
Iteration   6: 0.038 ops/us
Iteration   7: 0.038 ops/us
Iteration   8: 0.036 ops/us
Iteration   9: 0.037 ops/us
Iteration  10: 0.038 ops/us


Result "de.splatgames.aether.datafixers.benchmarks.core.MultiFixChainBenchmark.mixedChain":
  0.037 ±(99.9%) 0.001 ops/us [Average]
  (min, avg, max) = (0.036, 0.037, 0.038), stdev = 0.001
  CI (99.9%): [0.037, 0.038] (assumes normal distribution)


# JMH version: 1.37
# VM version: JDK 17.0.18, OpenJDK 64-Bit Server VM, 17.0.18+8-Ubuntu-122.04.1
# VM invoker: /usr/lib/jvm/java-17-openjdk-amd64/bin/java
# VM options: -Xms4G -Xmx4G -XX:+UseG1GC -XX:+AlwaysPreTouch
# Blackhole mode: compiler (auto-detected, use -Djmh.blackhole.autoDetect=false to disable)
# Warmup: 5 iterations, 1 s each
# Measurement: 10 iterations, 1 s each
# Timeout: 10 min per iteration
# Threads: 1 thread, will synchronize iterations
# Benchmark mode: Throughput, ops/time
# Benchmark: de.splatgames.aether.datafixers.benchmarks.core.MultiFixChainBenchmark.mixedChain
# Parameters: (fixCount = 25, payloadSize = MEDIUM)

# Run progress: 6.48% complete, ETA 01:18:49
# Fork: 1 of 3
# Warmup Iteration   1: 0.006 ops/us
# Warmup Iteration   2: 0.007 ops/us
# Warmup Iteration   3: 0.007 ops/us
# Warmup Iteration   4: 0.007 ops/us
# Warmup Iteration   5: 0.007 ops/us
Iteration   1: 0.007 ops/us
Iteration   2: 0.007 ops/us
Iteration   3: 0.007 ops/us
Iteration   4: 0.007 ops/us
Iteration   5: 0.007 ops/us
Iteration   6: 0.007 ops/us
Iteration   7: 0.007 ops/us
Iteration   8: 0.007 ops/us
Iteration   9: 0.007 ops/us
Iteration  10: 0.007 ops/us

# Run progress: 6.79% complete, ETA 01:18:33
# Fork: 2 of 3
# Warmup Iteration   1: 0.006 ops/us
# Warmup Iteration   2: 0.007 ops/us
# Warmup Iteration   3: 0.007 ops/us
# Warmup Iteration   4: 0.007 ops/us
# Warmup Iteration   5: 0.007 ops/us
Iteration   1: 0.007 ops/us
Iteration   2: 0.007 ops/us
Iteration   3: 0.007 ops/us
Iteration   4: 0.007 ops/us
Iteration   5: 0.007 ops/us
Iteration   6: 0.007 ops/us
Iteration   7: 0.007 ops/us
Iteration   8: 0.007 ops/us
Iteration   9: 0.007 ops/us
Iteration  10: 0.007 ops/us

# Run progress: 7.10% complete, ETA 01:18:17
# Fork: 3 of 3
# Warmup Iteration   1: 0.006 ops/us
# Warmup Iteration   2: 0.007 ops/us
# Warmup Iteration   3: 0.007 ops/us
# Warmup Iteration   4: 0.007 ops/us
# Warmup Iteration   5: 0.007 ops/us
Iteration   1: 0.007 ops/us
Iteration   2: 0.007 ops/us
Iteration   3: 0.007 ops/us
Iteration   4: 0.007 ops/us
Iteration   5: 0.007 ops/us
Iteration   6: 0.007 ops/us
Iteration   7: 0.007 ops/us
Iteration   8: 0.007 ops/us
Iteration   9: 0.007 ops/us
Iteration  10: 0.007 ops/us


Result "de.splatgames.aether.datafixers.benchmarks.core.MultiFixChainBenchmark.mixedChain":
  0.007 ±(99.9%) 0.001 ops/us [Average]
  (min, avg, max) = (0.007, 0.007, 0.007), stdev = 0.001
  CI (99.9%): [0.007, 0.007] (assumes normal distribution)


# JMH version: 1.37
# VM version: JDK 17.0.18, OpenJDK 64-Bit Server VM, 17.0.18+8-Ubuntu-122.04.1
# VM invoker: /usr/lib/jvm/java-17-openjdk-amd64/bin/java
# VM options: -Xms4G -Xmx4G -XX:+UseG1GC -XX:+AlwaysPreTouch
# Blackhole mode: compiler (auto-detected, use -Djmh.blackhole.autoDetect=false to disable)
# Warmup: 5 iterations, 1 s each
# Measurement: 10 iterations, 1 s each
# Timeout: 10 min per iteration
# Threads: 1 thread, will synchronize iterations
# Benchmark mode: Throughput, ops/time
# Benchmark: de.splatgames.aether.datafixers.benchmarks.core.MultiFixChainBenchmark.mixedChain
# Parameters: (fixCount = 50, payloadSize = SMALL)

# Run progress: 7.41% complete, ETA 01:18:02
# Fork: 1 of 3
# Warmup Iteration   1: 0.014 ops/us
# Warmup Iteration   2: 0.016 ops/us
# Warmup Iteration   3: 0.016 ops/us
# Warmup Iteration   4: 0.016 ops/us
# Warmup Iteration   5: 0.016 ops/us
Iteration   1: 0.016 ops/us
Iteration   2: 0.016 ops/us
Iteration   3: 0.016 ops/us
Iteration   4: 0.016 ops/us
Iteration   5: 0.016 ops/us
Iteration   6: 0.016 ops/us
Iteration   7: 0.016 ops/us
Iteration   8: 0.016 ops/us
Iteration   9: 0.016 ops/us
Iteration  10: 0.016 ops/us

# Run progress: 7.72% complete, ETA 01:17:46
# Fork: 2 of 3
# Warmup Iteration   1: 0.015 ops/us
# Warmup Iteration   2: 0.016 ops/us
# Warmup Iteration   3: 0.016 ops/us
# Warmup Iteration   4: 0.016 ops/us
# Warmup Iteration   5: 0.016 ops/us
Iteration   1: 0.016 ops/us
Iteration   2: 0.016 ops/us
Iteration   3: 0.016 ops/us
Iteration   4: 0.016 ops/us
Iteration   5: 0.016 ops/us
Iteration   6: 0.016 ops/us
Iteration   7: 0.016 ops/us
Iteration   8: 0.016 ops/us
Iteration   9: 0.016 ops/us
Iteration  10: 0.016 ops/us

# Run progress: 8.02% complete, ETA 01:17:30
# Fork: 3 of 3
# Warmup Iteration   1: 0.015 ops/us
# Warmup Iteration   2: 0.016 ops/us
# Warmup Iteration   3: 0.017 ops/us
# Warmup Iteration   4: 0.016 ops/us
# Warmup Iteration   5: 0.017 ops/us
Iteration   1: 0.016 ops/us
Iteration   2: 0.017 ops/us
Iteration   3: 0.017 ops/us
Iteration   4: 0.017 ops/us
Iteration   5: 0.017 ops/us
Iteration   6: 0.017 ops/us
Iteration   7: 0.017 ops/us
Iteration   8: 0.017 ops/us
Iteration   9: 0.016 ops/us
Iteration  10: 0.017 ops/us


Result "de.splatgames.aether.datafixers.benchmarks.core.MultiFixChainBenchmark.mixedChain":
  0.016 ±(99.9%) 0.001 ops/us [Average]
  (min, avg, max) = (0.016, 0.016, 0.017), stdev = 0.001
  CI (99.9%): [0.016, 0.017] (assumes normal distribution)


# JMH version: 1.37
# VM version: JDK 17.0.18, OpenJDK 64-Bit Server VM, 17.0.18+8-Ubuntu-122.04.1
# VM invoker: /usr/lib/jvm/java-17-openjdk-amd64/bin/java
# VM options: -Xms4G -Xmx4G -XX:+UseG1GC -XX:+AlwaysPreTouch
# Blackhole mode: compiler (auto-detected, use -Djmh.blackhole.autoDetect=false to disable)
# Warmup: 5 iterations, 1 s each
# Measurement: 10 iterations, 1 s each
# Timeout: 10 min per iteration
# Threads: 1 thread, will synchronize iterations
# Benchmark mode: Throughput, ops/time
# Benchmark: de.splatgames.aether.datafixers.benchmarks.core.MultiFixChainBenchmark.mixedChain
# Parameters: (fixCount = 50, payloadSize = MEDIUM)

# Run progress: 8.33% complete, ETA 01:17:15
# Fork: 1 of 3
# Warmup Iteration   1: 0.003 ops/us
# Warmup Iteration   2: 0.003 ops/us
# Warmup Iteration   3: 0.003 ops/us
# Warmup Iteration   4: 0.003 ops/us
# Warmup Iteration   5: 0.003 ops/us
Iteration   1: 0.003 ops/us
Iteration   2: 0.003 ops/us
Iteration   3: 0.003 ops/us
Iteration   4: 0.003 ops/us
Iteration   5: 0.003 ops/us
Iteration   6: 0.003 ops/us
Iteration   7: 0.003 ops/us
Iteration   8: 0.003 ops/us
Iteration   9: 0.003 ops/us
Iteration  10: 0.003 ops/us

# Run progress: 8.64% complete, ETA 01:16:59
# Fork: 2 of 3
# Warmup Iteration   1: 0.003 ops/us
# Warmup Iteration   2: 0.003 ops/us
# Warmup Iteration   3: 0.003 ops/us
# Warmup Iteration   4: 0.003 ops/us
# Warmup Iteration   5: 0.003 ops/us
Iteration   1: 0.003 ops/us
Iteration   2: 0.003 ops/us
Iteration   3: 0.003 ops/us
Iteration   4: 0.003 ops/us
Iteration   5: 0.003 ops/us
Iteration   6: 0.003 ops/us
Iteration   7: 0.003 ops/us
Iteration   8: 0.003 ops/us
Iteration   9: 0.003 ops/us
Iteration  10: 0.003 ops/us

# Run progress: 8.95% complete, ETA 01:16:43
# Fork: 3 of 3
# Warmup Iteration   1: 0.003 ops/us
# Warmup Iteration   2: 0.003 ops/us
# Warmup Iteration   3: 0.003 ops/us
# Warmup Iteration   4: 0.003 ops/us
# Warmup Iteration   5: 0.003 ops/us
Iteration   1: 0.003 ops/us
Iteration   2: 0.003 ops/us
Iteration   3: 0.003 ops/us
Iteration   4: 0.003 ops/us
Iteration   5: 0.003 ops/us
Iteration   6: 0.003 ops/us
Iteration   7: 0.003 ops/us
Iteration   8: 0.003 ops/us
Iteration   9: 0.003 ops/us
Iteration  10: 0.003 ops/us


Result "de.splatgames.aether.datafixers.benchmarks.core.MultiFixChainBenchmark.mixedChain":
  0.003 ±(99.9%) 0.001 ops/us [Average]
  (min, avg, max) = (0.003, 0.003, 0.003), stdev = 0.001
  CI (99.9%): [0.003, 0.003] (assumes normal distribution)


# JMH version: 1.37
# VM version: JDK 17.0.18, OpenJDK 64-Bit Server VM, 17.0.18+8-Ubuntu-122.04.1
# VM invoker: /usr/lib/jvm/java-17-openjdk-amd64/bin/java
# VM options: -Xms4G -Xmx4G -XX:+UseG1GC -XX:+AlwaysPreTouch
# Blackhole mode: compiler (auto-detected, use -Djmh.blackhole.autoDetect=false to disable)
# Warmup: 5 iterations, 1 s each
# Measurement: 10 iterations, 1 s each
# Timeout: 10 min per iteration
# Threads: 1 thread, will synchronize iterations
# Benchmark mode: Throughput, ops/time
# Benchmark: de.splatgames.aether.datafixers.benchmarks.core.MultiFixChainBenchmark.partialChain
# Parameters: (fixCount = 1, payloadSize = SMALL)

# Run progress: 9.26% complete, ETA 01:16:28
# Fork: 1 of 3
# Warmup Iteration   1: 3.460 ops/us
# Warmup Iteration   2: 3.678 ops/us
# Warmup Iteration   3: 3.732 ops/us
# Warmup Iteration   4: 3.761 ops/us
# Warmup Iteration   5: 3.822 ops/us
Iteration   1: 3.828 ops/us
Iteration   2: 3.796 ops/us
Iteration   3: 3.740 ops/us
Iteration   4: 3.802 ops/us
Iteration   5: 3.813 ops/us
Iteration   6: 3.815 ops/us
Iteration   7: 3.713 ops/us
Iteration   8: 3.826 ops/us
Iteration   9: 3.782 ops/us
Iteration  10: 3.773 ops/us

# Run progress: 9.57% complete, ETA 01:16:12
# Fork: 2 of 3
# Warmup Iteration   1: 3.160 ops/us
# Warmup Iteration   2: 3.726 ops/us
# Warmup Iteration   3: 3.670 ops/us
# Warmup Iteration   4: 3.721 ops/us
# Warmup Iteration   5: 3.734 ops/us
Iteration   1: 3.651 ops/us
Iteration   2: 3.753 ops/us
Iteration   3: 3.727 ops/us
Iteration   4: 3.763 ops/us
Iteration   5: 3.741 ops/us
Iteration   6: 3.734 ops/us
Iteration   7: 3.688 ops/us
Iteration   8: 3.674 ops/us
Iteration   9: 3.700 ops/us
Iteration  10: 3.713 ops/us

# Run progress: 9.88% complete, ETA 01:15:56
# Fork: 3 of 3
# Warmup Iteration   1: 3.382 ops/us
# Warmup Iteration   2: 3.789 ops/us
# Warmup Iteration   3: 3.765 ops/us
# Warmup Iteration   4: 3.710 ops/us
# Warmup Iteration   5: 3.797 ops/us
Iteration   1: 3.803 ops/us
Iteration   2: 3.636 ops/us
Iteration   3: 3.702 ops/us
Iteration   4: 3.789 ops/us
Iteration   5: 3.741 ops/us
Iteration   6: 3.779 ops/us
Iteration   7: 3.713 ops/us
Iteration   8: 3.695 ops/us
Iteration   9: 3.712 ops/us
Iteration  10: 3.723 ops/us


Result "de.splatgames.aether.datafixers.benchmarks.core.MultiFixChainBenchmark.partialChain":
  3.744 ±(99.9%) 0.035 ops/us [Average]
  (min, avg, max) = (3.636, 3.744, 3.828), stdev = 0.052
  CI (99.9%): [3.709, 3.779] (assumes normal distribution)


# JMH version: 1.37
# VM version: JDK 17.0.18, OpenJDK 64-Bit Server VM, 17.0.18+8-Ubuntu-122.04.1
# VM invoker: /usr/lib/jvm/java-17-openjdk-amd64/bin/java
# VM options: -Xms4G -Xmx4G -XX:+UseG1GC -XX:+AlwaysPreTouch
# Blackhole mode: compiler (auto-detected, use -Djmh.blackhole.autoDetect=false to disable)
# Warmup: 5 iterations, 1 s each
# Measurement: 10 iterations, 1 s each
# Timeout: 10 min per iteration
# Threads: 1 thread, will synchronize iterations
# Benchmark mode: Throughput, ops/time
# Benchmark: de.splatgames.aether.datafixers.benchmarks.core.MultiFixChainBenchmark.partialChain
# Parameters: (fixCount = 1, payloadSize = MEDIUM)

# Run progress: 10.19% complete, ETA 01:15:40
# Fork: 1 of 3
# Warmup Iteration   1: 3.147 ops/us
# Warmup Iteration   2: 3.527 ops/us
# Warmup Iteration   3: 3.554 ops/us
# Warmup Iteration   4: 3.535 ops/us
# Warmup Iteration   5: 3.453 ops/us
Iteration   1: 3.519 ops/us
Iteration   2: 3.522 ops/us
Iteration   3: 3.505 ops/us
Iteration   4: 3.604 ops/us
Iteration   5: 3.628 ops/us
Iteration   6: 3.650 ops/us
Iteration   7: 3.582 ops/us
Iteration   8: 3.638 ops/us
Iteration   9: 3.595 ops/us
Iteration  10: 3.577 ops/us

# Run progress: 10.49% complete, ETA 01:15:25
# Fork: 2 of 3
# Warmup Iteration   1: 3.249 ops/us
# Warmup Iteration   2: 3.615 ops/us
# Warmup Iteration   3: 3.596 ops/us
# Warmup Iteration   4: 3.632 ops/us
# Warmup Iteration   5: 3.569 ops/us
Iteration   1: 3.625 ops/us
Iteration   2: 3.634 ops/us
Iteration   3: 3.604 ops/us
Iteration   4: 3.569 ops/us
Iteration   5: 3.612 ops/us
Iteration   6: 3.605 ops/us
Iteration   7: 3.560 ops/us
Iteration   8: 3.579 ops/us
Iteration   9: 3.624 ops/us
Iteration  10: 3.613 ops/us

# Run progress: 10.80% complete, ETA 01:15:09
# Fork: 3 of 3
# Warmup Iteration   1: 3.119 ops/us
# Warmup Iteration   2: 3.608 ops/us
# Warmup Iteration   3: 3.606 ops/us
# Warmup Iteration   4: 3.553 ops/us
# Warmup Iteration   5: 3.629 ops/us
Iteration   1: 3.595 ops/us
Iteration   2: 3.625 ops/us
Iteration   3: 3.597 ops/us
Iteration   4: 3.569 ops/us
Iteration   5: 3.538 ops/us
Iteration   6: 3.569 ops/us
Iteration   7: 3.565 ops/us
Iteration   8: 3.583 ops/us
Iteration   9: 3.416 ops/us
Iteration  10: 3.631 ops/us


Result "de.splatgames.aether.datafixers.benchmarks.core.MultiFixChainBenchmark.partialChain":
  3.584 ±(99.9%) 0.032 ops/us [Average]
  (min, avg, max) = (3.416, 3.584, 3.650), stdev = 0.049
  CI (99.9%): [3.552, 3.617] (assumes normal distribution)


# JMH version: 1.37
# VM version: JDK 17.0.18, OpenJDK 64-Bit Server VM, 17.0.18+8-Ubuntu-122.04.1
# VM invoker: /usr/lib/jvm/java-17-openjdk-amd64/bin/java
# VM options: -Xms4G -Xmx4G -XX:+UseG1GC -XX:+AlwaysPreTouch
# Blackhole mode: compiler (auto-detected, use -Djmh.blackhole.autoDetect=false to disable)
# Warmup: 5 iterations, 1 s each
# Measurement: 10 iterations, 1 s each
# Timeout: 10 min per iteration
# Threads: 1 thread, will synchronize iterations
# Benchmark mode: Throughput, ops/time
# Benchmark: de.splatgames.aether.datafixers.benchmarks.core.MultiFixChainBenchmark.partialChain
# Parameters: (fixCount = 5, payloadSize = SMALL)

# Run progress: 11.11% complete, ETA 01:14:53
# Fork: 1 of 3
# Warmup Iteration   1: 1.410 ops/us
# Warmup Iteration   2: 2.072 ops/us
# Warmup Iteration   3: 2.083 ops/us
# Warmup Iteration   4: 2.056 ops/us
# Warmup Iteration   5: 1.928 ops/us
Iteration   1: 2.014 ops/us
Iteration   2: 2.056 ops/us
Iteration   3: 2.037 ops/us
Iteration   4: 2.041 ops/us
Iteration   5: 2.028 ops/us
Iteration   6: 2.041 ops/us
Iteration   7: 2.045 ops/us
Iteration   8: 2.034 ops/us
Iteration   9: 2.055 ops/us
Iteration  10: 2.033 ops/us

# Run progress: 11.42% complete, ETA 01:14:38
# Fork: 2 of 3
# Warmup Iteration   1: 1.424 ops/us
# Warmup Iteration   2: 2.024 ops/us
# Warmup Iteration   3: 2.071 ops/us
# Warmup Iteration   4: 2.053 ops/us
# Warmup Iteration   5: 2.058 ops/us
Iteration   1: 2.052 ops/us
Iteration   2: 2.065 ops/us
Iteration   3: 2.054 ops/us
Iteration   4: 2.059 ops/us
Iteration   5: 2.047 ops/us
Iteration   6: 2.041 ops/us
Iteration   7: 2.027 ops/us
Iteration   8: 1.980 ops/us
Iteration   9: 2.052 ops/us
Iteration  10: 2.062 ops/us

# Run progress: 11.73% complete, ETA 01:14:22
# Fork: 3 of 3
# Warmup Iteration   1: 1.195 ops/us
# Warmup Iteration   2: 2.049 ops/us
# Warmup Iteration   3: 2.058 ops/us
# Warmup Iteration   4: 2.044 ops/us
# Warmup Iteration   5: 2.035 ops/us
Iteration   1: 2.060 ops/us
Iteration   2: 2.003 ops/us
Iteration   3: 2.062 ops/us
Iteration   4: 2.042 ops/us
Iteration   5: 2.070 ops/us
Iteration   6: 2.055 ops/us
Iteration   7: 2.061 ops/us
Iteration   8: 2.071 ops/us
Iteration   9: 2.042 ops/us
Iteration  10: 2.052 ops/us


Result "de.splatgames.aether.datafixers.benchmarks.core.MultiFixChainBenchmark.partialChain":
  2.045 ±(99.9%) 0.013 ops/us [Average]
  (min, avg, max) = (1.980, 2.045, 2.071), stdev = 0.020
  CI (99.9%): [2.031, 2.058] (assumes normal distribution)


# JMH version: 1.37
# VM version: JDK 17.0.18, OpenJDK 64-Bit Server VM, 17.0.18+8-Ubuntu-122.04.1
# VM invoker: /usr/lib/jvm/java-17-openjdk-amd64/bin/java
# VM options: -Xms4G -Xmx4G -XX:+UseG1GC -XX:+AlwaysPreTouch
# Blackhole mode: compiler (auto-detected, use -Djmh.blackhole.autoDetect=false to disable)
# Warmup: 5 iterations, 1 s each
# Measurement: 10 iterations, 1 s each
# Timeout: 10 min per iteration
# Threads: 1 thread, will synchronize iterations
# Benchmark mode: Throughput, ops/time
# Benchmark: de.splatgames.aether.datafixers.benchmarks.core.MultiFixChainBenchmark.partialChain
# Parameters: (fixCount = 5, payloadSize = MEDIUM)

# Run progress: 12.04% complete, ETA 01:14:06
# Fork: 1 of 3
# Warmup Iteration   1: 1.150 ops/us
# Warmup Iteration   2: 1.915 ops/us
# Warmup Iteration   3: 1.910 ops/us
# Warmup Iteration   4: 1.916 ops/us
# Warmup Iteration   5: 1.902 ops/us
Iteration   1: 1.919 ops/us
Iteration   2: 1.896 ops/us
Iteration   3: 1.904 ops/us
Iteration   4: 1.904 ops/us
Iteration   5: 1.919 ops/us
Iteration   6: 1.864 ops/us
Iteration   7: 1.911 ops/us
Iteration   8: 1.908 ops/us
Iteration   9: 1.907 ops/us
Iteration  10: 1.909 ops/us

# Run progress: 12.35% complete, ETA 01:13:50
# Fork: 2 of 3
# Warmup Iteration   1: 1.148 ops/us
# Warmup Iteration   2: 1.905 ops/us
# Warmup Iteration   3: 1.871 ops/us
# Warmup Iteration   4: 1.829 ops/us
# Warmup Iteration   5: 1.925 ops/us
Iteration   1: 1.873 ops/us
Iteration   2: 1.916 ops/us
Iteration   3: 1.911 ops/us
Iteration   4: 1.908 ops/us
Iteration   5: 1.916 ops/us
Iteration   6: 1.920 ops/us
Iteration   7: 1.898 ops/us
Iteration   8: 1.862 ops/us
Iteration   9: 1.866 ops/us
Iteration  10: 1.898 ops/us

# Run progress: 12.65% complete, ETA 01:13:35
# Fork: 3 of 3
# Warmup Iteration   1: 1.098 ops/us
# Warmup Iteration   2: 1.911 ops/us
# Warmup Iteration   3: 1.887 ops/us
# Warmup Iteration   4: 1.849 ops/us
# Warmup Iteration   5: 1.917 ops/us
Iteration   1: 1.921 ops/us
Iteration   2: 1.921 ops/us
Iteration   3: 1.891 ops/us
Iteration   4: 1.897 ops/us
Iteration   5: 1.876 ops/us
Iteration   6: 1.926 ops/us
Iteration   7: 1.940 ops/us
Iteration   8: 1.920 ops/us
Iteration   9: 1.888 ops/us
Iteration  10: 1.910 ops/us


Result "de.splatgames.aether.datafixers.benchmarks.core.MultiFixChainBenchmark.partialChain":
  1.903 ±(99.9%) 0.013 ops/us [Average]
  (min, avg, max) = (1.862, 1.903, 1.940), stdev = 0.019
  CI (99.9%): [1.890, 1.916] (assumes normal distribution)


# JMH version: 1.37
# VM version: JDK 17.0.18, OpenJDK 64-Bit Server VM, 17.0.18+8-Ubuntu-122.04.1
# VM invoker: /usr/lib/jvm/java-17-openjdk-amd64/bin/java
# VM options: -Xms4G -Xmx4G -XX:+UseG1GC -XX:+AlwaysPreTouch
# Blackhole mode: compiler (auto-detected, use -Djmh.blackhole.autoDetect=false to disable)
# Warmup: 5 iterations, 1 s each
# Measurement: 10 iterations, 1 s each
# Timeout: 10 min per iteration
# Threads: 1 thread, will synchronize iterations
# Benchmark mode: Throughput, ops/time
# Benchmark: de.splatgames.aether.datafixers.benchmarks.core.MultiFixChainBenchmark.partialChain
# Parameters: (fixCount = 10, payloadSize = SMALL)

# Run progress: 12.96% complete, ETA 01:13:19
# Fork: 1 of 3
# Warmup Iteration   1: 0.775 ops/us
# Warmup Iteration   2: 0.997 ops/us
# Warmup Iteration   3: 1.012 ops/us
# Warmup Iteration   4: 0.994 ops/us
# Warmup Iteration   5: 1.022 ops/us
Iteration   1: 1.022 ops/us
Iteration   2: 1.016 ops/us
Iteration   3: 1.017 ops/us
Iteration   4: 1.017 ops/us
Iteration   5: 1.014 ops/us
Iteration   6: 1.021 ops/us
Iteration   7: 1.006 ops/us
Iteration   8: 1.022 ops/us
Iteration   9: 1.007 ops/us
Iteration  10: 1.018 ops/us

# Run progress: 13.27% complete, ETA 01:13:04
# Fork: 2 of 3
# Warmup Iteration   1: 0.752 ops/us
# Warmup Iteration   2: 0.993 ops/us
# Warmup Iteration   3: 0.998 ops/us
# Warmup Iteration   4: 1.001 ops/us
# Warmup Iteration   5: 0.987 ops/us
Iteration   1: 0.991 ops/us
Iteration   2: 0.996 ops/us
Iteration   3: 0.993 ops/us
Iteration   4: 0.973 ops/us
Iteration   5: 0.986 ops/us
Iteration   6: 0.998 ops/us
Iteration   7: 0.991 ops/us
Iteration   8: 0.990 ops/us
Iteration   9: 0.994 ops/us
Iteration  10: 0.990 ops/us

# Run progress: 13.58% complete, ETA 01:12:48
# Fork: 3 of 3
# Warmup Iteration   1: 0.737 ops/us
# Warmup Iteration   2: 0.970 ops/us
# Warmup Iteration   3: 0.970 ops/us
# Warmup Iteration   4: 0.988 ops/us
# Warmup Iteration   5: 0.985 ops/us
Iteration   1: 0.989 ops/us
Iteration   2: 0.992 ops/us
Iteration   3: 0.985 ops/us
Iteration   4: 0.988 ops/us
Iteration   5: 0.985 ops/us
Iteration   6: 0.982 ops/us
Iteration   7: 0.987 ops/us
Iteration   8: 0.984 ops/us
Iteration   9: 0.982 ops/us
Iteration  10: 0.994 ops/us


Result "de.splatgames.aether.datafixers.benchmarks.core.MultiFixChainBenchmark.partialChain":
  0.998 ±(99.9%) 0.010 ops/us [Average]
  (min, avg, max) = (0.973, 0.998, 1.022), stdev = 0.014
  CI (99.9%): [0.988, 1.007] (assumes normal distribution)


# JMH version: 1.37
# VM version: JDK 17.0.18, OpenJDK 64-Bit Server VM, 17.0.18+8-Ubuntu-122.04.1
# VM invoker: /usr/lib/jvm/java-17-openjdk-amd64/bin/java
# VM options: -Xms4G -Xmx4G -XX:+UseG1GC -XX:+AlwaysPreTouch
# Blackhole mode: compiler (auto-detected, use -Djmh.blackhole.autoDetect=false to disable)
# Warmup: 5 iterations, 1 s each
# Measurement: 10 iterations, 1 s each
# Timeout: 10 min per iteration
# Threads: 1 thread, will synchronize iterations
# Benchmark mode: Throughput, ops/time
# Benchmark: de.splatgames.aether.datafixers.benchmarks.core.MultiFixChainBenchmark.partialChain
# Parameters: (fixCount = 10, payloadSize = MEDIUM)

# Run progress: 13.89% complete, ETA 01:12:32
# Fork: 1 of 3
# Warmup Iteration   1: 0.716 ops/us
# Warmup Iteration   2: 0.917 ops/us
# Warmup Iteration   3: 0.909 ops/us
# Warmup Iteration   4: 0.912 ops/us
# Warmup Iteration   5: 0.927 ops/us
Iteration   1: 0.910 ops/us
Iteration   2: 0.926 ops/us
Iteration   3: 0.903 ops/us
Iteration   4: 0.923 ops/us
Iteration   5: 0.920 ops/us
Iteration   6: 0.916 ops/us
Iteration   7: 0.920 ops/us
Iteration   8: 0.923 ops/us
Iteration   9: 0.914 ops/us
Iteration  10: 0.929 ops/us

# Run progress: 14.20% complete, ETA 01:12:17
# Fork: 2 of 3
# Warmup Iteration   1: 0.708 ops/us
# Warmup Iteration   2: 0.883 ops/us
# Warmup Iteration   3: 0.913 ops/us
# Warmup Iteration   4: 0.918 ops/us
# Warmup Iteration   5: 0.915 ops/us
Iteration   1: 0.893 ops/us
Iteration   2: 0.890 ops/us
Iteration   3: 0.914 ops/us
Iteration   4: 0.903 ops/us
Iteration   5: 0.898 ops/us
Iteration   6: 0.906 ops/us
Iteration   7: 0.889 ops/us
Iteration   8: 0.904 ops/us
Iteration   9: 0.906 ops/us
Iteration  10: 0.903 ops/us

# Run progress: 14.51% complete, ETA 01:12:01
# Fork: 3 of 3
# Warmup Iteration   1: 0.707 ops/us
# Warmup Iteration   2: 0.904 ops/us
# Warmup Iteration   3: 0.900 ops/us
# Warmup Iteration   4: 0.911 ops/us
# Warmup Iteration   5: 0.908 ops/us
Iteration   1: 0.903 ops/us
Iteration   2: 0.897 ops/us
Iteration   3: 0.905 ops/us
Iteration   4: 0.912 ops/us
Iteration   5: 0.906 ops/us
Iteration   6: 0.916 ops/us
Iteration   7: 0.921 ops/us
Iteration   8: 0.880 ops/us
Iteration   9: 0.902 ops/us
Iteration  10: 0.882 ops/us


Result "de.splatgames.aether.datafixers.benchmarks.core.MultiFixChainBenchmark.partialChain":
  0.907 ±(99.9%) 0.008 ops/us [Average]
  (min, avg, max) = (0.880, 0.907, 0.929), stdev = 0.013
  CI (99.9%): [0.899, 0.916] (assumes normal distribution)


# JMH version: 1.37
# VM version: JDK 17.0.18, OpenJDK 64-Bit Server VM, 17.0.18+8-Ubuntu-122.04.1
# VM invoker: /usr/lib/jvm/java-17-openjdk-amd64/bin/java
# VM options: -Xms4G -Xmx4G -XX:+UseG1GC -XX:+AlwaysPreTouch
# Blackhole mode: compiler (auto-detected, use -Djmh.blackhole.autoDetect=false to disable)
# Warmup: 5 iterations, 1 s each
# Measurement: 10 iterations, 1 s each
# Timeout: 10 min per iteration
# Threads: 1 thread, will synchronize iterations
# Benchmark mode: Throughput, ops/time
# Benchmark: de.splatgames.aether.datafixers.benchmarks.core.MultiFixChainBenchmark.partialChain
# Parameters: (fixCount = 25, payloadSize = SMALL)

# Run progress: 14.81% complete, ETA 01:11:45
# Fork: 1 of 3
# Warmup Iteration   1: 0.323 ops/us
# Warmup Iteration   2: 0.429 ops/us
# Warmup Iteration   3: 0.427 ops/us
# Warmup Iteration   4: 0.434 ops/us
# Warmup Iteration   5: 0.432 ops/us
Iteration   1: 0.435 ops/us
Iteration   2: 0.433 ops/us
Iteration   3: 0.434 ops/us
Iteration   4: 0.432 ops/us
Iteration   5: 0.433 ops/us
Iteration   6: 0.425 ops/us
Iteration   7: 0.434 ops/us
Iteration   8: 0.436 ops/us
Iteration   9: 0.432 ops/us
Iteration  10: 0.431 ops/us

# Run progress: 15.12% complete, ETA 01:11:30
# Fork: 2 of 3
# Warmup Iteration   1: 0.323 ops/us
# Warmup Iteration   2: 0.436 ops/us
# Warmup Iteration   3: 0.432 ops/us
# Warmup Iteration   4: 0.431 ops/us
# Warmup Iteration   5: 0.435 ops/us
Iteration   1: 0.429 ops/us
Iteration   2: 0.437 ops/us
Iteration   3: 0.435 ops/us
Iteration   4: 0.436 ops/us
Iteration   5: 0.439 ops/us
Iteration   6: 0.436 ops/us
Iteration   7: 0.436 ops/us
Iteration   8: 0.438 ops/us
Iteration   9: 0.432 ops/us
Iteration  10: 0.435 ops/us

# Run progress: 15.43% complete, ETA 01:11:14
# Fork: 3 of 3
# Warmup Iteration   1: 0.333 ops/us
# Warmup Iteration   2: 0.432 ops/us
# Warmup Iteration   3: 0.425 ops/us
# Warmup Iteration   4: 0.428 ops/us
# Warmup Iteration   5: 0.435 ops/us
Iteration   1: 0.436 ops/us
Iteration   2: 0.432 ops/us
Iteration   3: 0.433 ops/us
Iteration   4: 0.425 ops/us
Iteration   5: 0.432 ops/us
Iteration   6: 0.436 ops/us
Iteration   7: 0.434 ops/us
Iteration   8: 0.436 ops/us
Iteration   9: 0.429 ops/us
Iteration  10: 0.440 ops/us


Result "de.splatgames.aether.datafixers.benchmarks.core.MultiFixChainBenchmark.partialChain":
  0.434 ±(99.9%) 0.002 ops/us [Average]
  (min, avg, max) = (0.425, 0.434, 0.440), stdev = 0.004
  CI (99.9%): [0.431, 0.436] (assumes normal distribution)


# JMH version: 1.37
# VM version: JDK 17.0.18, OpenJDK 64-Bit Server VM, 17.0.18+8-Ubuntu-122.04.1
# VM invoker: /usr/lib/jvm/java-17-openjdk-amd64/bin/java
# VM options: -Xms4G -Xmx4G -XX:+UseG1GC -XX:+AlwaysPreTouch
# Blackhole mode: compiler (auto-detected, use -Djmh.blackhole.autoDetect=false to disable)
# Warmup: 5 iterations, 1 s each
# Measurement: 10 iterations, 1 s each
# Timeout: 10 min per iteration
# Threads: 1 thread, will synchronize iterations
# Benchmark mode: Throughput, ops/time
# Benchmark: de.splatgames.aether.datafixers.benchmarks.core.MultiFixChainBenchmark.partialChain
# Parameters: (fixCount = 25, payloadSize = MEDIUM)

# Run progress: 15.74% complete, ETA 01:10:59
# Fork: 1 of 3
# Warmup Iteration   1: 0.300 ops/us
# Warmup Iteration   2: 0.397 ops/us
# Warmup Iteration   3: 0.401 ops/us
# Warmup Iteration   4: 0.395 ops/us
# Warmup Iteration   5: 0.389 ops/us
Iteration   1: 0.399 ops/us
Iteration   2: 0.401 ops/us
Iteration   3: 0.396 ops/us
Iteration   4: 0.399 ops/us
Iteration   5: 0.393 ops/us
Iteration   6: 0.396 ops/us
Iteration   7: 0.400 ops/us
Iteration   8: 0.387 ops/us
Iteration   9: 0.397 ops/us
Iteration  10: 0.402 ops/us

# Run progress: 16.05% complete, ETA 01:10:43
# Fork: 2 of 3
# Warmup Iteration   1: 0.317 ops/us
# Warmup Iteration   2: 0.404 ops/us
# Warmup Iteration   3: 0.405 ops/us
# Warmup Iteration   4: 0.403 ops/us
# Warmup Iteration   5: 0.406 ops/us
Iteration   1: 0.400 ops/us
Iteration   2: 0.401 ops/us
Iteration   3: 0.399 ops/us
Iteration   4: 0.399 ops/us
Iteration   5: 0.405 ops/us
Iteration   6: 0.405 ops/us
Iteration   7: 0.397 ops/us
Iteration   8: 0.406 ops/us
Iteration   9: 0.403 ops/us
Iteration  10: 0.405 ops/us

# Run progress: 16.36% complete, ETA 01:10:27
# Fork: 3 of 3
# Warmup Iteration   1: 0.304 ops/us
# Warmup Iteration   2: 0.400 ops/us
# Warmup Iteration   3: 0.394 ops/us
# Warmup Iteration   4: 0.399 ops/us
# Warmup Iteration   5: 0.402 ops/us
Iteration   1: 0.398 ops/us
Iteration   2: 0.401 ops/us
Iteration   3: 0.402 ops/us
Iteration   4: 0.403 ops/us
Iteration   5: 0.402 ops/us
Iteration   6: 0.397 ops/us
Iteration   7: 0.398 ops/us
Iteration   8: 0.390 ops/us
Iteration   9: 0.402 ops/us
Iteration  10: 0.391 ops/us


Result "de.splatgames.aether.datafixers.benchmarks.core.MultiFixChainBenchmark.partialChain":
  0.399 ±(99.9%) 0.003 ops/us [Average]
  (min, avg, max) = (0.387, 0.399, 0.406), stdev = 0.005
  CI (99.9%): [0.396, 0.402] (assumes normal distribution)


# JMH version: 1.37
# VM version: JDK 17.0.18, OpenJDK 64-Bit Server VM, 17.0.18+8-Ubuntu-122.04.1
# VM invoker: /usr/lib/jvm/java-17-openjdk-amd64/bin/java
# VM options: -Xms4G -Xmx4G -XX:+UseG1GC -XX:+AlwaysPreTouch
# Blackhole mode: compiler (auto-detected, use -Djmh.blackhole.autoDetect=false to disable)
# Warmup: 5 iterations, 1 s each
# Measurement: 10 iterations, 1 s each
# Timeout: 10 min per iteration
# Threads: 1 thread, will synchronize iterations
# Benchmark mode: Throughput, ops/time
# Benchmark: de.splatgames.aether.datafixers.benchmarks.core.MultiFixChainBenchmark.partialChain
# Parameters: (fixCount = 50, payloadSize = SMALL)

# Run progress: 16.67% complete, ETA 01:10:12
# Fork: 1 of 3
# Warmup Iteration   1: 0.168 ops/us
# Warmup Iteration   2: 0.214 ops/us
# Warmup Iteration   3: 0.217 ops/us
# Warmup Iteration   4: 0.220 ops/us
# Warmup Iteration   5: 0.216 ops/us
Iteration   1: 0.217 ops/us
Iteration   2: 0.215 ops/us
Iteration   3: 0.220 ops/us
Iteration   4: 0.220 ops/us
Iteration   5: 0.218 ops/us
Iteration   6: 0.218 ops/us
Iteration   7: 0.220 ops/us
Iteration   8: 0.218 ops/us
Iteration   9: 0.219 ops/us
Iteration  10: 0.219 ops/us

# Run progress: 16.98% complete, ETA 01:09:56
# Fork: 2 of 3
# Warmup Iteration   1: 0.158 ops/us
# Warmup Iteration   2: 0.202 ops/us
# Warmup Iteration   3: 0.206 ops/us
# Warmup Iteration   4: 0.207 ops/us
# Warmup Iteration   5: 0.205 ops/us
Iteration   1: 0.205 ops/us
Iteration   2: 0.207 ops/us
Iteration   3: 0.205 ops/us
Iteration   4: 0.207 ops/us
Iteration   5: 0.205 ops/us
Iteration   6: 0.195 ops/us
Iteration   7: 0.202 ops/us
Iteration   8: 0.205 ops/us
Iteration   9: 0.203 ops/us
Iteration  10: 0.203 ops/us

# Run progress: 17.28% complete, ETA 01:09:40
# Fork: 3 of 3
# Warmup Iteration   1: 0.157 ops/us
# Warmup Iteration   2: 0.207 ops/us
# Warmup Iteration   3: 0.205 ops/us
# Warmup Iteration   4: 0.208 ops/us
# Warmup Iteration   5: 0.206 ops/us
Iteration   1: 0.202 ops/us
Iteration   2: 0.204 ops/us
Iteration   3: 0.204 ops/us
Iteration   4: 0.208 ops/us
Iteration   5: 0.204 ops/us
Iteration   6: 0.204 ops/us
Iteration   7: 0.203 ops/us
Iteration   8: 0.206 ops/us
Iteration   9: 0.207 ops/us
Iteration  10: 0.205 ops/us


Result "de.splatgames.aether.datafixers.benchmarks.core.MultiFixChainBenchmark.partialChain":
  0.209 ±(99.9%) 0.005 ops/us [Average]
  (min, avg, max) = (0.195, 0.209, 0.220), stdev = 0.007
  CI (99.9%): [0.204, 0.214] (assumes normal distribution)


# JMH version: 1.37
# VM version: JDK 17.0.18, OpenJDK 64-Bit Server VM, 17.0.18+8-Ubuntu-122.04.1
# VM invoker: /usr/lib/jvm/java-17-openjdk-amd64/bin/java
# VM options: -Xms4G -Xmx4G -XX:+UseG1GC -XX:+AlwaysPreTouch
# Blackhole mode: compiler (auto-detected, use -Djmh.blackhole.autoDetect=false to disable)
# Warmup: 5 iterations, 1 s each
# Measurement: 10 iterations, 1 s each
# Timeout: 10 min per iteration
# Threads: 1 thread, will synchronize iterations
# Benchmark mode: Throughput, ops/time
# Benchmark: de.splatgames.aether.datafixers.benchmarks.core.MultiFixChainBenchmark.partialChain
# Parameters: (fixCount = 50, payloadSize = MEDIUM)

# Run progress: 17.59% complete, ETA 01:09:25
# Fork: 1 of 3
# Warmup Iteration   1: 0.151 ops/us
# Warmup Iteration   2: 0.202 ops/us
# Warmup Iteration   3: 0.206 ops/us
# Warmup Iteration   4: 0.204 ops/us
# Warmup Iteration   5: 0.206 ops/us
Iteration   1: 0.206 ops/us
Iteration   2: 0.205 ops/us
Iteration   3: 0.202 ops/us
Iteration   4: 0.206 ops/us
Iteration   5: 0.201 ops/us
Iteration   6: 0.202 ops/us
Iteration   7: 0.203 ops/us
Iteration   8: 0.202 ops/us
Iteration   9: 0.203 ops/us
Iteration  10: 0.204 ops/us

# Run progress: 17.90% complete, ETA 01:09:09
# Fork: 2 of 3
# Warmup Iteration   1: 0.153 ops/us
# Warmup Iteration   2: 0.189 ops/us
# Warmup Iteration   3: 0.188 ops/us
# Warmup Iteration   4: 0.189 ops/us
# Warmup Iteration   5: 0.189 ops/us
Iteration   1: 0.193 ops/us
Iteration   2: 0.193 ops/us
Iteration   3: 0.192 ops/us
Iteration   4: 0.191 ops/us
Iteration   5: 0.191 ops/us
Iteration   6: 0.190 ops/us
Iteration   7: 0.189 ops/us
Iteration   8: 0.190 ops/us
Iteration   9: 0.185 ops/us
Iteration  10: 0.188 ops/us

# Run progress: 18.21% complete, ETA 01:08:54
# Fork: 3 of 3
# Warmup Iteration   1: 0.150 ops/us
# Warmup Iteration   2: 0.188 ops/us
# Warmup Iteration   3: 0.188 ops/us
# Warmup Iteration   4: 0.190 ops/us
# Warmup Iteration   5: 0.190 ops/us
Iteration   1: 0.189 ops/us
Iteration   2: 0.187 ops/us
Iteration   3: 0.189 ops/us
Iteration   4: 0.179 ops/us
Iteration   5: 0.187 ops/us
Iteration   6: 0.189 ops/us
Iteration   7: 0.190 ops/us
Iteration   8: 0.189 ops/us
Iteration   9: 0.187 ops/us
Iteration  10: 0.190 ops/us


Result "de.splatgames.aether.datafixers.benchmarks.core.MultiFixChainBenchmark.partialChain":
  0.194 ±(99.9%) 0.005 ops/us [Average]
  (min, avg, max) = (0.179, 0.194, 0.206), stdev = 0.008
  CI (99.9%): [0.189, 0.199] (assumes normal distribution)


# JMH version: 1.37
# VM version: JDK 17.0.18, OpenJDK 64-Bit Server VM, 17.0.18+8-Ubuntu-122.04.1
# VM invoker: /usr/lib/jvm/java-17-openjdk-amd64/bin/java
# VM options: -Xms4G -Xmx4G -XX:+UseG1GC -XX:+AlwaysPreTouch
# Blackhole mode: compiler (auto-detected, use -Djmh.blackhole.autoDetect=false to disable)
# Warmup: 5 iterations, 1 s each
# Measurement: 10 iterations, 1 s each
# Timeout: 10 min per iteration
# Threads: 1 thread, will synchronize iterations
# Benchmark mode: Throughput, ops/time
# Benchmark: de.splatgames.aether.datafixers.benchmarks.core.MultiFixChainBenchmark.renameChain
# Parameters: (fixCount = 1, payloadSize = SMALL)

# Run progress: 18.52% complete, ETA 01:08:38
# Fork: 1 of 3
# Warmup Iteration   1: 3.244 ops/us
# Warmup Iteration   2: 3.758 ops/us
# Warmup Iteration   3: 3.717 ops/us
# Warmup Iteration   4: 3.512 ops/us
# Warmup Iteration   5: 3.742 ops/us
Iteration   1: 3.700 ops/us
Iteration   2: 3.703 ops/us
Iteration   3: 3.656 ops/us
Iteration   4: 3.703 ops/us
Iteration   5: 3.638 ops/us
Iteration   6: 3.705 ops/us
Iteration   7: 3.656 ops/us
Iteration   8: 3.697 ops/us
Iteration   9: 3.652 ops/us
Iteration  10: 3.740 ops/us

# Run progress: 18.83% complete, ETA 01:08:22
# Fork: 2 of 3
# Warmup Iteration   1: 3.371 ops/us
# Warmup Iteration   2: 3.758 ops/us
# Warmup Iteration   3: 3.739 ops/us
# Warmup Iteration   4: 3.775 ops/us
# Warmup Iteration   5: 3.714 ops/us
Iteration   1: 3.669 ops/us
Iteration   2: 3.743 ops/us
Iteration   3: 3.672 ops/us
Iteration   4: 3.730 ops/us
Iteration   5: 3.766 ops/us
Iteration   6: 3.780 ops/us
Iteration   7: 3.727 ops/us
Iteration   8: 3.741 ops/us
Iteration   9: 3.696 ops/us
Iteration  10: 3.754 ops/us

# Run progress: 19.14% complete, ETA 01:08:07
# Fork: 3 of 3
# Warmup Iteration   1: 3.345 ops/us
# Warmup Iteration   2: 3.758 ops/us
# Warmup Iteration   3: 3.598 ops/us
# Warmup Iteration   4: 3.760 ops/us
# Warmup Iteration   5: 3.756 ops/us
Iteration   1: 3.808 ops/us
Iteration   2: 3.799 ops/us
Iteration   3: 3.834 ops/us
Iteration   4: 3.760 ops/us
Iteration   5: 3.769 ops/us
Iteration   6: 3.780 ops/us
Iteration   7: 3.751 ops/us
Iteration   8: 3.691 ops/us
Iteration   9: 3.679 ops/us
Iteration  10: 3.807 ops/us


Result "de.splatgames.aether.datafixers.benchmarks.core.MultiFixChainBenchmark.renameChain":
  3.727 ±(99.9%) 0.035 ops/us [Average]
  (min, avg, max) = (3.638, 3.727, 3.834), stdev = 0.052
  CI (99.9%): [3.692, 3.762] (assumes normal distribution)


# JMH version: 1.37
# VM version: JDK 17.0.18, OpenJDK 64-Bit Server VM, 17.0.18+8-Ubuntu-122.04.1
# VM invoker: /usr/lib/jvm/java-17-openjdk-amd64/bin/java
# VM options: -Xms4G -Xmx4G -XX:+UseG1GC -XX:+AlwaysPreTouch
# Blackhole mode: compiler (auto-detected, use -Djmh.blackhole.autoDetect=false to disable)
# Warmup: 5 iterations, 1 s each
# Measurement: 10 iterations, 1 s each
# Timeout: 10 min per iteration
# Threads: 1 thread, will synchronize iterations
# Benchmark mode: Throughput, ops/time
# Benchmark: de.splatgames.aether.datafixers.benchmarks.core.MultiFixChainBenchmark.renameChain
# Parameters: (fixCount = 1, payloadSize = MEDIUM)

# Run progress: 19.44% complete, ETA 01:07:51
# Fork: 1 of 3
# Warmup Iteration   1: 3.225 ops/us
# Warmup Iteration   2: 3.583 ops/us
# Warmup Iteration   3: 3.581 ops/us
# Warmup Iteration   4: 3.617 ops/us
# Warmup Iteration   5: 3.602 ops/us
Iteration   1: 3.597 ops/us
Iteration   2: 3.431 ops/us
Iteration   3: 3.549 ops/us
Iteration   4: 3.606 ops/us
Iteration   5: 3.587 ops/us
Iteration   6: 3.572 ops/us
Iteration   7: 3.577 ops/us
Iteration   8: 3.549 ops/us
Iteration   9: 3.547 ops/us
Iteration  10: 3.490 ops/us

# Run progress: 19.75% complete, ETA 01:07:35
# Fork: 2 of 3
# Warmup Iteration   1: 3.185 ops/us
# Warmup Iteration   2: 3.606 ops/us
# Warmup Iteration   3: 3.624 ops/us
# Warmup Iteration   4: 3.634 ops/us
# Warmup Iteration   5: 3.559 ops/us
Iteration   1: 3.613 ops/us
Iteration   2: 3.621 ops/us
Iteration   3: 3.616 ops/us
Iteration   4: 3.590 ops/us
Iteration   5: 3.640 ops/us
Iteration   6: 3.587 ops/us
Iteration   7: 3.577 ops/us
Iteration   8: 3.600 ops/us
Iteration   9: 3.648 ops/us
Iteration  10: 3.610 ops/us

# Run progress: 20.06% complete, ETA 01:07:20
# Fork: 3 of 3
# Warmup Iteration   1: 3.254 ops/us
# Warmup Iteration   2: 3.616 ops/us
# Warmup Iteration   3: 3.564 ops/us
# Warmup Iteration   4: 3.591 ops/us
# Warmup Iteration   5: 3.637 ops/us
Iteration   1: 3.564 ops/us
Iteration   2: 3.647 ops/us
Iteration   3: 3.627 ops/us
Iteration   4: 3.659 ops/us
Iteration   5: 3.596 ops/us
Iteration   6: 3.585 ops/us
Iteration   7: 3.599 ops/us
Iteration   8: 3.598 ops/us
Iteration   9: 3.605 ops/us
Iteration  10: 3.613 ops/us


Result "de.splatgames.aether.datafixers.benchmarks.core.MultiFixChainBenchmark.renameChain":
  3.590 ±(99.9%) 0.031 ops/us [Average]
  (min, avg, max) = (3.431, 3.590, 3.659), stdev = 0.046
  CI (99.9%): [3.559, 3.621] (assumes normal distribution)


# JMH version: 1.37
# VM version: JDK 17.0.18, OpenJDK 64-Bit Server VM, 17.0.18+8-Ubuntu-122.04.1
# VM invoker: /usr/lib/jvm/java-17-openjdk-amd64/bin/java
# VM options: -Xms4G -Xmx4G -XX:+UseG1GC -XX:+AlwaysPreTouch
# Blackhole mode: compiler (auto-detected, use -Djmh.blackhole.autoDetect=false to disable)
# Warmup: 5 iterations, 1 s each
# Measurement: 10 iterations, 1 s each
# Timeout: 10 min per iteration
# Threads: 1 thread, will synchronize iterations
# Benchmark mode: Throughput, ops/time
# Benchmark: de.splatgames.aether.datafixers.benchmarks.core.MultiFixChainBenchmark.renameChain
# Parameters: (fixCount = 5, payloadSize = SMALL)

# Run progress: 20.37% complete, ETA 01:07:04
# Fork: 1 of 3
# Warmup Iteration   1: 0.771 ops/us
# Warmup Iteration   2: 1.028 ops/us
# Warmup Iteration   3: 1.029 ops/us
# Warmup Iteration   4: 1.036 ops/us
# Warmup Iteration   5: 1.032 ops/us
Iteration   1: 1.024 ops/us
Iteration   2: 1.044 ops/us
Iteration   3: 1.035 ops/us
Iteration   4: 1.039 ops/us
Iteration   5: 1.008 ops/us
Iteration   6: 1.024 ops/us
Iteration   7: 1.034 ops/us
Iteration   8: 1.045 ops/us
Iteration   9: 1.033 ops/us
Iteration  10: 1.038 ops/us

# Run progress: 20.68% complete, ETA 01:06:48
# Fork: 2 of 3
# Warmup Iteration   1: 0.788 ops/us
# Warmup Iteration   2: 1.034 ops/us
# Warmup Iteration   3: 1.035 ops/us
# Warmup Iteration   4: 1.037 ops/us
# Warmup Iteration   5: 0.973 ops/us
Iteration   1: 1.017 ops/us
Iteration   2: 1.032 ops/us
Iteration   3: 1.038 ops/us
Iteration   4: 1.019 ops/us
Iteration   5: 1.031 ops/us
Iteration   6: 1.024 ops/us
Iteration   7: 1.019 ops/us
Iteration   8: 1.022 ops/us
Iteration   9: 1.002 ops/us
Iteration  10: 1.021 ops/us

# Run progress: 20.99% complete, ETA 01:06:33
# Fork: 3 of 3
# Warmup Iteration   1: 0.764 ops/us
# Warmup Iteration   2: 1.016 ops/us
# Warmup Iteration   3: 1.009 ops/us
# Warmup Iteration   4: 1.016 ops/us
# Warmup Iteration   5: 1.019 ops/us
Iteration   1: 1.027 ops/us
Iteration   2: 1.006 ops/us
Iteration   3: 1.026 ops/us
Iteration   4: 0.985 ops/us
Iteration   5: 0.997 ops/us
Iteration   6: 1.023 ops/us
Iteration   7: 1.007 ops/us
Iteration   8: 1.028 ops/us
Iteration   9: 1.028 ops/us
Iteration  10: 1.027 ops/us


Result "de.splatgames.aether.datafixers.benchmarks.core.MultiFixChainBenchmark.renameChain":
  1.023 ±(99.9%) 0.009 ops/us [Average]
  (min, avg, max) = (0.985, 1.023, 1.045), stdev = 0.014
  CI (99.9%): [1.014, 1.033] (assumes normal distribution)


# JMH version: 1.37
# VM version: JDK 17.0.18, OpenJDK 64-Bit Server VM, 17.0.18+8-Ubuntu-122.04.1
# VM invoker: /usr/lib/jvm/java-17-openjdk-amd64/bin/java
# VM options: -Xms4G -Xmx4G -XX:+UseG1GC -XX:+AlwaysPreTouch
# Blackhole mode: compiler (auto-detected, use -Djmh.blackhole.autoDetect=false to disable)
# Warmup: 5 iterations, 1 s each
# Measurement: 10 iterations, 1 s each
# Timeout: 10 min per iteration
# Threads: 1 thread, will synchronize iterations
# Benchmark mode: Throughput, ops/time
# Benchmark: de.splatgames.aether.datafixers.benchmarks.core.MultiFixChainBenchmark.renameChain
# Parameters: (fixCount = 5, payloadSize = MEDIUM)

# Run progress: 21.30% complete, ETA 01:06:17
# Fork: 1 of 3
# Warmup Iteration   1: 0.737 ops/us
# Warmup Iteration   2: 0.934 ops/us
# Warmup Iteration   3: 0.928 ops/us
# Warmup Iteration   4: 0.953 ops/us
# Warmup Iteration   5: 0.964 ops/us
Iteration   1: 0.972 ops/us
Iteration   2: 0.930 ops/us
Iteration   3: 0.944 ops/us
Iteration   4: 0.955 ops/us
Iteration   5: 0.960 ops/us
Iteration   6: 0.952 ops/us
Iteration   7: 0.958 ops/us
Iteration   8: 0.937 ops/us
Iteration   9: 0.950 ops/us
Iteration  10: 0.951 ops/us

# Run progress: 21.60% complete, ETA 01:06:01
# Fork: 2 of 3
# Warmup Iteration   1: 0.732 ops/us
# Warmup Iteration   2: 0.961 ops/us
# Warmup Iteration   3: 0.962 ops/us
# Warmup Iteration   4: 0.952 ops/us
# Warmup Iteration   5: 0.946 ops/us
Iteration   1: 0.958 ops/us
Iteration   2: 0.949 ops/us
Iteration   3: 0.931 ops/us
Iteration   4: 0.949 ops/us
Iteration   5: 0.964 ops/us
Iteration   6: 0.957 ops/us
Iteration   7: 0.954 ops/us
Iteration   8: 0.958 ops/us
Iteration   9: 0.954 ops/us
Iteration  10: 0.947 ops/us

# Run progress: 21.91% complete, ETA 01:05:46
# Fork: 3 of 3
# Warmup Iteration   1: 0.739 ops/us
# Warmup Iteration   2: 0.959 ops/us
# Warmup Iteration   3: 0.917 ops/us
# Warmup Iteration   4: 0.944 ops/us
# Warmup Iteration   5: 0.951 ops/us
Iteration   1: 0.962 ops/us
Iteration   2: 0.959 ops/us
Iteration   3: 0.957 ops/us
Iteration   4: 0.960 ops/us
Iteration   5: 0.955 ops/us
Iteration   6: 0.971 ops/us
Iteration   7: 0.945 ops/us
Iteration   8: 0.962 ops/us
Iteration   9: 0.963 ops/us
Iteration  10: 0.951 ops/us


Result "de.splatgames.aether.datafixers.benchmarks.core.MultiFixChainBenchmark.renameChain":
  0.954 ±(99.9%) 0.007 ops/us [Average]
  (min, avg, max) = (0.930, 0.954, 0.972), stdev = 0.010
  CI (99.9%): [0.947, 0.960] (assumes normal distribution)


# JMH version: 1.37
# VM version: JDK 17.0.18, OpenJDK 64-Bit Server VM, 17.0.18+8-Ubuntu-122.04.1
# VM invoker: /usr/lib/jvm/java-17-openjdk-amd64/bin/java
# VM options: -Xms4G -Xmx4G -XX:+UseG1GC -XX:+AlwaysPreTouch
# Blackhole mode: compiler (auto-detected, use -Djmh.blackhole.autoDetect=false to disable)
# Warmup: 5 iterations, 1 s each
# Measurement: 10 iterations, 1 s each
# Timeout: 10 min per iteration
# Threads: 1 thread, will synchronize iterations
# Benchmark mode: Throughput, ops/time
# Benchmark: de.splatgames.aether.datafixers.benchmarks.core.MultiFixChainBenchmark.renameChain
# Parameters: (fixCount = 10, payloadSize = SMALL)

# Run progress: 22.22% complete, ETA 01:05:30
# Fork: 1 of 3
# Warmup Iteration   1: 0.416 ops/us
# Warmup Iteration   2: 0.563 ops/us
# Warmup Iteration   3: 0.566 ops/us
# Warmup Iteration   4: 0.565 ops/us
# Warmup Iteration   5: 0.556 ops/us
Iteration   1: 0.556 ops/us
Iteration   2: 0.565 ops/us
Iteration   3: 0.559 ops/us
Iteration   4: 0.571 ops/us
Iteration   5: 0.572 ops/us
Iteration   6: 0.570 ops/us
Iteration   7: 0.565 ops/us
Iteration   8: 0.568 ops/us
Iteration   9: 0.567 ops/us
Iteration  10: 0.568 ops/us

# Run progress: 22.53% complete, ETA 01:05:15
# Fork: 2 of 3
# Warmup Iteration   1: 0.407 ops/us
# Warmup Iteration   2: 0.556 ops/us
# Warmup Iteration   3: 0.559 ops/us
# Warmup Iteration   4: 0.558 ops/us
# Warmup Iteration   5: 0.555 ops/us
Iteration   1: 0.556 ops/us
Iteration   2: 0.549 ops/us
Iteration   3: 0.556 ops/us
Iteration   4: 0.557 ops/us
Iteration   5: 0.557 ops/us
Iteration   6: 0.535 ops/us
Iteration   7: 0.558 ops/us
Iteration   8: 0.556 ops/us
Iteration   9: 0.556 ops/us
Iteration  10: 0.555 ops/us

# Run progress: 22.84% complete, ETA 01:04:59
# Fork: 3 of 3
# Warmup Iteration   1: 0.425 ops/us
# Warmup Iteration   2: 0.552 ops/us
# Warmup Iteration   3: 0.557 ops/us
# Warmup Iteration   4: 0.552 ops/us
# Warmup Iteration   5: 0.554 ops/us
Iteration   1: 0.546 ops/us
Iteration   2: 0.548 ops/us
Iteration   3: 0.559 ops/us
Iteration   4: 0.557 ops/us
Iteration   5: 0.555 ops/us
Iteration   6: 0.563 ops/us
Iteration   7: 0.562 ops/us
Iteration   8: 0.559 ops/us
Iteration   9: 0.556 ops/us
Iteration  10: 0.558 ops/us


Result "de.splatgames.aether.datafixers.benchmarks.core.MultiFixChainBenchmark.renameChain":
  0.559 ±(99.9%) 0.005 ops/us [Average]
  (min, avg, max) = (0.535, 0.559, 0.572), stdev = 0.008
  CI (99.9%): [0.553, 0.564] (assumes normal distribution)


# JMH version: 1.37
# VM version: JDK 17.0.18, OpenJDK 64-Bit Server VM, 17.0.18+8-Ubuntu-122.04.1
# VM invoker: /usr/lib/jvm/java-17-openjdk-amd64/bin/java
# VM options: -Xms4G -Xmx4G -XX:+UseG1GC -XX:+AlwaysPreTouch
# Blackhole mode: compiler (auto-detected, use -Djmh.blackhole.autoDetect=false to disable)
# Warmup: 5 iterations, 1 s each
# Measurement: 10 iterations, 1 s each
# Timeout: 10 min per iteration
# Threads: 1 thread, will synchronize iterations
# Benchmark mode: Throughput, ops/time
# Benchmark: de.splatgames.aether.datafixers.benchmarks.core.MultiFixChainBenchmark.renameChain
# Parameters: (fixCount = 10, payloadSize = MEDIUM)

# Run progress: 23.15% complete, ETA 01:04:43
# Fork: 1 of 3
# Warmup Iteration   1: 0.386 ops/us
# Warmup Iteration   2: 0.503 ops/us
# Warmup Iteration   3: 0.520 ops/us
# Warmup Iteration   4: 0.521 ops/us
# Warmup Iteration   5: 0.518 ops/us
Iteration   1: 0.522 ops/us
Iteration   2: 0.520 ops/us
Iteration   3: 0.523 ops/us
Iteration   4: 0.523 ops/us
Iteration   5: 0.509 ops/us
Iteration   6: 0.511 ops/us
Iteration   7: 0.515 ops/us
Iteration   8: 0.515 ops/us
Iteration   9: 0.513 ops/us
Iteration  10: 0.518 ops/us

# Run progress: 23.46% complete, ETA 01:04:28
# Fork: 2 of 3
# Warmup Iteration   1: 0.397 ops/us
# Warmup Iteration   2: 0.520 ops/us
# Warmup Iteration   3: 0.521 ops/us
# Warmup Iteration   4: 0.506 ops/us
# Warmup Iteration   5: 0.519 ops/us
Iteration   1: 0.518 ops/us
Iteration   2: 0.523 ops/us
Iteration   3: 0.519 ops/us
Iteration   4: 0.520 ops/us
Iteration   5: 0.517 ops/us
Iteration   6: 0.518 ops/us
Iteration   7: 0.513 ops/us
Iteration   8: 0.519 ops/us
Iteration   9: 0.505 ops/us
Iteration  10: 0.515 ops/us

# Run progress: 23.77% complete, ETA 01:04:12
# Fork: 3 of 3
# Warmup Iteration   1: 0.406 ops/us
# Warmup Iteration   2: 0.522 ops/us
# Warmup Iteration   3: 0.518 ops/us
# Warmup Iteration   4: 0.514 ops/us
# Warmup Iteration   5: 0.520 ops/us
Iteration   1: 0.517 ops/us
Iteration   2: 0.513 ops/us
Iteration   3: 0.522 ops/us
Iteration   4: 0.508 ops/us
Iteration   5: 0.521 ops/us
Iteration   6: 0.520 ops/us
Iteration   7: 0.520 ops/us
Iteration   8: 0.518 ops/us
Iteration   9: 0.518 ops/us
Iteration  10: 0.516 ops/us


Result "de.splatgames.aether.datafixers.benchmarks.core.MultiFixChainBenchmark.renameChain":
  0.517 ±(99.9%) 0.003 ops/us [Average]
  (min, avg, max) = (0.505, 0.517, 0.523), stdev = 0.005
  CI (99.9%): [0.514, 0.520] (assumes normal distribution)


# JMH version: 1.37
# VM version: JDK 17.0.18, OpenJDK 64-Bit Server VM, 17.0.18+8-Ubuntu-122.04.1
# VM invoker: /usr/lib/jvm/java-17-openjdk-amd64/bin/java
# VM options: -Xms4G -Xmx4G -XX:+UseG1GC -XX:+AlwaysPreTouch
# Blackhole mode: compiler (auto-detected, use -Djmh.blackhole.autoDetect=false to disable)
# Warmup: 5 iterations, 1 s each
# Measurement: 10 iterations, 1 s each
# Timeout: 10 min per iteration
# Threads: 1 thread, will synchronize iterations
# Benchmark mode: Throughput, ops/time
# Benchmark: de.splatgames.aether.datafixers.benchmarks.core.MultiFixChainBenchmark.renameChain
# Parameters: (fixCount = 25, payloadSize = SMALL)

# Run progress: 24.07% complete, ETA 01:03:57
# Fork: 1 of 3
# Warmup Iteration   1: 0.163 ops/us
# Warmup Iteration   2: 0.208 ops/us
# Warmup Iteration   3: 0.202 ops/us
# Warmup Iteration   4: 0.204 ops/us
# Warmup Iteration   5: 0.205 ops/us
Iteration   1: 0.207 ops/us
Iteration   2: 0.207 ops/us
Iteration   3: 0.208 ops/us
Iteration   4: 0.206 ops/us
Iteration   5: 0.205 ops/us
Iteration   6: 0.206 ops/us
Iteration   7: 0.204 ops/us
Iteration   8: 0.204 ops/us
Iteration   9: 0.204 ops/us
Iteration  10: 0.197 ops/us

# Run progress: 24.38% complete, ETA 01:03:41
# Fork: 2 of 3
# Warmup Iteration   1: 0.160 ops/us
# Warmup Iteration   2: 0.208 ops/us
# Warmup Iteration   3: 0.208 ops/us
# Warmup Iteration   4: 0.208 ops/us
# Warmup Iteration   5: 0.207 ops/us
Iteration   1: 0.207 ops/us
Iteration   2: 0.209 ops/us
Iteration   3: 0.198 ops/us
Iteration   4: 0.208 ops/us
Iteration   5: 0.210 ops/us
Iteration   6: 0.207 ops/us
Iteration   7: 0.208 ops/us
Iteration   8: 0.208 ops/us
Iteration   9: 0.206 ops/us
Iteration  10: 0.209 ops/us

# Run progress: 24.69% complete, ETA 01:03:25
# Fork: 3 of 3
# Warmup Iteration   1: 0.161 ops/us
# Warmup Iteration   2: 0.204 ops/us
# Warmup Iteration   3: 0.207 ops/us
# Warmup Iteration   4: 0.208 ops/us
# Warmup Iteration   5: 0.206 ops/us
Iteration   1: 0.208 ops/us
Iteration   2: 0.207 ops/us
Iteration   3: 0.208 ops/us
Iteration   4: 0.207 ops/us
Iteration   5: 0.208 ops/us
Iteration   6: 0.208 ops/us
Iteration   7: 0.203 ops/us
Iteration   8: 0.206 ops/us
Iteration   9: 0.208 ops/us
Iteration  10: 0.207 ops/us


Result "de.splatgames.aether.datafixers.benchmarks.core.MultiFixChainBenchmark.renameChain":
  0.206 ±(99.9%) 0.002 ops/us [Average]
  (min, avg, max) = (0.197, 0.206, 0.210), stdev = 0.003
  CI (99.9%): [0.204, 0.208] (assumes normal distribution)


# JMH version: 1.37
# VM version: JDK 17.0.18, OpenJDK 64-Bit Server VM, 17.0.18+8-Ubuntu-122.04.1
# VM invoker: /usr/lib/jvm/java-17-openjdk-amd64/bin/java
# VM options: -Xms4G -Xmx4G -XX:+UseG1GC -XX:+AlwaysPreTouch
# Blackhole mode: compiler (auto-detected, use -Djmh.blackhole.autoDetect=false to disable)
# Warmup: 5 iterations, 1 s each
# Measurement: 10 iterations, 1 s each
# Timeout: 10 min per iteration
# Threads: 1 thread, will synchronize iterations
# Benchmark mode: Throughput, ops/time
# Benchmark: de.splatgames.aether.datafixers.benchmarks.core.MultiFixChainBenchmark.renameChain
# Parameters: (fixCount = 25, payloadSize = MEDIUM)

# Run progress: 25.00% complete, ETA 01:03:10
# Fork: 1 of 3
# Warmup Iteration   1: 0.150 ops/us
# Warmup Iteration   2: 0.191 ops/us
# Warmup Iteration   3: 0.190 ops/us
# Warmup Iteration   4: 0.186 ops/us
# Warmup Iteration   5: 0.192 ops/us
Iteration   1: 0.183 ops/us
Iteration   2: 0.189 ops/us
Iteration   3: 0.190 ops/us
Iteration   4: 0.190 ops/us
Iteration   5: 0.190 ops/us
Iteration   6: 0.189 ops/us
Iteration   7: 0.189 ops/us
Iteration   8: 0.189 ops/us
Iteration   9: 0.188 ops/us
Iteration  10: 0.187 ops/us

# Run progress: 25.31% complete, ETA 01:02:54
# Fork: 2 of 3
# Warmup Iteration   1: 0.149 ops/us
# Warmup Iteration   2: 0.185 ops/us
# Warmup Iteration   3: 0.189 ops/us
# Warmup Iteration   4: 0.191 ops/us
# Warmup Iteration   5: 0.190 ops/us
Iteration   1: 0.189 ops/us
Iteration   2: 0.190 ops/us
Iteration   3: 0.188 ops/us
Iteration   4: 0.189 ops/us
Iteration   5: 0.191 ops/us
Iteration   6: 0.185 ops/us
Iteration   7: 0.189 ops/us
Iteration   8: 0.180 ops/us
Iteration   9: 0.190 ops/us
Iteration  10: 0.190 ops/us

# Run progress: 25.62% complete, ETA 01:02:39
# Fork: 3 of 3
# Warmup Iteration   1: 0.151 ops/us
# Warmup Iteration   2: 0.191 ops/us
# Warmup Iteration   3: 0.191 ops/us
# Warmup Iteration   4: 0.189 ops/us
# Warmup Iteration   5: 0.189 ops/us
Iteration   1: 0.187 ops/us
Iteration   2: 0.190 ops/us
Iteration   3: 0.190 ops/us
Iteration   4: 0.185 ops/us
Iteration   5: 0.189 ops/us
Iteration   6: 0.190 ops/us
Iteration   7: 0.189 ops/us
Iteration   8: 0.189 ops/us
Iteration   9: 0.188 ops/us
Iteration  10: 0.191 ops/us


Result "de.splatgames.aether.datafixers.benchmarks.core.MultiFixChainBenchmark.renameChain":
  0.188 ±(99.9%) 0.002 ops/us [Average]
  (min, avg, max) = (0.180, 0.188, 0.191), stdev = 0.002
  CI (99.9%): [0.187, 0.190] (assumes normal distribution)


# JMH version: 1.37
# VM version: JDK 17.0.18, OpenJDK 64-Bit Server VM, 17.0.18+8-Ubuntu-122.04.1
# VM invoker: /usr/lib/jvm/java-17-openjdk-amd64/bin/java
# VM options: -Xms4G -Xmx4G -XX:+UseG1GC -XX:+AlwaysPreTouch
# Blackhole mode: compiler (auto-detected, use -Djmh.blackhole.autoDetect=false to disable)
# Warmup: 5 iterations, 1 s each
# Measurement: 10 iterations, 1 s each
# Timeout: 10 min per iteration
# Threads: 1 thread, will synchronize iterations
# Benchmark mode: Throughput, ops/time
# Benchmark: de.splatgames.aether.datafixers.benchmarks.core.MultiFixChainBenchmark.renameChain
# Parameters: (fixCount = 50, payloadSize = SMALL)

# Run progress: 25.93% complete, ETA 01:02:23
# Fork: 1 of 3
# Warmup Iteration   1: 0.092 ops/us
# Warmup Iteration   2: 0.114 ops/us
# Warmup Iteration   3: 0.113 ops/us
# Warmup Iteration   4: 0.113 ops/us
# Warmup Iteration   5: 0.113 ops/us
Iteration   1: 0.114 ops/us
Iteration   2: 0.114 ops/us
Iteration   3: 0.111 ops/us
Iteration   4: 0.109 ops/us
Iteration   5: 0.113 ops/us
Iteration   6: 0.113 ops/us
Iteration   7: 0.114 ops/us
Iteration   8: 0.113 ops/us
Iteration   9: 0.107 ops/us
Iteration  10: 0.112 ops/us

# Run progress: 26.23% complete, ETA 01:02:07
# Fork: 2 of 3
# Warmup Iteration   1: 0.092 ops/us
# Warmup Iteration   2: 0.114 ops/us
# Warmup Iteration   3: 0.114 ops/us
# Warmup Iteration   4: 0.111 ops/us
# Warmup Iteration   5: 0.114 ops/us
Iteration   1: 0.112 ops/us
Iteration   2: 0.113 ops/us
Iteration   3: 0.115 ops/us
Iteration   4: 0.114 ops/us
Iteration   5: 0.114 ops/us
Iteration   6: 0.114 ops/us
Iteration   7: 0.113 ops/us
Iteration   8: 0.112 ops/us
Iteration   9: 0.111 ops/us
Iteration  10: 0.112 ops/us

# Run progress: 26.54% complete, ETA 01:01:52
# Fork: 3 of 3
# Warmup Iteration   1: 0.091 ops/us
# Warmup Iteration   2: 0.112 ops/us
# Warmup Iteration   3: 0.113 ops/us
# Warmup Iteration   4: 0.113 ops/us
# Warmup Iteration   5: 0.112 ops/us
Iteration   1: 0.111 ops/us
Iteration   2: 0.113 ops/us
Iteration   3: 0.113 ops/us
Iteration   4: 0.110 ops/us
Iteration   5: 0.111 ops/us
Iteration   6: 0.108 ops/us
Iteration   7: 0.112 ops/us
Iteration   8: 0.113 ops/us
Iteration   9: 0.112 ops/us
Iteration  10: 0.113 ops/us


Result "de.splatgames.aether.datafixers.benchmarks.core.MultiFixChainBenchmark.renameChain":
  0.112 ±(99.9%) 0.001 ops/us [Average]
  (min, avg, max) = (0.107, 0.112, 0.115), stdev = 0.002
  CI (99.9%): [0.111, 0.113] (assumes normal distribution)


# JMH version: 1.37
# VM version: JDK 17.0.18, OpenJDK 64-Bit Server VM, 17.0.18+8-Ubuntu-122.04.1
# VM invoker: /usr/lib/jvm/java-17-openjdk-amd64/bin/java
# VM options: -Xms4G -Xmx4G -XX:+UseG1GC -XX:+AlwaysPreTouch
# Blackhole mode: compiler (auto-detected, use -Djmh.blackhole.autoDetect=false to disable)
# Warmup: 5 iterations, 1 s each
# Measurement: 10 iterations, 1 s each
# Timeout: 10 min per iteration
# Threads: 1 thread, will synchronize iterations
# Benchmark mode: Throughput, ops/time
# Benchmark: de.splatgames.aether.datafixers.benchmarks.core.MultiFixChainBenchmark.renameChain
# Parameters: (fixCount = 50, payloadSize = MEDIUM)

# Run progress: 26.85% complete, ETA 01:01:36
# Fork: 1 of 3
# Warmup Iteration   1: 0.087 ops/us
# Warmup Iteration   2: 0.102 ops/us
# Warmup Iteration   3: 0.101 ops/us
# Warmup Iteration   4: 0.104 ops/us
# Warmup Iteration   5: 0.104 ops/us
Iteration   1: 0.105 ops/us
Iteration   2: 0.105 ops/us
Iteration   3: 0.104 ops/us
Iteration   4: 0.104 ops/us
Iteration   5: 0.105 ops/us
Iteration   6: 0.104 ops/us
Iteration   7: 0.103 ops/us
Iteration   8: 0.103 ops/us
Iteration   9: 0.105 ops/us
Iteration  10: 0.104 ops/us

# Run progress: 27.16% complete, ETA 01:01:20
# Fork: 2 of 3
# Warmup Iteration   1: 0.087 ops/us
# Warmup Iteration   2: 0.104 ops/us
# Warmup Iteration   3: 0.105 ops/us
# Warmup Iteration   4: 0.106 ops/us
# Warmup Iteration   5: 0.104 ops/us
Iteration   1: 0.104 ops/us
Iteration   2: 0.102 ops/us
Iteration   3: 0.105 ops/us
Iteration   4: 0.102 ops/us
Iteration   5: 0.103 ops/us
Iteration   6: 0.104 ops/us
Iteration   7: 0.104 ops/us
Iteration   8: 0.103 ops/us
Iteration   9: 0.103 ops/us
Iteration  10: 0.104 ops/us

# Run progress: 27.47% complete, ETA 01:01:05
# Fork: 3 of 3
# Warmup Iteration   1: 0.086 ops/us
# Warmup Iteration   2: 0.104 ops/us
# Warmup Iteration   3: 0.103 ops/us
# Warmup Iteration   4: 0.104 ops/us
# Warmup Iteration   5: 0.103 ops/us
Iteration   1: 0.105 ops/us
Iteration   2: 0.102 ops/us
Iteration   3: 0.101 ops/us
Iteration   4: 0.102 ops/us
Iteration   5: 0.102 ops/us
Iteration   6: 0.104 ops/us
Iteration   7: 0.103 ops/us
Iteration   8: 0.103 ops/us
Iteration   9: 0.103 ops/us
Iteration  10: 0.103 ops/us


Result "de.splatgames.aether.datafixers.benchmarks.core.MultiFixChainBenchmark.renameChain":
  0.104 ±(99.9%) 0.001 ops/us [Average]
  (min, avg, max) = (0.101, 0.104, 0.105), stdev = 0.001
  CI (99.9%): [0.103, 0.104] (assumes normal distribution)


# JMH version: 1.37
# VM version: JDK 17.0.18, OpenJDK 64-Bit Server VM, 17.0.18+8-Ubuntu-122.04.1
# VM invoker: /usr/lib/jvm/java-17-openjdk-amd64/bin/java
# VM options: -Xms4G -Xmx4G -XX:+UseG1GC -XX:+AlwaysPreTouch
# Blackhole mode: compiler (auto-detected, use -Djmh.blackhole.autoDetect=false to disable)
# Warmup: 5 iterations, 1 s each
# Measurement: 10 iterations, 1 s each
# Timeout: 10 min per iteration
# Threads: 1 thread, will synchronize iterations
# Benchmark mode: Throughput, ops/time
# Benchmark: de.splatgames.aether.datafixers.benchmarks.core.SchemaLookupBenchmark.exactLookup
# Parameters: (schemaCount = 10)

# Run progress: 27.78% complete, ETA 01:00:49
# Fork: 1 of 3
# Warmup Iteration   1: 0.070 ops/ns
# Warmup Iteration   2: 0.072 ops/ns
# Warmup Iteration   3: 0.114 ops/ns
# Warmup Iteration   4: 0.115 ops/ns
# Warmup Iteration   5: 0.111 ops/ns
Iteration   1: 0.108 ops/ns
Iteration   2: 0.113 ops/ns
Iteration   3: 0.114 ops/ns
Iteration   4: 0.109 ops/ns
Iteration   5: 0.111 ops/ns
Iteration   6: 0.114 ops/ns
Iteration   7: 0.109 ops/ns
Iteration   8: 0.111 ops/ns
Iteration   9: 0.114 ops/ns
Iteration  10: 0.111 ops/ns

# Run progress: 28.09% complete, ETA 01:00:33
# Fork: 2 of 3
# Warmup Iteration   1: 0.068 ops/ns
# Warmup Iteration   2: 0.072 ops/ns
# Warmup Iteration   3: 0.114 ops/ns
# Warmup Iteration   4: 0.110 ops/ns
# Warmup Iteration   5: 0.110 ops/ns
Iteration   1: 0.112 ops/ns
Iteration   2: 0.111 ops/ns
Iteration   3: 0.112 ops/ns
Iteration   4: 0.112 ops/ns
Iteration   5: 0.109 ops/ns
Iteration   6: 0.111 ops/ns
Iteration   7: 0.109 ops/ns
Iteration   8: 0.111 ops/ns
Iteration   9: 0.111 ops/ns
Iteration  10: 0.105 ops/ns

# Run progress: 28.40% complete, ETA 01:00:18
# Fork: 3 of 3
# Warmup Iteration   1: 0.067 ops/ns
# Warmup Iteration   2: 0.071 ops/ns
# Warmup Iteration   3: 0.119 ops/ns
# Warmup Iteration   4: 0.115 ops/ns
# Warmup Iteration   5: 0.108 ops/ns
Iteration   1: 0.115 ops/ns
Iteration   2: 0.114 ops/ns
Iteration   3: 0.116 ops/ns
Iteration   4: 0.113 ops/ns
Iteration   5: 0.108 ops/ns
Iteration   6: 0.113 ops/ns
Iteration   7: 0.112 ops/ns
Iteration   8: 0.115 ops/ns
Iteration   9: 0.119 ops/ns
Iteration  10: 0.111 ops/ns


Result "de.splatgames.aether.datafixers.benchmarks.core.SchemaLookupBenchmark.exactLookup":
  0.112 ±(99.9%) 0.002 ops/ns [Average]
  (min, avg, max) = (0.105, 0.112, 0.119), stdev = 0.003
  CI (99.9%): [0.110, 0.114] (assumes normal distribution)


# JMH version: 1.37
# VM version: JDK 17.0.18, OpenJDK 64-Bit Server VM, 17.0.18+8-Ubuntu-122.04.1
# VM invoker: /usr/lib/jvm/java-17-openjdk-amd64/bin/java
# VM options: -Xms4G -Xmx4G -XX:+UseG1GC -XX:+AlwaysPreTouch
# Blackhole mode: compiler (auto-detected, use -Djmh.blackhole.autoDetect=false to disable)
# Warmup: 5 iterations, 1 s each
# Measurement: 10 iterations, 1 s each
# Timeout: 10 min per iteration
# Threads: 1 thread, will synchronize iterations
# Benchmark mode: Throughput, ops/time
# Benchmark: de.splatgames.aether.datafixers.benchmarks.core.SchemaLookupBenchmark.exactLookup
# Parameters: (schemaCount = 50)

# Run progress: 28.70% complete, ETA 01:00:02
# Fork: 1 of 3
# Warmup Iteration   1: 0.042 ops/ns
# Warmup Iteration   2: 0.044 ops/ns
# Warmup Iteration   3: 0.042 ops/ns
# Warmup Iteration   4: 0.041 ops/ns
# Warmup Iteration   5: 0.043 ops/ns
Iteration   1: 0.041 ops/ns
Iteration   2: 0.041 ops/ns
Iteration   3: 0.042 ops/ns
Iteration   4: 0.040 ops/ns
Iteration   5: 0.042 ops/ns
Iteration   6: 0.040 ops/ns
Iteration   7: 0.041 ops/ns
Iteration   8: 0.042 ops/ns
Iteration   9: 0.042 ops/ns
Iteration  10: 0.042 ops/ns

# Run progress: 29.01% complete, ETA 00:59:47
# Fork: 2 of 3
# Warmup Iteration   1: 0.042 ops/ns
# Warmup Iteration   2: 0.043 ops/ns
# Warmup Iteration   3: 0.042 ops/ns
# Warmup Iteration   4: 0.041 ops/ns
# Warmup Iteration   5: 0.042 ops/ns
Iteration   1: 0.041 ops/ns
Iteration   2: 0.041 ops/ns
Iteration   3: 0.041 ops/ns
Iteration   4: 0.041 ops/ns
Iteration   5: 0.042 ops/ns
Iteration   6: 0.041 ops/ns
Iteration   7: 0.041 ops/ns
Iteration   8: 0.041 ops/ns
Iteration   9: 0.041 ops/ns
Iteration  10: 0.041 ops/ns

# Run progress: 29.32% complete, ETA 00:59:31
# Fork: 3 of 3
# Warmup Iteration   1: 0.042 ops/ns
# Warmup Iteration   2: 0.043 ops/ns
# Warmup Iteration   3: 0.043 ops/ns
# Warmup Iteration   4: 0.042 ops/ns
# Warmup Iteration   5: 0.043 ops/ns
Iteration   1: 0.042 ops/ns
Iteration   2: 0.042 ops/ns
Iteration   3: 0.041 ops/ns
Iteration   4: 0.042 ops/ns
Iteration   5: 0.042 ops/ns
Iteration   6: 0.042 ops/ns
Iteration   7: 0.042 ops/ns
Iteration   8: 0.042 ops/ns
Iteration   9: 0.043 ops/ns
Iteration  10: 0.043 ops/ns


Result "de.splatgames.aether.datafixers.benchmarks.core.SchemaLookupBenchmark.exactLookup":
  0.042 ±(99.9%) 0.001 ops/ns [Average]
  (min, avg, max) = (0.040, 0.042, 0.043), stdev = 0.001
  CI (99.9%): [0.041, 0.042] (assumes normal distribution)


# JMH version: 1.37
# VM version: JDK 17.0.18, OpenJDK 64-Bit Server VM, 17.0.18+8-Ubuntu-122.04.1
# VM invoker: /usr/lib/jvm/java-17-openjdk-amd64/bin/java
# VM options: -Xms4G -Xmx4G -XX:+UseG1GC -XX:+AlwaysPreTouch
# Blackhole mode: compiler (auto-detected, use -Djmh.blackhole.autoDetect=false to disable)
# Warmup: 5 iterations, 1 s each
# Measurement: 10 iterations, 1 s each
# Timeout: 10 min per iteration
# Threads: 1 thread, will synchronize iterations
# Benchmark mode: Throughput, ops/time
# Benchmark: de.splatgames.aether.datafixers.benchmarks.core.SchemaLookupBenchmark.exactLookup
# Parameters: (schemaCount = 100)

# Run progress: 29.63% complete, ETA 00:59:15
# Fork: 1 of 3
# Warmup Iteration   1: 0.031 ops/ns
# Warmup Iteration   2: 0.032 ops/ns
# Warmup Iteration   3: 0.030 ops/ns
# Warmup Iteration   4: 0.031 ops/ns
# Warmup Iteration   5: 0.031 ops/ns
Iteration   1: 0.031 ops/ns
Iteration   2: 0.030 ops/ns
Iteration   3: 0.030 ops/ns
Iteration   4: 0.030 ops/ns
Iteration   5: 0.031 ops/ns
Iteration   6: 0.030 ops/ns
Iteration   7: 0.031 ops/ns
Iteration   8: 0.029 ops/ns
Iteration   9: 0.030 ops/ns
Iteration  10: 0.030 ops/ns

# Run progress: 29.94% complete, ETA 00:59:00
# Fork: 2 of 3
# Warmup Iteration   1: 0.031 ops/ns
# Warmup Iteration   2: 0.032 ops/ns
# Warmup Iteration   3: 0.030 ops/ns
# Warmup Iteration   4: 0.030 ops/ns
# Warmup Iteration   5: 0.030 ops/ns
Iteration   1: 0.030 ops/ns
Iteration   2: 0.029 ops/ns
Iteration   3: 0.030 ops/ns
Iteration   4: 0.030 ops/ns
Iteration   5: 0.031 ops/ns
Iteration   6: 0.030 ops/ns
Iteration   7: 0.031 ops/ns
Iteration   8: 0.030 ops/ns
Iteration   9: 0.030 ops/ns
Iteration  10: 0.030 ops/ns

# Run progress: 30.25% complete, ETA 00:58:44
# Fork: 3 of 3
# Warmup Iteration   1: 0.031 ops/ns
# Warmup Iteration   2: 0.032 ops/ns
# Warmup Iteration   3: 0.030 ops/ns
# Warmup Iteration   4: 0.030 ops/ns
# Warmup Iteration   5: 0.030 ops/ns
Iteration   1: 0.030 ops/ns
Iteration   2: 0.030 ops/ns
Iteration   3: 0.030 ops/ns
Iteration   4: 0.030 ops/ns
Iteration   5: 0.031 ops/ns
Iteration   6: 0.030 ops/ns
Iteration   7: 0.030 ops/ns
Iteration   8: 0.030 ops/ns
Iteration   9: 0.030 ops/ns
Iteration  10: 0.030 ops/ns


Result "de.splatgames.aether.datafixers.benchmarks.core.SchemaLookupBenchmark.exactLookup":
  0.030 ±(99.9%) 0.001 ops/ns [Average]
  (min, avg, max) = (0.029, 0.030, 0.031), stdev = 0.001
  CI (99.9%): [0.030, 0.030] (assumes normal distribution)


# JMH version: 1.37
# VM version: JDK 17.0.18, OpenJDK 64-Bit Server VM, 17.0.18+8-Ubuntu-122.04.1
# VM invoker: /usr/lib/jvm/java-17-openjdk-amd64/bin/java
# VM options: -Xms4G -Xmx4G -XX:+UseG1GC -XX:+AlwaysPreTouch
# Blackhole mode: compiler (auto-detected, use -Djmh.blackhole.autoDetect=false to disable)
# Warmup: 5 iterations, 1 s each
# Measurement: 10 iterations, 1 s each
# Timeout: 10 min per iteration
# Threads: 1 thread, will synchronize iterations
# Benchmark mode: Throughput, ops/time
# Benchmark: de.splatgames.aether.datafixers.benchmarks.core.SchemaLookupBenchmark.exactLookup
# Parameters: (schemaCount = 500)

# Run progress: 30.56% complete, ETA 00:58:28
# Fork: 1 of 3
# Warmup Iteration   1: 0.021 ops/ns
# Warmup Iteration   2: 0.021 ops/ns
# Warmup Iteration   3: 0.020 ops/ns
# Warmup Iteration   4: 0.020 ops/ns
# Warmup Iteration   5: 0.020 ops/ns
Iteration   1: 0.020 ops/ns
Iteration   2: 0.020 ops/ns
Iteration   3: 0.019 ops/ns
Iteration   4: 0.020 ops/ns
Iteration   5: 0.020 ops/ns
Iteration   6: 0.020 ops/ns
Iteration   7: 0.020 ops/ns
Iteration   8: 0.020 ops/ns
Iteration   9: 0.019 ops/ns
Iteration  10: 0.020 ops/ns

# Run progress: 30.86% complete, ETA 00:58:13
# Fork: 2 of 3
# Warmup Iteration   1: 0.020 ops/ns
# Warmup Iteration   2: 0.021 ops/ns
# Warmup Iteration   3: 0.020 ops/ns
# Warmup Iteration   4: 0.019 ops/ns
# Warmup Iteration   5: 0.020 ops/ns
Iteration   1: 0.019 ops/ns
Iteration   2: 0.019 ops/ns
Iteration   3: 0.019 ops/ns
Iteration   4: 0.019 ops/ns
Iteration   5: 0.019 ops/ns
Iteration   6: 0.019 ops/ns
Iteration   7: 0.019 ops/ns
Iteration   8: 0.019 ops/ns
Iteration   9: 0.019 ops/ns
Iteration  10: 0.019 ops/ns

# Run progress: 31.17% complete, ETA 00:57:57
# Fork: 3 of 3
# Warmup Iteration   1: 0.020 ops/ns
# Warmup Iteration   2: 0.021 ops/ns
# Warmup Iteration   3: 0.020 ops/ns
# Warmup Iteration   4: 0.019 ops/ns
# Warmup Iteration   5: 0.019 ops/ns
Iteration   1: 0.019 ops/ns
Iteration   2: 0.019 ops/ns
Iteration   3: 0.019 ops/ns
Iteration   4: 0.019 ops/ns
Iteration   5: 0.019 ops/ns
Iteration   6: 0.019 ops/ns
Iteration   7: 0.019 ops/ns
Iteration   8: 0.019 ops/ns
Iteration   9: 0.019 ops/ns
Iteration  10: 0.019 ops/ns


Result "de.splatgames.aether.datafixers.benchmarks.core.SchemaLookupBenchmark.exactLookup":
  0.019 ±(99.9%) 0.001 ops/ns [Average]
  (min, avg, max) = (0.019, 0.019, 0.020), stdev = 0.001
  CI (99.9%): [0.019, 0.020] (assumes normal distribution)


# JMH version: 1.37
# VM version: JDK 17.0.18, OpenJDK 64-Bit Server VM, 17.0.18+8-Ubuntu-122.04.1
# VM invoker: /usr/lib/jvm/java-17-openjdk-amd64/bin/java
# VM options: -Xms4G -Xmx4G -XX:+UseG1GC -XX:+AlwaysPreTouch
# Blackhole mode: compiler (auto-detected, use -Djmh.blackhole.autoDetect=false to disable)
# Warmup: 5 iterations, 1 s each
# Measurement: 10 iterations, 1 s each
# Timeout: 10 min per iteration
# Threads: 1 thread, will synchronize iterations
# Benchmark mode: Throughput, ops/time
# Benchmark: de.splatgames.aether.datafixers.benchmarks.core.SchemaLookupBenchmark.floorLookup
# Parameters: (schemaCount = 10)

# Run progress: 31.48% complete, ETA 00:57:41
# Fork: 1 of 3
# Warmup Iteration   1: 0.051 ops/ns
# Warmup Iteration   2: 0.048 ops/ns
# Warmup Iteration   3: 0.062 ops/ns
# Warmup Iteration   4: 0.061 ops/ns
# Warmup Iteration   5: 0.062 ops/ns
Iteration   1: 0.063 ops/ns
Iteration   2: 0.063 ops/ns
Iteration   3: 0.066 ops/ns
Iteration   4: 0.061 ops/ns
Iteration   5: 0.057 ops/ns
Iteration   6: 0.063 ops/ns
Iteration   7: 0.060 ops/ns
Iteration   8: 0.061 ops/ns
Iteration   9: 0.064 ops/ns
Iteration  10: 0.064 ops/ns

# Run progress: 31.79% complete, ETA 00:57:26
# Fork: 2 of 3
# Warmup Iteration   1: 0.050 ops/ns
# Warmup Iteration   2: 0.050 ops/ns
# Warmup Iteration   3: 0.063 ops/ns
# Warmup Iteration   4: 0.065 ops/ns
# Warmup Iteration   5: 0.062 ops/ns
Iteration   1: 0.062 ops/ns
Iteration   2: 0.064 ops/ns
Iteration   3: 0.068 ops/ns
Iteration   4: 0.063 ops/ns
Iteration   5: 0.060 ops/ns
Iteration   6: 0.063 ops/ns
Iteration   7: 0.059 ops/ns
Iteration   8: 0.060 ops/ns
Iteration   9: 0.060 ops/ns
Iteration  10: 0.064 ops/ns

# Run progress: 32.10% complete, ETA 00:57:10
# Fork: 3 of 3
# Warmup Iteration   1: 0.051 ops/ns
# Warmup Iteration   2: 0.050 ops/ns
# Warmup Iteration   3: 0.063 ops/ns
# Warmup Iteration   4: 0.066 ops/ns
# Warmup Iteration   5: 0.063 ops/ns
Iteration   1: 0.062 ops/ns
Iteration   2: 0.063 ops/ns
Iteration   3: 0.065 ops/ns
Iteration   4: 0.063 ops/ns
Iteration   5: 0.060 ops/ns
Iteration   6: 0.062 ops/ns
Iteration   7: 0.060 ops/ns
Iteration   8: 0.061 ops/ns
Iteration   9: 0.063 ops/ns
Iteration  10: 0.064 ops/ns


Result "de.splatgames.aether.datafixers.benchmarks.core.SchemaLookupBenchmark.floorLookup":
  0.062 ±(99.9%) 0.001 ops/ns [Average]
  (min, avg, max) = (0.057, 0.062, 0.068), stdev = 0.002
  CI (99.9%): [0.061, 0.064] (assumes normal distribution)


# JMH version: 1.37
# VM version: JDK 17.0.18, OpenJDK 64-Bit Server VM, 17.0.18+8-Ubuntu-122.04.1
# VM invoker: /usr/lib/jvm/java-17-openjdk-amd64/bin/java
# VM options: -Xms4G -Xmx4G -XX:+UseG1GC -XX:+AlwaysPreTouch
# Blackhole mode: compiler (auto-detected, use -Djmh.blackhole.autoDetect=false to disable)
# Warmup: 5 iterations, 1 s each
# Measurement: 10 iterations, 1 s each
# Timeout: 10 min per iteration
# Threads: 1 thread, will synchronize iterations
# Benchmark mode: Throughput, ops/time
# Benchmark: de.splatgames.aether.datafixers.benchmarks.core.SchemaLookupBenchmark.floorLookup
# Parameters: (schemaCount = 50)

# Run progress: 32.41% complete, ETA 00:56:54
# Fork: 1 of 3
# Warmup Iteration   1: 0.032 ops/ns
# Warmup Iteration   2: 0.032 ops/ns
# Warmup Iteration   3: 0.031 ops/ns
# Warmup Iteration   4: 0.032 ops/ns
# Warmup Iteration   5: 0.032 ops/ns
Iteration   1: 0.032 ops/ns
Iteration   2: 0.031 ops/ns
Iteration   3: 0.032 ops/ns
Iteration   4: 0.032 ops/ns
Iteration   5: 0.032 ops/ns
Iteration   6: 0.032 ops/ns
Iteration   7: 0.031 ops/ns
Iteration   8: 0.032 ops/ns
Iteration   9: 0.032 ops/ns
Iteration  10: 0.032 ops/ns

# Run progress: 32.72% complete, ETA 00:56:39
# Fork: 2 of 3
# Warmup Iteration   1: 0.032 ops/ns
# Warmup Iteration   2: 0.031 ops/ns
# Warmup Iteration   3: 0.031 ops/ns
# Warmup Iteration   4: 0.031 ops/ns
# Warmup Iteration   5: 0.032 ops/ns
Iteration   1: 0.032 ops/ns
Iteration   2: 0.031 ops/ns
Iteration   3: 0.031 ops/ns
Iteration   4: 0.032 ops/ns
Iteration   5: 0.031 ops/ns
Iteration   6: 0.031 ops/ns
Iteration   7: 0.032 ops/ns
Iteration   8: 0.031 ops/ns
Iteration   9: 0.032 ops/ns
Iteration  10: 0.032 ops/ns

# Run progress: 33.02% complete, ETA 00:56:23
# Fork: 3 of 3
# Warmup Iteration   1: 0.031 ops/ns
# Warmup Iteration   2: 0.031 ops/ns
# Warmup Iteration   3: 0.035 ops/ns
# Warmup Iteration   4: 0.035 ops/ns
# Warmup Iteration   5: 0.035 ops/ns
Iteration   1: 0.036 ops/ns
Iteration   2: 0.035 ops/ns
Iteration   3: 0.036 ops/ns
Iteration   4: 0.035 ops/ns
Iteration   5: 0.035 ops/ns
Iteration   6: 0.035 ops/ns
Iteration   7: 0.035 ops/ns
Iteration   8: 0.036 ops/ns
Iteration   9: 0.035 ops/ns
Iteration  10: 0.035 ops/ns


Result "de.splatgames.aether.datafixers.benchmarks.core.SchemaLookupBenchmark.floorLookup":
  0.033 ±(99.9%) 0.001 ops/ns [Average]
  (min, avg, max) = (0.031, 0.033, 0.036), stdev = 0.002
  CI (99.9%): [0.032, 0.034] (assumes normal distribution)


# JMH version: 1.37
# VM version: JDK 17.0.18, OpenJDK 64-Bit Server VM, 17.0.18+8-Ubuntu-122.04.1
# VM invoker: /usr/lib/jvm/java-17-openjdk-amd64/bin/java
# VM options: -Xms4G -Xmx4G -XX:+UseG1GC -XX:+AlwaysPreTouch
# Blackhole mode: compiler (auto-detected, use -Djmh.blackhole.autoDetect=false to disable)
# Warmup: 5 iterations, 1 s each
# Measurement: 10 iterations, 1 s each
# Timeout: 10 min per iteration
# Threads: 1 thread, will synchronize iterations
# Benchmark mode: Throughput, ops/time
# Benchmark: de.splatgames.aether.datafixers.benchmarks.core.SchemaLookupBenchmark.floorLookup
# Parameters: (schemaCount = 100)

# Run progress: 33.33% complete, ETA 00:56:07
# Fork: 1 of 3
# Warmup Iteration   1: 0.026 ops/ns
# Warmup Iteration   2: 0.025 ops/ns
# Warmup Iteration   3: 0.026 ops/ns
# Warmup Iteration   4: 0.026 ops/ns
# Warmup Iteration   5: 0.026 ops/ns
Iteration   1: 0.025 ops/ns
Iteration   2: 0.026 ops/ns
Iteration   3: 0.026 ops/ns
Iteration   4: 0.026 ops/ns
Iteration   5: 0.026 ops/ns
Iteration   6: 0.026 ops/ns
Iteration   7: 0.026 ops/ns
Iteration   8: 0.026 ops/ns
Iteration   9: 0.026 ops/ns
Iteration  10: 0.026 ops/ns

# Run progress: 33.64% complete, ETA 00:55:52
# Fork: 2 of 3
# Warmup Iteration   1: 0.026 ops/ns
# Warmup Iteration   2: 0.026 ops/ns
# Warmup Iteration   3: 0.026 ops/ns
# Warmup Iteration   4: 0.026 ops/ns
# Warmup Iteration   5: 0.026 ops/ns
Iteration   1: 0.026 ops/ns
Iteration   2: 0.026 ops/ns
Iteration   3: 0.026 ops/ns
Iteration   4: 0.026 ops/ns
Iteration   5: 0.026 ops/ns
Iteration   6: 0.026 ops/ns
Iteration   7: 0.026 ops/ns
Iteration   8: 0.027 ops/ns
Iteration   9: 0.026 ops/ns
Iteration  10: 0.026 ops/ns

# Run progress: 33.95% complete, ETA 00:55:36
# Fork: 3 of 3
# Warmup Iteration   1: 0.026 ops/ns
# Warmup Iteration   2: 0.026 ops/ns
# Warmup Iteration   3: 0.026 ops/ns
# Warmup Iteration   4: 0.026 ops/ns
# Warmup Iteration   5: 0.026 ops/ns
Iteration   1: 0.026 ops/ns
Iteration   2: 0.026 ops/ns
Iteration   3: 0.026 ops/ns
Iteration   4: 0.025 ops/ns
Iteration   5: 0.026 ops/ns
Iteration   6: 0.026 ops/ns
Iteration   7: 0.026 ops/ns
Iteration   8: 0.026 ops/ns
Iteration   9: 0.025 ops/ns
Iteration  10: 0.024 ops/ns


Result "de.splatgames.aether.datafixers.benchmarks.core.SchemaLookupBenchmark.floorLookup":
  0.026 ±(99.9%) 0.001 ops/ns [Average]
  (min, avg, max) = (0.024, 0.026, 0.027), stdev = 0.001
  CI (99.9%): [0.026, 0.026] (assumes normal distribution)


# JMH version: 1.37
# VM version: JDK 17.0.18, OpenJDK 64-Bit Server VM, 17.0.18+8-Ubuntu-122.04.1
# VM invoker: /usr/lib/jvm/java-17-openjdk-amd64/bin/java
# VM options: -Xms4G -Xmx4G -XX:+UseG1GC -XX:+AlwaysPreTouch
# Blackhole mode: compiler (auto-detected, use -Djmh.blackhole.autoDetect=false to disable)
# Warmup: 5 iterations, 1 s each
# Measurement: 10 iterations, 1 s each
# Timeout: 10 min per iteration
# Threads: 1 thread, will synchronize iterations
# Benchmark mode: Throughput, ops/time
# Benchmark: de.splatgames.aether.datafixers.benchmarks.core.SchemaLookupBenchmark.floorLookup
# Parameters: (schemaCount = 500)

# Run progress: 34.26% complete, ETA 00:55:21
# Fork: 1 of 3
# Warmup Iteration   1: 0.018 ops/ns
# Warmup Iteration   2: 0.019 ops/ns
# Warmup Iteration   3: 0.019 ops/ns
# Warmup Iteration   4: 0.019 ops/ns
# Warmup Iteration   5: 0.019 ops/ns
Iteration   1: 0.019 ops/ns
Iteration   2: 0.019 ops/ns
Iteration   3: 0.019 ops/ns
Iteration   4: 0.019 ops/ns
Iteration   5: 0.019 ops/ns
Iteration   6: 0.019 ops/ns
Iteration   7: 0.019 ops/ns
Iteration   8: 0.019 ops/ns
Iteration   9: 0.019 ops/ns
Iteration  10: 0.019 ops/ns

# Run progress: 34.57% complete, ETA 00:55:05
# Fork: 2 of 3
# Warmup Iteration   1: 0.018 ops/ns
# Warmup Iteration   2: 0.019 ops/ns
# Warmup Iteration   3: 0.019 ops/ns
# Warmup Iteration   4: 0.019 ops/ns
# Warmup Iteration   5: 0.019 ops/ns
Iteration   1: 0.019 ops/ns
Iteration   2: 0.019 ops/ns
Iteration   3: 0.019 ops/ns
Iteration   4: 0.019 ops/ns
Iteration   5: 0.018 ops/ns
Iteration   6: 0.019 ops/ns
Iteration   7: 0.019 ops/ns
Iteration   8: 0.019 ops/ns
Iteration   9: 0.018 ops/ns
Iteration  10: 0.019 ops/ns

# Run progress: 34.88% complete, ETA 00:54:49
# Fork: 3 of 3
# Warmup Iteration   1: 0.018 ops/ns
# Warmup Iteration   2: 0.019 ops/ns
# Warmup Iteration   3: 0.019 ops/ns
# Warmup Iteration   4: 0.019 ops/ns
# Warmup Iteration   5: 0.019 ops/ns
Iteration   1: 0.019 ops/ns
Iteration   2: 0.019 ops/ns
Iteration   3: 0.018 ops/ns
Iteration   4: 0.019 ops/ns
Iteration   5: 0.019 ops/ns
Iteration   6: 0.019 ops/ns
Iteration   7: 0.019 ops/ns
Iteration   8: 0.019 ops/ns
Iteration   9: 0.018 ops/ns
Iteration  10: 0.019 ops/ns


Result "de.splatgames.aether.datafixers.benchmarks.core.SchemaLookupBenchmark.floorLookup":
  0.019 ±(99.9%) 0.001 ops/ns [Average]
  (min, avg, max) = (0.018, 0.019, 0.019), stdev = 0.001
  CI (99.9%): [0.019, 0.019] (assumes normal distribution)


# JMH version: 1.37
# VM version: JDK 17.0.18, OpenJDK 64-Bit Server VM, 17.0.18+8-Ubuntu-122.04.1
# VM invoker: /usr/lib/jvm/java-17-openjdk-amd64/bin/java
# VM options: -Xms4G -Xmx4G -XX:+UseG1GC -XX:+AlwaysPreTouch
# Blackhole mode: compiler (auto-detected, use -Djmh.blackhole.autoDetect=false to disable)
# Warmup: 5 iterations, 1 s each
# Measurement: 10 iterations, 1 s each
# Timeout: 10 min per iteration
# Threads: 1 thread, will synchronize iterations
# Benchmark mode: Throughput, ops/time
# Benchmark: de.splatgames.aether.datafixers.benchmarks.core.SchemaLookupBenchmark.latestLookup
# Parameters: (schemaCount = 10)

# Run progress: 35.19% complete, ETA 00:54:34
# Fork: 1 of 3
# Warmup Iteration   1: 0.192 ops/ns
# Warmup Iteration   2: 0.197 ops/ns
# Warmup Iteration   3: 0.173 ops/ns
# Warmup Iteration   4: 0.169 ops/ns
# Warmup Iteration   5: 0.175 ops/ns
Iteration   1: 0.173 ops/ns
Iteration   2: 0.174 ops/ns
Iteration   3: 0.175 ops/ns
Iteration   4: 0.175 ops/ns
Iteration   5: 0.175 ops/ns
Iteration   6: 0.175 ops/ns
Iteration   7: 0.173 ops/ns
Iteration   8: 0.174 ops/ns
Iteration   9: 0.174 ops/ns
Iteration  10: 0.173 ops/ns

# Run progress: 35.49% complete, ETA 00:54:18
# Fork: 2 of 3
# Warmup Iteration   1: 0.190 ops/ns
# Warmup Iteration   2: 0.195 ops/ns
# Warmup Iteration   3: 0.174 ops/ns
# Warmup Iteration   4: 0.175 ops/ns
# Warmup Iteration   5: 0.175 ops/ns
Iteration   1: 0.175 ops/ns
Iteration   2: 0.171 ops/ns
Iteration   3: 0.175 ops/ns
Iteration   4: 0.175 ops/ns
Iteration   5: 0.176 ops/ns
Iteration   6: 0.174 ops/ns
Iteration   7: 0.174 ops/ns
Iteration   8: 0.175 ops/ns
Iteration   9: 0.176 ops/ns
Iteration  10: 0.175 ops/ns

# Run progress: 35.80% complete, ETA 00:54:02
# Fork: 3 of 3
# Warmup Iteration   1: 0.189 ops/ns
# Warmup Iteration   2: 0.195 ops/ns
# Warmup Iteration   3: 0.175 ops/ns
# Warmup Iteration   4: 0.176 ops/ns
# Warmup Iteration   5: 0.174 ops/ns
Iteration   1: 0.176 ops/ns
Iteration   2: 0.175 ops/ns
Iteration   3: 0.175 ops/ns
Iteration   4: 0.175 ops/ns
Iteration   5: 0.174 ops/ns
Iteration   6: 0.172 ops/ns
Iteration   7: 0.174 ops/ns
Iteration   8: 0.173 ops/ns
Iteration   9: 0.175 ops/ns
Iteration  10: 0.171 ops/ns


Result "de.splatgames.aether.datafixers.benchmarks.core.SchemaLookupBenchmark.latestLookup":
  0.174 ±(99.9%) 0.001 ops/ns [Average]
  (min, avg, max) = (0.171, 0.174, 0.176), stdev = 0.001
  CI (99.9%): [0.173, 0.175] (assumes normal distribution)


# JMH version: 1.37
# VM version: JDK 17.0.18, OpenJDK 64-Bit Server VM, 17.0.18+8-Ubuntu-122.04.1
# VM invoker: /usr/lib/jvm/java-17-openjdk-amd64/bin/java
# VM options: -Xms4G -Xmx4G -XX:+UseG1GC -XX:+AlwaysPreTouch
# Blackhole mode: compiler (auto-detected, use -Djmh.blackhole.autoDetect=false to disable)
# Warmup: 5 iterations, 1 s each
# Measurement: 10 iterations, 1 s each
# Timeout: 10 min per iteration
# Threads: 1 thread, will synchronize iterations
# Benchmark mode: Throughput, ops/time
# Benchmark: de.splatgames.aether.datafixers.benchmarks.core.SchemaLookupBenchmark.latestLookup
# Parameters: (schemaCount = 50)

# Run progress: 36.11% complete, ETA 00:53:47
# Fork: 1 of 3
# Warmup Iteration   1: 0.162 ops/ns
# Warmup Iteration   2: 0.163 ops/ns
# Warmup Iteration   3: 0.145 ops/ns
# Warmup Iteration   4: 0.146 ops/ns
# Warmup Iteration   5: 0.148 ops/ns
Iteration   1: 0.143 ops/ns
Iteration   2: 0.147 ops/ns
Iteration   3: 0.147 ops/ns
Iteration   4: 0.145 ops/ns
Iteration   5: 0.146 ops/ns
Iteration   6: 0.144 ops/ns
Iteration   7: 0.141 ops/ns
Iteration   8: 0.147 ops/ns
Iteration   9: 0.147 ops/ns
Iteration  10: 0.148 ops/ns

# Run progress: 36.42% complete, ETA 00:53:31
# Fork: 2 of 3
# Warmup Iteration   1: 0.155 ops/ns
# Warmup Iteration   2: 0.149 ops/ns
# Warmup Iteration   3: 0.147 ops/ns
# Warmup Iteration   4: 0.142 ops/ns
# Warmup Iteration   5: 0.148 ops/ns
Iteration   1: 0.146 ops/ns
Iteration   2: 0.146 ops/ns
Iteration   3: 0.146 ops/ns
Iteration   4: 0.147 ops/ns
Iteration   5: 0.145 ops/ns
Iteration   6: 0.144 ops/ns
Iteration   7: 0.147 ops/ns
Iteration   8: 0.147 ops/ns
Iteration   9: 0.147 ops/ns
Iteration  10: 0.148 ops/ns

# Run progress: 36.73% complete, ETA 00:53:16
# Fork: 3 of 3
# Warmup Iteration   1: 0.159 ops/ns
# Warmup Iteration   2: 0.158 ops/ns
# Warmup Iteration   3: 0.147 ops/ns
# Warmup Iteration   4: 0.145 ops/ns
# Warmup Iteration   5: 0.146 ops/ns
Iteration   1: 0.147 ops/ns
Iteration   2: 0.148 ops/ns
Iteration   3: 0.146 ops/ns
Iteration   4: 0.146 ops/ns
Iteration   5: 0.146 ops/ns
Iteration   6: 0.146 ops/ns
Iteration   7: 0.147 ops/ns
Iteration   8: 0.146 ops/ns
Iteration   9: 0.145 ops/ns
Iteration  10: 0.144 ops/ns


Result "de.splatgames.aether.datafixers.benchmarks.core.SchemaLookupBenchmark.latestLookup":
  0.146 ±(99.9%) 0.001 ops/ns [Average]
  (min, avg, max) = (0.141, 0.146, 0.148), stdev = 0.002
  CI (99.9%): [0.145, 0.147] (assumes normal distribution)


# JMH version: 1.37
# VM version: JDK 17.0.18, OpenJDK 64-Bit Server VM, 17.0.18+8-Ubuntu-122.04.1
# VM invoker: /usr/lib/jvm/java-17-openjdk-amd64/bin/java
# VM options: -Xms4G -Xmx4G -XX:+UseG1GC -XX:+AlwaysPreTouch
# Blackhole mode: compiler (auto-detected, use -Djmh.blackhole.autoDetect=false to disable)
# Warmup: 5 iterations, 1 s each
# Measurement: 10 iterations, 1 s each
# Timeout: 10 min per iteration
# Threads: 1 thread, will synchronize iterations
# Benchmark mode: Throughput, ops/time
# Benchmark: de.splatgames.aether.datafixers.benchmarks.core.SchemaLookupBenchmark.latestLookup
# Parameters: (schemaCount = 100)

# Run progress: 37.04% complete, ETA 00:53:00
# Fork: 1 of 3
# Warmup Iteration   1: 0.142 ops/ns
# Warmup Iteration   2: 0.145 ops/ns
# Warmup Iteration   3: 0.138 ops/ns
# Warmup Iteration   4: 0.139 ops/ns
# Warmup Iteration   5: 0.138 ops/ns
Iteration   1: 0.138 ops/ns
Iteration   2: 0.138 ops/ns
Iteration   3: 0.138 ops/ns
Iteration   4: 0.135 ops/ns
Iteration   5: 0.138 ops/ns
Iteration   6: 0.139 ops/ns
Iteration   7: 0.139 ops/ns
Iteration   8: 0.138 ops/ns
Iteration   9: 0.140 ops/ns
Iteration  10: 0.140 ops/ns

# Run progress: 37.35% complete, ETA 00:52:44
# Fork: 2 of 3
# Warmup Iteration   1: 0.142 ops/ns
# Warmup Iteration   2: 0.145 ops/ns
# Warmup Iteration   3: 0.138 ops/ns
# Warmup Iteration   4: 0.137 ops/ns
# Warmup Iteration   5: 0.136 ops/ns
Iteration   1: 0.140 ops/ns
Iteration   2: 0.139 ops/ns
Iteration   3: 0.139 ops/ns
Iteration   4: 0.139 ops/ns
Iteration   5: 0.134 ops/ns
Iteration   6: 0.138 ops/ns
Iteration   7: 0.139 ops/ns
Iteration   8: 0.138 ops/ns
Iteration   9: 0.135 ops/ns
Iteration  10: 0.138 ops/ns

# Run progress: 37.65% complete, ETA 00:52:29
# Fork: 3 of 3
# Warmup Iteration   1: 0.145 ops/ns
# Warmup Iteration   2: 0.145 ops/ns
# Warmup Iteration   3: 0.140 ops/ns
# Warmup Iteration   4: 0.140 ops/ns
# Warmup Iteration   5: 0.139 ops/ns
Iteration   1: 0.131 ops/ns
Iteration   2: 0.135 ops/ns
Iteration   3: 0.137 ops/ns
Iteration   4: 0.140 ops/ns
Iteration   5: 0.139 ops/ns
Iteration   6: 0.138 ops/ns
Iteration   7: 0.138 ops/ns
Iteration   8: 0.137 ops/ns
Iteration   9: 0.136 ops/ns
Iteration  10: 0.138 ops/ns


Result "de.splatgames.aether.datafixers.benchmarks.core.SchemaLookupBenchmark.latestLookup":
  0.138 ±(99.9%) 0.001 ops/ns [Average]
  (min, avg, max) = (0.131, 0.138, 0.140), stdev = 0.002
  CI (99.9%): [0.136, 0.139] (assumes normal distribution)


# JMH version: 1.37
# VM version: JDK 17.0.18, OpenJDK 64-Bit Server VM, 17.0.18+8-Ubuntu-122.04.1
# VM invoker: /usr/lib/jvm/java-17-openjdk-amd64/bin/java
# VM options: -Xms4G -Xmx4G -XX:+UseG1GC -XX:+AlwaysPreTouch
# Blackhole mode: compiler (auto-detected, use -Djmh.blackhole.autoDetect=false to disable)
# Warmup: 5 iterations, 1 s each
# Measurement: 10 iterations, 1 s each
# Timeout: 10 min per iteration
# Threads: 1 thread, will synchronize iterations
# Benchmark mode: Throughput, ops/time
# Benchmark: de.splatgames.aether.datafixers.benchmarks.core.SchemaLookupBenchmark.latestLookup
# Parameters: (schemaCount = 500)

# Run progress: 37.96% complete, ETA 00:52:13
# Fork: 1 of 3
# Warmup Iteration   1: 0.117 ops/ns
# Warmup Iteration   2: 0.121 ops/ns
# Warmup Iteration   3: 0.120 ops/ns
# Warmup Iteration   4: 0.121 ops/ns
# Warmup Iteration   5: 0.120 ops/ns
Iteration   1: 0.118 ops/ns
Iteration   2: 0.121 ops/ns
Iteration   3: 0.120 ops/ns
Iteration   4: 0.119 ops/ns
Iteration   5: 0.119 ops/ns
Iteration   6: 0.118 ops/ns
Iteration   7: 0.119 ops/ns
Iteration   8: 0.120 ops/ns
Iteration   9: 0.120 ops/ns
Iteration  10: 0.121 ops/ns

# Run progress: 38.27% complete, ETA 00:51:57
# Fork: 2 of 3
# Warmup Iteration   1: 0.122 ops/ns
# Warmup Iteration   2: 0.124 ops/ns
# Warmup Iteration   3: 0.120 ops/ns
# Warmup Iteration   4: 0.120 ops/ns
# Warmup Iteration   5: 0.120 ops/ns
Iteration   1: 0.121 ops/ns
Iteration   2: 0.119 ops/ns
Iteration   3: 0.121 ops/ns
Iteration   4: 0.120 ops/ns
Iteration   5: 0.120 ops/ns
Iteration   6: 0.120 ops/ns
Iteration   7: 0.121 ops/ns
Iteration   8: 0.120 ops/ns
Iteration   9: 0.121 ops/ns
Iteration  10: 0.120 ops/ns

# Run progress: 38.58% complete, ETA 00:51:42
# Fork: 3 of 3
# Warmup Iteration   1: 0.121 ops/ns
# Warmup Iteration   2: 0.121 ops/ns
# Warmup Iteration   3: 0.120 ops/ns
# Warmup Iteration   4: 0.119 ops/ns
# Warmup Iteration   5: 0.120 ops/ns
Iteration   1: 0.121 ops/ns
Iteration   2: 0.121 ops/ns
Iteration   3: 0.113 ops/ns
Iteration   4: 0.121 ops/ns
Iteration   5: 0.120 ops/ns
Iteration   6: 0.118 ops/ns
Iteration   7: 0.117 ops/ns
Iteration   8: 0.121 ops/ns
Iteration   9: 0.120 ops/ns
Iteration  10: 0.119 ops/ns


Result "de.splatgames.aether.datafixers.benchmarks.core.SchemaLookupBenchmark.latestLookup":
  0.120 ±(99.9%) 0.001 ops/ns [Average]
  (min, avg, max) = (0.113, 0.120, 0.121), stdev = 0.002
  CI (99.9%): [0.119, 0.121] (assumes normal distribution)


# JMH version: 1.37
# VM version: JDK 17.0.18, OpenJDK 64-Bit Server VM, 17.0.18+8-Ubuntu-122.04.1
# VM invoker: /usr/lib/jvm/java-17-openjdk-amd64/bin/java
# VM options: -Xms4G -Xmx4G -XX:+UseG1GC -XX:+AlwaysPreTouch
# Blackhole mode: compiler (auto-detected, use -Djmh.blackhole.autoDetect=false to disable)
# Warmup: 5 iterations, 1 s each
# Measurement: 10 iterations, 1 s each
# Timeout: 10 min per iteration
# Threads: 1 thread, will synchronize iterations
# Benchmark mode: Throughput, ops/time
# Benchmark: de.splatgames.aether.datafixers.benchmarks.core.SchemaLookupBenchmark.sequentialLookup
# Parameters: (schemaCount = 10)

# Run progress: 38.89% complete, ETA 00:51:26
# Fork: 1 of 3
# Warmup Iteration   1: 0.016 ops/ns
# Warmup Iteration   2: 0.016 ops/ns
# Warmup Iteration   3: 0.015 ops/ns
# Warmup Iteration   4: 0.015 ops/ns
# Warmup Iteration   5: 0.015 ops/ns
Iteration   1: 0.015 ops/ns
Iteration   2: 0.015 ops/ns
Iteration   3: 0.014 ops/ns
Iteration   4: 0.015 ops/ns
Iteration   5: 0.015 ops/ns
Iteration   6: 0.015 ops/ns
Iteration   7: 0.015 ops/ns
Iteration   8: 0.015 ops/ns
Iteration   9: 0.015 ops/ns
Iteration  10: 0.015 ops/ns

# Run progress: 39.20% complete, ETA 00:51:11
# Fork: 2 of 3
# Warmup Iteration   1: 0.016 ops/ns
# Warmup Iteration   2: 0.016 ops/ns
# Warmup Iteration   3: 0.015 ops/ns
# Warmup Iteration   4: 0.015 ops/ns
# Warmup Iteration   5: 0.015 ops/ns
Iteration   1: 0.015 ops/ns
Iteration   2: 0.014 ops/ns
Iteration   3: 0.015 ops/ns
Iteration   4: 0.015 ops/ns
Iteration   5: 0.015 ops/ns
Iteration   6: 0.015 ops/ns
Iteration   7: 0.015 ops/ns
Iteration   8: 0.015 ops/ns
Iteration   9: 0.015 ops/ns
Iteration  10: 0.015 ops/ns

# Run progress: 39.51% complete, ETA 00:50:55
# Fork: 3 of 3
# Warmup Iteration   1: 0.015 ops/ns
# Warmup Iteration   2: 0.016 ops/ns
# Warmup Iteration   3: 0.015 ops/ns
# Warmup Iteration   4: 0.015 ops/ns
# Warmup Iteration   5: 0.015 ops/ns
Iteration   1: 0.015 ops/ns
Iteration   2: 0.015 ops/ns
Iteration   3: 0.015 ops/ns
Iteration   4: 0.015 ops/ns
Iteration   5: 0.015 ops/ns
Iteration   6: 0.015 ops/ns
Iteration   7: 0.015 ops/ns
Iteration   8: 0.015 ops/ns
Iteration   9: 0.015 ops/ns
Iteration  10: 0.015 ops/ns


Result "de.splatgames.aether.datafixers.benchmarks.core.SchemaLookupBenchmark.sequentialLookup":
  0.015 ±(99.9%) 0.001 ops/ns [Average]
  (min, avg, max) = (0.014, 0.015, 0.015), stdev = 0.001
  CI (99.9%): [0.015, 0.015] (assumes normal distribution)


# JMH version: 1.37
# VM version: JDK 17.0.18, OpenJDK 64-Bit Server VM, 17.0.18+8-Ubuntu-122.04.1
# VM invoker: /usr/lib/jvm/java-17-openjdk-amd64/bin/java
# VM options: -Xms4G -Xmx4G -XX:+UseG1GC -XX:+AlwaysPreTouch
# Blackhole mode: compiler (auto-detected, use -Djmh.blackhole.autoDetect=false to disable)
# Warmup: 5 iterations, 1 s each
# Measurement: 10 iterations, 1 s each
# Timeout: 10 min per iteration
# Threads: 1 thread, will synchronize iterations
# Benchmark mode: Throughput, ops/time
# Benchmark: de.splatgames.aether.datafixers.benchmarks.core.SchemaLookupBenchmark.sequentialLookup
# Parameters: (schemaCount = 50)

# Run progress: 39.81% complete, ETA 00:50:39
# Fork: 1 of 3
# Warmup Iteration   1: 0.002 ops/ns
# Warmup Iteration   2: 0.002 ops/ns
# Warmup Iteration   3: 0.002 ops/ns
# Warmup Iteration   4: 0.002 ops/ns
# Warmup Iteration   5: 0.002 ops/ns
Iteration   1: 0.002 ops/ns
Iteration   2: 0.002 ops/ns
Iteration   3: 0.002 ops/ns
Iteration   4: 0.002 ops/ns
Iteration   5: 0.002 ops/ns
Iteration   6: 0.002 ops/ns
Iteration   7: 0.002 ops/ns
Iteration   8: 0.002 ops/ns
Iteration   9: 0.002 ops/ns
Iteration  10: 0.002 ops/ns

# Run progress: 40.12% complete, ETA 00:50:24
# Fork: 2 of 3
# Warmup Iteration   1: 0.002 ops/ns
# Warmup Iteration   2: 0.002 ops/ns
# Warmup Iteration   3: 0.002 ops/ns
# Warmup Iteration   4: 0.002 ops/ns
# Warmup Iteration   5: 0.002 ops/ns
Iteration   1: 0.002 ops/ns
Iteration   2: 0.002 ops/ns
Iteration   3: 0.002 ops/ns
Iteration   4: 0.002 ops/ns
Iteration   5: 0.002 ops/ns
Iteration   6: 0.002 ops/ns
Iteration   7: 0.002 ops/ns
Iteration   8: 0.002 ops/ns
Iteration   9: 0.002 ops/ns
Iteration  10: 0.002 ops/ns

# Run progress: 40.43% complete, ETA 00:50:08
# Fork: 3 of 3
# Warmup Iteration   1: 0.002 ops/ns
# Warmup Iteration   2: 0.002 ops/ns
# Warmup Iteration   3: 0.002 ops/ns
# Warmup Iteration   4: 0.002 ops/ns
# Warmup Iteration   5: 0.002 ops/ns
Iteration   1: 0.002 ops/ns
Iteration   2: 0.002 ops/ns
Iteration   3: 0.002 ops/ns
Iteration   4: 0.002 ops/ns
Iteration   5: 0.002 ops/ns
Iteration   6: 0.002 ops/ns
Iteration   7: 0.002 ops/ns
Iteration   8: 0.002 ops/ns
Iteration   9: 0.002 ops/ns
Iteration  10: 0.002 ops/ns


Result "de.splatgames.aether.datafixers.benchmarks.core.SchemaLookupBenchmark.sequentialLookup":
  0.002 ±(99.9%) 0.001 ops/ns [Average]
  (min, avg, max) = (0.002, 0.002, 0.002), stdev = 0.001
  CI (99.9%): [0.002, 0.002] (assumes normal distribution)


# JMH version: 1.37
# VM version: JDK 17.0.18, OpenJDK 64-Bit Server VM, 17.0.18+8-Ubuntu-122.04.1
# VM invoker: /usr/lib/jvm/java-17-openjdk-amd64/bin/java
# VM options: -Xms4G -Xmx4G -XX:+UseG1GC -XX:+AlwaysPreTouch
# Blackhole mode: compiler (auto-detected, use -Djmh.blackhole.autoDetect=false to disable)
# Warmup: 5 iterations, 1 s each
# Measurement: 10 iterations, 1 s each
# Timeout: 10 min per iteration
# Threads: 1 thread, will synchronize iterations
# Benchmark mode: Throughput, ops/time
# Benchmark: de.splatgames.aether.datafixers.benchmarks.core.SchemaLookupBenchmark.sequentialLookup
# Parameters: (schemaCount = 100)

# Run progress: 40.74% complete, ETA 00:49:52
# Fork: 1 of 3
# Warmup Iteration   1: 0.001 ops/ns
# Warmup Iteration   2: 0.001 ops/ns
# Warmup Iteration   3: 0.001 ops/ns
# Warmup Iteration   4: 0.001 ops/ns
# Warmup Iteration   5: 0.001 ops/ns
Iteration   1: 0.001 ops/ns
Iteration   2: 0.001 ops/ns
Iteration   3: 0.001 ops/ns
Iteration   4: 0.001 ops/ns
Iteration   5: 0.001 ops/ns
Iteration   6: 0.001 ops/ns
Iteration   7: 0.001 ops/ns
Iteration   8: 0.001 ops/ns
Iteration   9: 0.001 ops/ns
Iteration  10: 0.001 ops/ns

# Run progress: 41.05% complete, ETA 00:49:37
# Fork: 2 of 3
# Warmup Iteration   1: 0.001 ops/ns
# Warmup Iteration   2: 0.001 ops/ns
# Warmup Iteration   3: 0.001 ops/ns
# Warmup Iteration   4: 0.001 ops/ns
# Warmup Iteration   5: 0.001 ops/ns
Iteration   1: 0.001 ops/ns
Iteration   2: 0.001 ops/ns
Iteration   3: 0.001 ops/ns
Iteration   4: 0.001 ops/ns
Iteration   5: 0.001 ops/ns
Iteration   6: 0.001 ops/ns
Iteration   7: 0.001 ops/ns
Iteration   8: 0.001 ops/ns
Iteration   9: 0.001 ops/ns
Iteration  10: 0.001 ops/ns

# Run progress: 41.36% complete, ETA 00:49:21
# Fork: 3 of 3
# Warmup Iteration   1: 0.001 ops/ns
# Warmup Iteration   2: 0.001 ops/ns
# Warmup Iteration   3: 0.001 ops/ns
# Warmup Iteration   4: 0.001 ops/ns
# Warmup Iteration   5: 0.001 ops/ns
Iteration   1: 0.001 ops/ns
Iteration   2: 0.001 ops/ns
Iteration   3: 0.001 ops/ns
Iteration   4: 0.001 ops/ns
Iteration   5: 0.001 ops/ns
Iteration   6: 0.001 ops/ns
Iteration   7: 0.001 ops/ns
Iteration   8: 0.001 ops/ns
Iteration   9: 0.001 ops/ns
Iteration  10: 0.001 ops/ns


Result "de.splatgames.aether.datafixers.benchmarks.core.SchemaLookupBenchmark.sequentialLookup":
  0.001 ±(99.9%) 0.001 ops/ns [Average]
  (min, avg, max) = (0.001, 0.001, 0.001), stdev = 0.001
  CI (99.9%): [0.001, 0.001] (assumes normal distribution)


# JMH version: 1.37
# VM version: JDK 17.0.18, OpenJDK 64-Bit Server VM, 17.0.18+8-Ubuntu-122.04.1
# VM invoker: /usr/lib/jvm/java-17-openjdk-amd64/bin/java
# VM options: -Xms4G -Xmx4G -XX:+UseG1GC -XX:+AlwaysPreTouch
# Blackhole mode: compiler (auto-detected, use -Djmh.blackhole.autoDetect=false to disable)
# Warmup: 5 iterations, 1 s each
# Measurement: 10 iterations, 1 s each
# Timeout: 10 min per iteration
# Threads: 1 thread, will synchronize iterations
# Benchmark mode: Throughput, ops/time
# Benchmark: de.splatgames.aether.datafixers.benchmarks.core.SchemaLookupBenchmark.sequentialLookup
# Parameters: (schemaCount = 500)

# Run progress: 41.67% complete, ETA 00:49:06
# Fork: 1 of 3
# Warmup Iteration   1: ≈ 10⁻⁴ ops/ns
# Warmup Iteration   2: ≈ 10⁻⁴ ops/ns
# Warmup Iteration   3: ≈ 10⁻⁴ ops/ns
# Warmup Iteration   4: ≈ 10⁻⁴ ops/ns
# Warmup Iteration   5: ≈ 10⁻⁴ ops/ns
Iteration   1: ≈ 10⁻⁴ ops/ns
Iteration   2: ≈ 10⁻⁴ ops/ns
Iteration   3: ≈ 10⁻⁴ ops/ns
Iteration   4: ≈ 10⁻⁴ ops/ns
Iteration   5: ≈ 10⁻⁴ ops/ns
Iteration   6: ≈ 10⁻⁴ ops/ns
Iteration   7: ≈ 10⁻⁴ ops/ns
Iteration   8: ≈ 10⁻⁴ ops/ns
Iteration   9: ≈ 10⁻⁴ ops/ns
Iteration  10: ≈ 10⁻⁴ ops/ns

# Run progress: 41.98% complete, ETA 00:48:50
# Fork: 2 of 3
# Warmup Iteration   1: ≈ 10⁻⁴ ops/ns
# Warmup Iteration   2: ≈ 10⁻⁴ ops/ns
# Warmup Iteration   3: ≈ 10⁻⁴ ops/ns
# Warmup Iteration   4: ≈ 10⁻⁴ ops/ns
# Warmup Iteration   5: ≈ 10⁻⁴ ops/ns
Iteration   1: ≈ 10⁻⁴ ops/ns
Iteration   2: ≈ 10⁻⁴ ops/ns
Iteration   3: ≈ 10⁻⁴ ops/ns
Iteration   4: ≈ 10⁻⁴ ops/ns
Iteration   5: ≈ 10⁻⁴ ops/ns
Iteration   6: ≈ 10⁻⁴ ops/ns
Iteration   7: ≈ 10⁻⁴ ops/ns
Iteration   8: ≈ 10⁻⁴ ops/ns
Iteration   9: ≈ 10⁻⁴ ops/ns
Iteration  10: ≈ 10⁻⁴ ops/ns

# Run progress: 42.28% complete, ETA 00:48:34
# Fork: 3 of 3
# Warmup Iteration   1: ≈ 10⁻⁴ ops/ns
# Warmup Iteration   2: ≈ 10⁻⁴ ops/ns
# Warmup Iteration   3: ≈ 10⁻⁴ ops/ns
# Warmup Iteration   4: ≈ 10⁻⁴ ops/ns
# Warmup Iteration   5: ≈ 10⁻⁴ ops/ns
Iteration   1: ≈ 10⁻⁴ ops/ns
Iteration   2: ≈ 10⁻⁴ ops/ns
Iteration   3: ≈ 10⁻⁴ ops/ns
Iteration   4: ≈ 10⁻⁴ ops/ns
Iteration   5: ≈ 10⁻⁴ ops/ns
Iteration   6: ≈ 10⁻⁴ ops/ns
Iteration   7: ≈ 10⁻⁴ ops/ns
Iteration   8: ≈ 10⁻⁴ ops/ns
Iteration   9: ≈ 10⁻⁴ ops/ns
Iteration  10: ≈ 10⁻⁴ ops/ns


Result "de.splatgames.aether.datafixers.benchmarks.core.SchemaLookupBenchmark.sequentialLookup":
  ≈ 10⁻⁴ ops/ns


# JMH version: 1.37
# VM version: JDK 17.0.18, OpenJDK 64-Bit Server VM, 17.0.18+8-Ubuntu-122.04.1
# VM invoker: /usr/lib/jvm/java-17-openjdk-amd64/bin/java
# VM options: -Xms4G -Xmx4G -XX:+UseG1GC -XX:+AlwaysPreTouch
# Blackhole mode: compiler (auto-detected, use -Djmh.blackhole.autoDetect=false to disable)
# Warmup: 5 iterations, 1 s each
# Measurement: 10 iterations, 1 s each
# Timeout: 10 min per iteration
# Threads: 1 thread, will synchronize iterations
# Benchmark mode: Throughput, ops/time
# Benchmark: de.splatgames.aether.datafixers.benchmarks.core.SingleFixBenchmark.identityFix
# Parameters: (payloadSize = SMALL)

# Run progress: 42.59% complete, ETA 00:48:19
# Fork: 1 of 3
# Warmup Iteration   1: 3.671 ops/us
# Warmup Iteration   2: 3.979 ops/us
# Warmup Iteration   3: 4.020 ops/us
# Warmup Iteration   4: 4.023 ops/us
# Warmup Iteration   5: 4.035 ops/us
Iteration   1: 3.985 ops/us
Iteration   2: 4.027 ops/us
Iteration   3: 4.033 ops/us
Iteration   4: 3.992 ops/us
Iteration   5: 4.033 ops/us
Iteration   6: 4.058 ops/us
Iteration   7: 4.078 ops/us
Iteration   8: 4.059 ops/us
Iteration   9: 4.038 ops/us
Iteration  10: 4.031 ops/us

# Run progress: 42.90% complete, ETA 00:48:03
# Fork: 2 of 3
# Warmup Iteration   1: 3.624 ops/us
# Warmup Iteration   2: 4.046 ops/us
# Warmup Iteration   3: 4.063 ops/us
# Warmup Iteration   4: 4.002 ops/us
# Warmup Iteration   5: 3.946 ops/us
Iteration   1: 4.089 ops/us
Iteration   2: 4.019 ops/us
Iteration   3: 4.072 ops/us
Iteration   4: 4.034 ops/us
Iteration   5: 4.054 ops/us
Iteration   6: 4.071 ops/us
Iteration   7: 4.057 ops/us
Iteration   8: 4.007 ops/us
Iteration   9: 4.104 ops/us
Iteration  10: 4.062 ops/us

# Run progress: 43.21% complete, ETA 00:47:47
# Fork: 3 of 3
# Warmup Iteration   1: 3.694 ops/us
# Warmup Iteration   2: 4.054 ops/us
# Warmup Iteration   3: 4.004 ops/us
# Warmup Iteration   4: 4.074 ops/us
# Warmup Iteration   5: 4.046 ops/us
Iteration   1: 4.021 ops/us
Iteration   2: 4.001 ops/us
Iteration   3: 3.986 ops/us
Iteration   4: 3.969 ops/us
Iteration   5: 4.039 ops/us
Iteration   6: 4.049 ops/us
Iteration   7: 4.038 ops/us
Iteration   8: 4.031 ops/us
Iteration   9: 4.021 ops/us
Iteration  10: 4.002 ops/us


Result "de.splatgames.aether.datafixers.benchmarks.core.SingleFixBenchmark.identityFix":
  4.035 ±(99.9%) 0.022 ops/us [Average]
  (min, avg, max) = (3.969, 4.035, 4.104), stdev = 0.032
  CI (99.9%): [4.014, 4.057] (assumes normal distribution)


# JMH version: 1.37
# VM version: JDK 17.0.18, OpenJDK 64-Bit Server VM, 17.0.18+8-Ubuntu-122.04.1
# VM invoker: /usr/lib/jvm/java-17-openjdk-amd64/bin/java
# VM options: -Xms4G -Xmx4G -XX:+UseG1GC -XX:+AlwaysPreTouch
# Blackhole mode: compiler (auto-detected, use -Djmh.blackhole.autoDetect=false to disable)
# Warmup: 5 iterations, 1 s each
# Measurement: 10 iterations, 1 s each
# Timeout: 10 min per iteration
# Threads: 1 thread, will synchronize iterations
# Benchmark mode: Throughput, ops/time
# Benchmark: de.splatgames.aether.datafixers.benchmarks.core.SingleFixBenchmark.identityFix
# Parameters: (payloadSize = MEDIUM)

# Run progress: 43.52% complete, ETA 00:47:32
# Fork: 1 of 3
# Warmup Iteration   1: 3.550 ops/us
# Warmup Iteration   2: 3.987 ops/us
# Warmup Iteration   3: 4.010 ops/us
# Warmup Iteration   4: 4.021 ops/us
# Warmup Iteration   5: 4.023 ops/us
Iteration   1: 4.028 ops/us
Iteration   2: 4.036 ops/us
Iteration   3: 4.026 ops/us
Iteration   4: 4.038 ops/us
Iteration   5: 4.078 ops/us
Iteration   6: 4.068 ops/us
Iteration   7: 4.022 ops/us
Iteration   8: 4.044 ops/us
Iteration   9: 4.065 ops/us
Iteration  10: 4.064 ops/us

# Run progress: 43.83% complete, ETA 00:47:16
# Fork: 2 of 3
# Warmup Iteration   1: 3.679 ops/us
# Warmup Iteration   2: 4.029 ops/us
# Warmup Iteration   3: 4.066 ops/us
# Warmup Iteration   4: 4.063 ops/us
# Warmup Iteration   5: 4.026 ops/us
Iteration   1: 4.050 ops/us
Iteration   2: 3.991 ops/us
Iteration   3: 4.034 ops/us
Iteration   4: 4.030 ops/us
Iteration   5: 4.034 ops/us
Iteration   6: 4.036 ops/us
Iteration   7: 3.992 ops/us
Iteration   8: 4.020 ops/us
Iteration   9: 3.995 ops/us
Iteration  10: 4.029 ops/us

# Run progress: 44.14% complete, ETA 00:47:01
# Fork: 3 of 3
# Warmup Iteration   1: 3.625 ops/us
# Warmup Iteration   2: 4.003 ops/us
# Warmup Iteration   3: 4.014 ops/us
# Warmup Iteration   4: 3.971 ops/us
# Warmup Iteration   5: 4.023 ops/us
Iteration   1: 4.017 ops/us
Iteration   2: 4.000 ops/us
Iteration   3: 4.008 ops/us
Iteration   4: 4.029 ops/us
Iteration   5: 4.030 ops/us
Iteration   6: 3.962 ops/us
Iteration   7: 4.033 ops/us
Iteration   8: 4.019 ops/us
Iteration   9: 4.047 ops/us
Iteration  10: 4.061 ops/us


Result "de.splatgames.aether.datafixers.benchmarks.core.SingleFixBenchmark.identityFix":
  4.030 ±(99.9%) 0.017 ops/us [Average]
  (min, avg, max) = (3.962, 4.030, 4.078), stdev = 0.025
  CI (99.9%): [4.013, 4.047] (assumes normal distribution)


# JMH version: 1.37
# VM version: JDK 17.0.18, OpenJDK 64-Bit Server VM, 17.0.18+8-Ubuntu-122.04.1
# VM invoker: /usr/lib/jvm/java-17-openjdk-amd64/bin/java
# VM options: -Xms4G -Xmx4G -XX:+UseG1GC -XX:+AlwaysPreTouch
# Blackhole mode: compiler (auto-detected, use -Djmh.blackhole.autoDetect=false to disable)
# Warmup: 5 iterations, 1 s each
# Measurement: 10 iterations, 1 s each
# Timeout: 10 min per iteration
# Threads: 1 thread, will synchronize iterations
# Benchmark mode: Throughput, ops/time
# Benchmark: de.splatgames.aether.datafixers.benchmarks.core.SingleFixBenchmark.identityFix
# Parameters: (payloadSize = LARGE)

# Run progress: 44.44% complete, ETA 00:46:45
# Fork: 1 of 3
# Warmup Iteration   1: 3.628 ops/us
# Warmup Iteration   2: 4.043 ops/us
# Warmup Iteration   3: 4.036 ops/us
# Warmup Iteration   4: 4.051 ops/us
# Warmup Iteration   5: 3.968 ops/us
Iteration   1: 4.078 ops/us
Iteration   2: 4.059 ops/us
Iteration   3: 4.073 ops/us
Iteration   4: 4.044 ops/us
Iteration   5: 4.059 ops/us
Iteration   6: 4.053 ops/us
Iteration   7: 4.080 ops/us
Iteration   8: 4.052 ops/us
Iteration   9: 3.968 ops/us
Iteration  10: 4.004 ops/us

# Run progress: 44.75% complete, ETA 00:46:30
# Fork: 2 of 3
# Warmup Iteration   1: 3.420 ops/us
# Warmup Iteration   2: 3.934 ops/us
# Warmup Iteration   3: 3.930 ops/us
# Warmup Iteration   4: 3.962 ops/us
# Warmup Iteration   5: 3.935 ops/us
Iteration   1: 3.846 ops/us
Iteration   2: 3.942 ops/us
Iteration   3: 3.951 ops/us
Iteration   4: 3.932 ops/us
Iteration   5: 3.885 ops/us
Iteration   6: 3.931 ops/us
Iteration   7: 3.935 ops/us
Iteration   8: 3.935 ops/us
Iteration   9: 3.892 ops/us
Iteration  10: 3.968 ops/us

# Run progress: 45.06% complete, ETA 00:46:14
# Fork: 3 of 3
# Warmup Iteration   1: 3.610 ops/us
# Warmup Iteration   2: 3.987 ops/us
# Warmup Iteration   3: 3.917 ops/us
# Warmup Iteration   4: 3.996 ops/us
# Warmup Iteration   5: 4.006 ops/us
Iteration   1: 4.043 ops/us
Iteration   2: 4.046 ops/us
Iteration   3: 4.065 ops/us
Iteration   4: 4.052 ops/us
Iteration   5: 4.016 ops/us
Iteration   6: 3.980 ops/us
Iteration   7: 4.003 ops/us
Iteration   8: 3.994 ops/us
Iteration   9: 3.975 ops/us
Iteration  10: 4.016 ops/us


Result "de.splatgames.aether.datafixers.benchmarks.core.SingleFixBenchmark.identityFix":
  3.996 ±(99.9%) 0.043 ops/us [Average]
  (min, avg, max) = (3.846, 3.996, 4.080), stdev = 0.064
  CI (99.9%): [3.953, 4.039] (assumes normal distribution)


# JMH version: 1.37
# VM version: JDK 17.0.18, OpenJDK 64-Bit Server VM, 17.0.18+8-Ubuntu-122.04.1
# VM invoker: /usr/lib/jvm/java-17-openjdk-amd64/bin/java
# VM options: -Xms4G -Xmx4G -XX:+UseG1GC -XX:+AlwaysPreTouch
# Blackhole mode: compiler (auto-detected, use -Djmh.blackhole.autoDetect=false to disable)
# Warmup: 5 iterations, 1 s each
# Measurement: 10 iterations, 1 s each
# Timeout: 10 min per iteration
# Threads: 1 thread, will synchronize iterations
# Benchmark mode: Throughput, ops/time
# Benchmark: de.splatgames.aether.datafixers.benchmarks.core.SingleFixBenchmark.playerDataFix

# Run progress: 45.37% complete, ETA 00:45:58
# Fork: 1 of 3
# Warmup Iteration   1: 0.097 ops/us
# Warmup Iteration   2: 0.108 ops/us
# Warmup Iteration   3: 0.110 ops/us
# Warmup Iteration   4: 0.110 ops/us
# Warmup Iteration   5: 0.106 ops/us
Iteration   1: 0.107 ops/us
Iteration   2: 0.109 ops/us
Iteration   3: 0.110 ops/us
Iteration   4: 0.105 ops/us
Iteration   5: 0.109 ops/us
Iteration   6: 0.110 ops/us
Iteration   7: 0.110 ops/us
Iteration   8: 0.108 ops/us
Iteration   9: 0.110 ops/us
Iteration  10: 0.108 ops/us

# Run progress: 45.68% complete, ETA 00:45:43
# Fork: 2 of 3
# Warmup Iteration   1: 0.101 ops/us
# Warmup Iteration   2: 0.110 ops/us
# Warmup Iteration   3: 0.110 ops/us
# Warmup Iteration   4: 0.111 ops/us
# Warmup Iteration   5: 0.109 ops/us
Iteration   1: 0.110 ops/us
Iteration   2: 0.110 ops/us
Iteration   3: 0.110 ops/us
Iteration   4: 0.110 ops/us
Iteration   5: 0.110 ops/us
Iteration   6: 0.110 ops/us
Iteration   7: 0.106 ops/us
Iteration   8: 0.108 ops/us
Iteration   9: 0.110 ops/us
Iteration  10: 0.109 ops/us

# Run progress: 45.99% complete, ETA 00:45:27
# Fork: 3 of 3
# Warmup Iteration   1: 0.099 ops/us
# Warmup Iteration   2: 0.108 ops/us
# Warmup Iteration   3: 0.109 ops/us
# Warmup Iteration   4: 0.108 ops/us
# Warmup Iteration   5: 0.107 ops/us
Iteration   1: 0.109 ops/us
Iteration   2: 0.108 ops/us
Iteration   3: 0.110 ops/us
Iteration   4: 0.110 ops/us
Iteration   5: 0.109 ops/us
Iteration   6: 0.111 ops/us
Iteration   7: 0.109 ops/us
Iteration   8: 0.109 ops/us
Iteration   9: 0.109 ops/us
Iteration  10: 0.107 ops/us


Result "de.splatgames.aether.datafixers.benchmarks.core.SingleFixBenchmark.playerDataFix":
  0.109 ±(99.9%) 0.001 ops/us [Average]
  (min, avg, max) = (0.105, 0.109, 0.111), stdev = 0.001
  CI (99.9%): [0.108, 0.110] (assumes normal distribution)


# JMH version: 1.37
# VM version: JDK 17.0.18, OpenJDK 64-Bit Server VM, 17.0.18+8-Ubuntu-122.04.1
# VM invoker: /usr/lib/jvm/java-17-openjdk-amd64/bin/java
# VM options: -Xms4G -Xmx4G -XX:+UseG1GC -XX:+AlwaysPreTouch
# Blackhole mode: compiler (auto-detected, use -Djmh.blackhole.autoDetect=false to disable)
# Warmup: 5 iterations, 1 s each
# Measurement: 10 iterations, 1 s each
# Timeout: 10 min per iteration
# Threads: 1 thread, will synchronize iterations
# Benchmark mode: Throughput, ops/time
# Benchmark: de.splatgames.aether.datafixers.benchmarks.core.SingleFixBenchmark.playerDataFixEndToEnd

# Run progress: 46.30% complete, ETA 00:45:12
# Fork: 1 of 3
# Warmup Iteration   1: 0.027 ops/us
# Warmup Iteration   2: 0.032 ops/us
# Warmup Iteration   3: 0.033 ops/us
# Warmup Iteration   4: 0.032 ops/us
# Warmup Iteration   5: 0.033 ops/us
Iteration   1: 0.033 ops/us
Iteration   2: 0.033 ops/us
Iteration   3: 0.032 ops/us
Iteration   4: 0.032 ops/us
Iteration   5: 0.033 ops/us
Iteration   6: 0.032 ops/us
Iteration   7: 0.032 ops/us
Iteration   8: 0.033 ops/us
Iteration   9: 0.033 ops/us
Iteration  10: 0.033 ops/us

# Run progress: 46.60% complete, ETA 00:44:56
# Fork: 2 of 3
# Warmup Iteration   1: 0.026 ops/us
# Warmup Iteration   2: 0.031 ops/us
# Warmup Iteration   3: 0.031 ops/us
# Warmup Iteration   4: 0.031 ops/us
# Warmup Iteration   5: 0.031 ops/us
Iteration   1: 0.032 ops/us
Iteration   2: 0.031 ops/us
Iteration   3: 0.032 ops/us
Iteration   4: 0.031 ops/us
Iteration   5: 0.031 ops/us
Iteration   6: 0.031 ops/us
Iteration   7: 0.032 ops/us
Iteration   8: 0.031 ops/us
Iteration   9: 0.031 ops/us
Iteration  10: 0.031 ops/us

# Run progress: 46.91% complete, ETA 00:44:40
# Fork: 3 of 3
# Warmup Iteration   1: 0.026 ops/us
# Warmup Iteration   2: 0.031 ops/us
# Warmup Iteration   3: 0.032 ops/us
# Warmup Iteration   4: 0.032 ops/us
# Warmup Iteration   5: 0.032 ops/us
Iteration   1: 0.031 ops/us
Iteration   2: 0.032 ops/us
Iteration   3: 0.031 ops/us
Iteration   4: 0.032 ops/us
Iteration   5: 0.030 ops/us
Iteration   6: 0.031 ops/us
Iteration   7: 0.032 ops/us
Iteration   8: 0.032 ops/us
Iteration   9: 0.031 ops/us
Iteration  10: 0.032 ops/us


Result "de.splatgames.aether.datafixers.benchmarks.core.SingleFixBenchmark.playerDataFixEndToEnd":
  0.032 ±(99.9%) 0.001 ops/us [Average]
  (min, avg, max) = (0.030, 0.032, 0.033), stdev = 0.001
  CI (99.9%): [0.031, 0.032] (assumes normal distribution)


# JMH version: 1.37
# VM version: JDK 17.0.18, OpenJDK 64-Bit Server VM, 17.0.18+8-Ubuntu-122.04.1
# VM invoker: /usr/lib/jvm/java-17-openjdk-amd64/bin/java
# VM options: -Xms4G -Xmx4G -XX:+UseG1GC -XX:+AlwaysPreTouch
# Blackhole mode: compiler (auto-detected, use -Djmh.blackhole.autoDetect=false to disable)
# Warmup: 5 iterations, 1 s each
# Measurement: 10 iterations, 1 s each
# Timeout: 10 min per iteration
# Threads: 1 thread, will synchronize iterations
# Benchmark mode: Throughput, ops/time
# Benchmark: de.splatgames.aether.datafixers.benchmarks.core.SingleFixBenchmark.singleRenameFix
# Parameters: (payloadSize = SMALL)

# Run progress: 47.22% complete, ETA 00:44:25
# Fork: 1 of 3
# Warmup Iteration   1: 3.287 ops/us
# Warmup Iteration   2: 3.599 ops/us
# Warmup Iteration   3: 3.597 ops/us
# Warmup Iteration   4: 3.671 ops/us
# Warmup Iteration   5: 3.561 ops/us
Iteration   1: 3.644 ops/us
Iteration   2: 3.615 ops/us
Iteration   3: 3.607 ops/us
Iteration   4: 3.615 ops/us
Iteration   5: 3.641 ops/us
Iteration   6: 3.647 ops/us
Iteration   7: 3.591 ops/us
Iteration   8: 3.635 ops/us
Iteration   9: 3.631 ops/us
Iteration  10: 3.541 ops/us

# Run progress: 47.53% complete, ETA 00:44:09
# Fork: 2 of 3
# Warmup Iteration   1: 3.220 ops/us
# Warmup Iteration   2: 3.580 ops/us
# Warmup Iteration   3: 3.612 ops/us
# Warmup Iteration   4: 3.612 ops/us
# Warmup Iteration   5: 3.624 ops/us
Iteration   1: 3.637 ops/us
Iteration   2: 3.611 ops/us
Iteration   3: 3.636 ops/us
Iteration   4: 3.615 ops/us
Iteration   5: 3.612 ops/us
Iteration   6: 3.663 ops/us
Iteration   7: 3.652 ops/us
Iteration   8: 3.643 ops/us
Iteration   9: 3.648 ops/us
Iteration  10: 3.688 ops/us

# Run progress: 47.84% complete, ETA 00:43:53
# Fork: 3 of 3
# Warmup Iteration   1: 3.256 ops/us
# Warmup Iteration   2: 3.597 ops/us
# Warmup Iteration   3: 3.661 ops/us
# Warmup Iteration   4: 3.533 ops/us
# Warmup Iteration   5: 3.616 ops/us
Iteration   1: 3.644 ops/us
Iteration   2: 3.643 ops/us
Iteration   3: 3.648 ops/us
Iteration   4: 3.652 ops/us
Iteration   5: 3.652 ops/us
Iteration   6: 3.624 ops/us
Iteration   7: 3.641 ops/us
Iteration   8: 3.688 ops/us
Iteration   9: 3.607 ops/us
Iteration  10: 3.619 ops/us


Result "de.splatgames.aether.datafixers.benchmarks.core.SingleFixBenchmark.singleRenameFix":
  3.633 ±(99.9%) 0.019 ops/us [Average]
  (min, avg, max) = (3.541, 3.633, 3.688), stdev = 0.028
  CI (99.9%): [3.614, 3.652] (assumes normal distribution)


# JMH version: 1.37
# VM version: JDK 17.0.18, OpenJDK 64-Bit Server VM, 17.0.18+8-Ubuntu-122.04.1
# VM invoker: /usr/lib/jvm/java-17-openjdk-amd64/bin/java
# VM options: -Xms4G -Xmx4G -XX:+UseG1GC -XX:+AlwaysPreTouch
# Blackhole mode: compiler (auto-detected, use -Djmh.blackhole.autoDetect=false to disable)
# Warmup: 5 iterations, 1 s each
# Measurement: 10 iterations, 1 s each
# Timeout: 10 min per iteration
# Threads: 1 thread, will synchronize iterations
# Benchmark mode: Throughput, ops/time
# Benchmark: de.splatgames.aether.datafixers.benchmarks.core.SingleFixBenchmark.singleRenameFix
# Parameters: (payloadSize = MEDIUM)

# Run progress: 48.15% complete, ETA 00:43:38
# Fork: 1 of 3
# Warmup Iteration   1: 2.981 ops/us
# Warmup Iteration   2: 3.341 ops/us
# Warmup Iteration   3: 3.416 ops/us
# Warmup Iteration   4: 3.381 ops/us
# Warmup Iteration   5: 3.362 ops/us
Iteration   1: 3.274 ops/us
Iteration   2: 3.382 ops/us
Iteration   3: 3.253 ops/us
Iteration   4: 3.309 ops/us
Iteration   5: 3.365 ops/us
Iteration   6: 3.376 ops/us
Iteration   7: 3.357 ops/us
Iteration   8: 3.387 ops/us
Iteration   9: 3.411 ops/us
Iteration  10: 3.427 ops/us

# Run progress: 48.46% complete, ETA 00:43:22
# Fork: 2 of 3
# Warmup Iteration   1: 3.059 ops/us
# Warmup Iteration   2: 3.400 ops/us
# Warmup Iteration   3: 3.353 ops/us
# Warmup Iteration   4: 3.401 ops/us
# Warmup Iteration   5: 3.407 ops/us
Iteration   1: 3.415 ops/us
Iteration   2: 3.410 ops/us
Iteration   3: 3.431 ops/us
Iteration   4: 3.439 ops/us
Iteration   5: 3.434 ops/us
Iteration   6: 3.397 ops/us
Iteration   7: 3.369 ops/us
Iteration   8: 3.369 ops/us
Iteration   9: 3.428 ops/us
Iteration  10: 3.442 ops/us

# Run progress: 48.77% complete, ETA 00:43:07
# Fork: 3 of 3
# Warmup Iteration   1: 2.964 ops/us
# Warmup Iteration   2: 3.362 ops/us
# Warmup Iteration   3: 3.347 ops/us
# Warmup Iteration   4: 3.358 ops/us
# Warmup Iteration   5: 3.311 ops/us
Iteration   1: 3.376 ops/us
Iteration   2: 3.330 ops/us
Iteration   3: 3.352 ops/us
Iteration   4: 3.352 ops/us
Iteration   5: 3.335 ops/us
Iteration   6: 3.365 ops/us
Iteration   7: 3.388 ops/us
Iteration   8: 3.391 ops/us
Iteration   9: 3.368 ops/us
Iteration  10: 3.358 ops/us


Result "de.splatgames.aether.datafixers.benchmarks.core.SingleFixBenchmark.singleRenameFix":
  3.376 ±(99.9%) 0.031 ops/us [Average]
  (min, avg, max) = (3.253, 3.376, 3.442), stdev = 0.046
  CI (99.9%): [3.346, 3.407] (assumes normal distribution)


# JMH version: 1.37
# VM version: JDK 17.0.18, OpenJDK 64-Bit Server VM, 17.0.18+8-Ubuntu-122.04.1
# VM invoker: /usr/lib/jvm/java-17-openjdk-amd64/bin/java
# VM options: -Xms4G -Xmx4G -XX:+UseG1GC -XX:+AlwaysPreTouch
# Blackhole mode: compiler (auto-detected, use -Djmh.blackhole.autoDetect=false to disable)
# Warmup: 5 iterations, 1 s each
# Measurement: 10 iterations, 1 s each
# Timeout: 10 min per iteration
# Threads: 1 thread, will synchronize iterations
# Benchmark mode: Throughput, ops/time
# Benchmark: de.splatgames.aether.datafixers.benchmarks.core.SingleFixBenchmark.singleRenameFix
# Parameters: (payloadSize = LARGE)

# Run progress: 49.07% complete, ETA 00:42:51
# Fork: 1 of 3
# Warmup Iteration   1: 2.938 ops/us
# Warmup Iteration   2: 3.216 ops/us
# Warmup Iteration   3: 3.242 ops/us
# Warmup Iteration   4: 3.250 ops/us
# Warmup Iteration   5: 3.267 ops/us
Iteration   1: 3.270 ops/us
Iteration   2: 3.263 ops/us
Iteration   3: 3.256 ops/us
Iteration   4: 3.246 ops/us
Iteration   5: 3.241 ops/us
Iteration   6: 3.253 ops/us
Iteration   7: 3.188 ops/us
Iteration   8: 3.260 ops/us
Iteration   9: 3.272 ops/us
Iteration  10: 3.251 ops/us

# Run progress: 49.38% complete, ETA 00:42:36
# Fork: 2 of 3
# Warmup Iteration   1: 2.868 ops/us
# Warmup Iteration   2: 3.265 ops/us
# Warmup Iteration   3: 3.228 ops/us
# Warmup Iteration   4: 3.243 ops/us
# Warmup Iteration   5: 3.276 ops/us
Iteration   1: 3.173 ops/us
Iteration   2: 3.115 ops/us
Iteration   3: 3.216 ops/us
Iteration   4: 3.169 ops/us
Iteration   5: 3.169 ops/us
Iteration   6: 3.272 ops/us
Iteration   7: 3.263 ops/us
Iteration   8: 3.251 ops/us
Iteration   9: 3.220 ops/us
Iteration  10: 3.250 ops/us

# Run progress: 49.69% complete, ETA 00:42:20
# Fork: 3 of 3
# Warmup Iteration   1: 2.920 ops/us
# Warmup Iteration   2: 3.266 ops/us
# Warmup Iteration   3: 3.250 ops/us
# Warmup Iteration   4: 3.242 ops/us
# Warmup Iteration   5: 3.263 ops/us
Iteration   1: 3.260 ops/us
Iteration   2: 3.275 ops/us
Iteration   3: 3.247 ops/us
Iteration   4: 3.238 ops/us
Iteration   5: 3.197 ops/us
Iteration   6: 3.264 ops/us
Iteration   7: 3.249 ops/us
Iteration   8: 3.200 ops/us
Iteration   9: 3.215 ops/us
Iteration  10: 3.239 ops/us


Result "de.splatgames.aether.datafixers.benchmarks.core.SingleFixBenchmark.singleRenameFix":
  3.233 ±(99.9%) 0.026 ops/us [Average]
  (min, avg, max) = (3.115, 3.233, 3.275), stdev = 0.039
  CI (99.9%): [3.207, 3.259] (assumes normal distribution)


# JMH version: 1.37
# VM version: JDK 17.0.18, OpenJDK 64-Bit Server VM, 17.0.18+8-Ubuntu-122.04.1
# VM invoker: /usr/lib/jvm/java-17-openjdk-amd64/bin/java
# VM options: -Xms4G -Xmx4G -XX:+UseG1GC -XX:+AlwaysPreTouch
# Blackhole mode: compiler (auto-detected, use -Djmh.blackhole.autoDetect=false to disable)
# Warmup: 5 iterations, 1 s each
# Measurement: 10 iterations, 1 s each
# Timeout: 10 min per iteration
# Threads: 1 thread, will synchronize iterations
# Benchmark mode: Average time, time/op
# Benchmark: de.splatgames.aether.datafixers.benchmarks.core.MultiFixChainBenchmark.mixedChain
# Parameters: (fixCount = 1, payloadSize = SMALL)

# Run progress: 50.00% complete, ETA 00:42:04
# Fork: 1 of 3
# Warmup Iteration   1: 0.293 us/op
# Warmup Iteration   2: 0.267 us/op
# Warmup Iteration   3: 0.270 us/op
# Warmup Iteration   4: 0.262 us/op
# Warmup Iteration   5: 0.267 us/op
Iteration   1: 0.263 us/op
Iteration   2: 0.264 us/op
Iteration   3: 0.266 us/op
Iteration   4: 0.261 us/op
Iteration   5: 0.259 us/op
Iteration   6: 0.262 us/op
Iteration   7: 0.264 us/op
Iteration   8: 0.263 us/op
Iteration   9: 0.260 us/op
Iteration  10: 0.264 us/op

# Run progress: 50.31% complete, ETA 00:41:49
# Fork: 2 of 3
# Warmup Iteration   1: 0.309 us/op
# Warmup Iteration   2: 0.272 us/op
# Warmup Iteration   3: 0.273 us/op
# Warmup Iteration   4: 0.274 us/op
# Warmup Iteration   5: 0.277 us/op
Iteration   1: 0.272 us/op
Iteration   2: 0.276 us/op
Iteration   3: 0.274 us/op
Iteration   4: 0.285 us/op
Iteration   5: 0.276 us/op
Iteration   6: 0.274 us/op
Iteration   7: 0.273 us/op
Iteration   8: 0.271 us/op
Iteration   9: 0.272 us/op
Iteration  10: 0.271 us/op

# Run progress: 50.62% complete, ETA 00:41:33
# Fork: 3 of 3
# Warmup Iteration   1: 0.292 us/op
# Warmup Iteration   2: 0.264 us/op
# Warmup Iteration   3: 0.261 us/op
# Warmup Iteration   4: 0.275 us/op
# Warmup Iteration   5: 0.277 us/op
Iteration   1: 0.263 us/op
Iteration   2: 0.272 us/op
Iteration   3: 0.263 us/op
Iteration   4: 0.264 us/op
Iteration   5: 0.263 us/op
Iteration   6: 0.266 us/op
Iteration   7: 0.266 us/op
Iteration   8: 0.265 us/op
Iteration   9: 0.268 us/op
Iteration  10: 0.262 us/op


Result "de.splatgames.aether.datafixers.benchmarks.core.MultiFixChainBenchmark.mixedChain":
  0.267 ±(99.9%) 0.004 us/op [Average]
  (min, avg, max) = (0.259, 0.267, 0.285), stdev = 0.006
  CI (99.9%): [0.263, 0.271] (assumes normal distribution)


# JMH version: 1.37
# VM version: JDK 17.0.18, OpenJDK 64-Bit Server VM, 17.0.18+8-Ubuntu-122.04.1
# VM invoker: /usr/lib/jvm/java-17-openjdk-amd64/bin/java
# VM options: -Xms4G -Xmx4G -XX:+UseG1GC -XX:+AlwaysPreTouch
# Blackhole mode: compiler (auto-detected, use -Djmh.blackhole.autoDetect=false to disable)
# Warmup: 5 iterations, 1 s each
# Measurement: 10 iterations, 1 s each
# Timeout: 10 min per iteration
# Threads: 1 thread, will synchronize iterations
# Benchmark mode: Average time, time/op
# Benchmark: de.splatgames.aether.datafixers.benchmarks.core.MultiFixChainBenchmark.mixedChain
# Parameters: (fixCount = 1, payloadSize = MEDIUM)

# Run progress: 50.93% complete, ETA 00:41:18
# Fork: 1 of 3
# Warmup Iteration   1: 0.305 us/op
# Warmup Iteration   2: 0.278 us/op
# Warmup Iteration   3: 0.276 us/op
# Warmup Iteration   4: 0.275 us/op
# Warmup Iteration   5: 0.273 us/op
Iteration   1: 0.277 us/op
Iteration   2: 0.273 us/op
Iteration   3: 0.278 us/op
Iteration   4: 0.276 us/op
Iteration   5: 0.275 us/op
Iteration   6: 0.278 us/op
Iteration   7: 0.279 us/op
Iteration   8: 0.277 us/op
Iteration   9: 0.277 us/op
Iteration  10: 0.280 us/op

# Run progress: 51.23% complete, ETA 00:41:02
# Fork: 2 of 3
# Warmup Iteration   1: 0.309 us/op
# Warmup Iteration   2: 0.280 us/op
# Warmup Iteration   3: 0.277 us/op
# Warmup Iteration   4: 0.276 us/op
# Warmup Iteration   5: 0.277 us/op
Iteration   1: 0.276 us/op
Iteration   2: 0.274 us/op
Iteration   3: 0.274 us/op
Iteration   4: 0.280 us/op
Iteration   5: 0.279 us/op
Iteration   6: 0.277 us/op
Iteration   7: 0.279 us/op
Iteration   8: 0.277 us/op
Iteration   9: 0.276 us/op
Iteration  10: 0.274 us/op

# Run progress: 51.54% complete, ETA 00:40:47
# Fork: 3 of 3
# Warmup Iteration   1: 0.301 us/op
# Warmup Iteration   2: 0.274 us/op
# Warmup Iteration   3: 0.275 us/op
# Warmup Iteration   4: 0.272 us/op
# Warmup Iteration   5: 0.275 us/op
Iteration   1: 0.273 us/op
Iteration   2: 0.277 us/op
Iteration   3: 0.274 us/op
Iteration   4: 0.278 us/op
Iteration   5: 0.281 us/op
Iteration   6: 0.273 us/op
Iteration   7: 0.273 us/op
Iteration   8: 0.274 us/op
Iteration   9: 0.281 us/op
Iteration  10: 0.280 us/op


Result "de.splatgames.aether.datafixers.benchmarks.core.MultiFixChainBenchmark.mixedChain":
  0.277 ±(99.9%) 0.002 us/op [Average]
  (min, avg, max) = (0.273, 0.277, 0.281), stdev = 0.003
  CI (99.9%): [0.275, 0.278] (assumes normal distribution)


# JMH version: 1.37
# VM version: JDK 17.0.18, OpenJDK 64-Bit Server VM, 17.0.18+8-Ubuntu-122.04.1
# VM invoker: /usr/lib/jvm/java-17-openjdk-amd64/bin/java
# VM options: -Xms4G -Xmx4G -XX:+UseG1GC -XX:+AlwaysPreTouch
# Blackhole mode: compiler (auto-detected, use -Djmh.blackhole.autoDetect=false to disable)
# Warmup: 5 iterations, 1 s each
# Measurement: 10 iterations, 1 s each
# Timeout: 10 min per iteration
# Threads: 1 thread, will synchronize iterations
# Benchmark mode: Average time, time/op
# Benchmark: de.splatgames.aether.datafixers.benchmarks.core.MultiFixChainBenchmark.mixedChain
# Parameters: (fixCount = 5, payloadSize = SMALL)

# Run progress: 51.85% complete, ETA 00:40:31
# Fork: 1 of 3
# Warmup Iteration   1: 5.058 us/op
# Warmup Iteration   2: 4.446 us/op
# Warmup Iteration   3: 4.610 us/op
# Warmup Iteration   4: 4.353 us/op
# Warmup Iteration   5: 4.395 us/op
Iteration   1: 4.343 us/op
Iteration   2: 4.469 us/op
Iteration   3: 4.336 us/op
Iteration   4: 4.430 us/op
Iteration   5: 4.321 us/op
Iteration   6: 4.296 us/op
Iteration   7: 4.362 us/op
Iteration   8: 4.286 us/op
Iteration   9: 4.292 us/op
Iteration  10: 4.291 us/op

# Run progress: 52.16% complete, ETA 00:40:15
# Fork: 2 of 3
# Warmup Iteration   1: 4.853 us/op
# Warmup Iteration   2: 4.347 us/op
# Warmup Iteration   3: 4.370 us/op
# Warmup Iteration   4: 4.437 us/op
# Warmup Iteration   5: 4.419 us/op
Iteration   1: 4.358 us/op
Iteration   2: 4.336 us/op
Iteration   3: 4.351 us/op
Iteration   4: 4.340 us/op
Iteration   5: 4.329 us/op
Iteration   6: 4.308 us/op
Iteration   7: 4.321 us/op
Iteration   8: 4.380 us/op
Iteration   9: 4.474 us/op
Iteration  10: 4.370 us/op

# Run progress: 52.47% complete, ETA 00:40:00
# Fork: 3 of 3
# Warmup Iteration   1: 4.977 us/op
# Warmup Iteration   2: 4.305 us/op
# Warmup Iteration   3: 4.322 us/op
# Warmup Iteration   4: 4.306 us/op
# Warmup Iteration   5: 4.270 us/op
Iteration   1: 4.308 us/op
Iteration   2: 4.321 us/op
Iteration   3: 4.308 us/op
Iteration   4: 4.305 us/op
Iteration   5: 4.354 us/op
Iteration   6: 4.282 us/op
Iteration   7: 4.309 us/op
Iteration   8: 4.314 us/op
Iteration   9: 4.334 us/op
Iteration  10: 4.388 us/op


Result "de.splatgames.aether.datafixers.benchmarks.core.MultiFixChainBenchmark.mixedChain":
  4.340 ±(99.9%) 0.033 us/op [Average]
  (min, avg, max) = (4.282, 4.340, 4.474), stdev = 0.049
  CI (99.9%): [4.308, 4.373] (assumes normal distribution)


# JMH version: 1.37
# VM version: JDK 17.0.18, OpenJDK 64-Bit Server VM, 17.0.18+8-Ubuntu-122.04.1
# VM invoker: /usr/lib/jvm/java-17-openjdk-amd64/bin/java
# VM options: -Xms4G -Xmx4G -XX:+UseG1GC -XX:+AlwaysPreTouch
# Blackhole mode: compiler (auto-detected, use -Djmh.blackhole.autoDetect=false to disable)
# Warmup: 5 iterations, 1 s each
# Measurement: 10 iterations, 1 s each
# Timeout: 10 min per iteration
# Threads: 1 thread, will synchronize iterations
# Benchmark mode: Average time, time/op
# Benchmark: de.splatgames.aether.datafixers.benchmarks.core.MultiFixChainBenchmark.mixedChain
# Parameters: (fixCount = 5, payloadSize = MEDIUM)

# Run progress: 52.78% complete, ETA 00:39:44
# Fork: 1 of 3
# Warmup Iteration   1: 26.775 us/op
# Warmup Iteration   2: 25.004 us/op
# Warmup Iteration   3: 25.193 us/op
# Warmup Iteration   4: 25.047 us/op
# Warmup Iteration   5: 25.263 us/op
Iteration   1: 25.030 us/op
Iteration   2: 25.171 us/op
Iteration   3: 25.018 us/op
Iteration   4: 24.731 us/op
Iteration   5: 25.611 us/op
Iteration   6: 25.729 us/op
Iteration   7: 25.538 us/op
Iteration   8: 25.800 us/op
Iteration   9: 25.524 us/op
Iteration  10: 26.344 us/op

# Run progress: 53.09% complete, ETA 00:39:29
# Fork: 2 of 3
# Warmup Iteration   1: 28.389 us/op
# Warmup Iteration   2: 25.635 us/op
# Warmup Iteration   3: 25.737 us/op
# Warmup Iteration   4: 24.766 us/op
# Warmup Iteration   5: 24.850 us/op
Iteration   1: 24.649 us/op
Iteration   2: 25.004 us/op
Iteration   3: 25.159 us/op
Iteration   4: 25.141 us/op
Iteration   5: 24.481 us/op
Iteration   6: 25.402 us/op
Iteration   7: 25.665 us/op
Iteration   8: 25.369 us/op
Iteration   9: 25.337 us/op
Iteration  10: 25.232 us/op

# Run progress: 53.40% complete, ETA 00:39:13
# Fork: 3 of 3
# Warmup Iteration   1: 26.107 us/op
# Warmup Iteration   2: 24.705 us/op
# Warmup Iteration   3: 24.658 us/op
# Warmup Iteration   4: 24.597 us/op
# Warmup Iteration   5: 24.490 us/op
Iteration   1: 24.361 us/op
Iteration   2: 24.663 us/op
Iteration   3: 24.832 us/op
Iteration   4: 24.716 us/op
Iteration   5: 24.616 us/op
Iteration   6: 24.522 us/op
Iteration   7: 24.845 us/op
Iteration   8: 25.209 us/op
Iteration   9: 24.431 us/op
Iteration  10: 24.610 us/op


Result "de.splatgames.aether.datafixers.benchmarks.core.MultiFixChainBenchmark.mixedChain":
  25.091 ±(99.9%) 0.320 us/op [Average]
  (min, avg, max) = (24.361, 25.091, 26.344), stdev = 0.479
  CI (99.9%): [24.771, 25.412] (assumes normal distribution)


# JMH version: 1.37
# VM version: JDK 17.0.18, OpenJDK 64-Bit Server VM, 17.0.18+8-Ubuntu-122.04.1
# VM invoker: /usr/lib/jvm/java-17-openjdk-amd64/bin/java
# VM options: -Xms4G -Xmx4G -XX:+UseG1GC -XX:+AlwaysPreTouch
# Blackhole mode: compiler (auto-detected, use -Djmh.blackhole.autoDetect=false to disable)
# Warmup: 5 iterations, 1 s each
# Measurement: 10 iterations, 1 s each
# Timeout: 10 min per iteration
# Threads: 1 thread, will synchronize iterations
# Benchmark mode: Average time, time/op
# Benchmark: de.splatgames.aether.datafixers.benchmarks.core.MultiFixChainBenchmark.mixedChain
# Parameters: (fixCount = 10, payloadSize = SMALL)

# Run progress: 53.70% complete, ETA 00:38:57
# Fork: 1 of 3
# Warmup Iteration   1: 11.944 us/op
# Warmup Iteration   2: 10.465 us/op
# Warmup Iteration   3: 10.393 us/op
# Warmup Iteration   4: 10.363 us/op
# Warmup Iteration   5: 10.370 us/op
Iteration   1: 10.465 us/op
Iteration   2: 10.501 us/op
Iteration   3: 10.625 us/op
Iteration   4: 10.471 us/op
Iteration   5: 10.446 us/op
Iteration   6: 10.387 us/op
Iteration   7: 10.458 us/op
Iteration   8: 10.544 us/op
Iteration   9: 10.443 us/op
Iteration  10: 10.445 us/op

# Run progress: 54.01% complete, ETA 00:38:42
# Fork: 2 of 3
# Warmup Iteration   1: 12.421 us/op
# Warmup Iteration   2: 10.622 us/op
# Warmup Iteration   3: 10.405 us/op
# Warmup Iteration   4: 10.412 us/op
# Warmup Iteration   5: 10.416 us/op
Iteration   1: 10.408 us/op
Iteration   2: 10.413 us/op
Iteration   3: 10.391 us/op
Iteration   4: 10.412 us/op
Iteration   5: 10.443 us/op
Iteration   6: 10.503 us/op
Iteration   7: 10.630 us/op
Iteration   8: 10.538 us/op
Iteration   9: 10.744 us/op
Iteration  10: 10.794 us/op

# Run progress: 54.32% complete, ETA 00:38:26
# Fork: 3 of 3
# Warmup Iteration   1: 12.567 us/op
# Warmup Iteration   2: 10.613 us/op
# Warmup Iteration   3: 10.647 us/op
# Warmup Iteration   4: 10.724 us/op
# Warmup Iteration   5: 10.770 us/op
Iteration   1: 10.719 us/op
Iteration   2: 10.843 us/op
Iteration   3: 10.767 us/op
Iteration   4: 10.763 us/op
Iteration   5: 10.758 us/op
Iteration   6: 10.680 us/op
Iteration   7: 10.745 us/op
Iteration   8: 10.663 us/op
Iteration   9: 10.740 us/op
Iteration  10: 10.722 us/op


Result "de.splatgames.aether.datafixers.benchmarks.core.MultiFixChainBenchmark.mixedChain":
  10.582 ±(99.9%) 0.100 us/op [Average]
  (min, avg, max) = (10.387, 10.582, 10.843), stdev = 0.149
  CI (99.9%): [10.482, 10.682] (assumes normal distribution)


# JMH version: 1.37
# VM version: JDK 17.0.18, OpenJDK 64-Bit Server VM, 17.0.18+8-Ubuntu-122.04.1
# VM invoker: /usr/lib/jvm/java-17-openjdk-amd64/bin/java
# VM options: -Xms4G -Xmx4G -XX:+UseG1GC -XX:+AlwaysPreTouch
# Blackhole mode: compiler (auto-detected, use -Djmh.blackhole.autoDetect=false to disable)
# Warmup: 5 iterations, 1 s each
# Measurement: 10 iterations, 1 s each
# Timeout: 10 min per iteration
# Threads: 1 thread, will synchronize iterations
# Benchmark mode: Average time, time/op
# Benchmark: de.splatgames.aether.datafixers.benchmarks.core.MultiFixChainBenchmark.mixedChain
# Parameters: (fixCount = 10, payloadSize = MEDIUM)

# Run progress: 54.63% complete, ETA 00:38:11
# Fork: 1 of 3
# Warmup Iteration   1: 68.261 us/op
# Warmup Iteration   2: 64.755 us/op
# Warmup Iteration   3: 63.225 us/op
# Warmup Iteration   4: 63.518 us/op
# Warmup Iteration   5: 63.395 us/op
Iteration   1: 63.364 us/op
Iteration   2: 63.153 us/op
Iteration   3: 63.010 us/op
Iteration   4: 62.522 us/op
Iteration   5: 62.818 us/op
Iteration   6: 64.891 us/op
Iteration   7: 63.934 us/op
Iteration   8: 64.462 us/op
Iteration   9: 63.840 us/op
Iteration  10: 64.725 us/op

# Run progress: 54.94% complete, ETA 00:37:55
# Fork: 2 of 3
# Warmup Iteration   1: 67.428 us/op
# Warmup Iteration   2: 63.200 us/op
# Warmup Iteration   3: 63.237 us/op
# Warmup Iteration   4: 63.479 us/op
# Warmup Iteration   5: 63.626 us/op
Iteration   1: 61.953 us/op
Iteration   2: 62.668 us/op
Iteration   3: 63.098 us/op
Iteration   4: 63.854 us/op
Iteration   5: 62.937 us/op
Iteration   6: 64.177 us/op
Iteration   7: 64.336 us/op
Iteration   8: 64.533 us/op
Iteration   9: 64.489 us/op
Iteration  10: 65.000 us/op

# Run progress: 55.25% complete, ETA 00:37:40
# Fork: 3 of 3
# Warmup Iteration   1: 67.052 us/op
# Warmup Iteration   2: 62.952 us/op
# Warmup Iteration   3: 62.812 us/op
# Warmup Iteration   4: 62.923 us/op
# Warmup Iteration   5: 62.877 us/op
Iteration   1: 64.062 us/op
Iteration   2: 63.142 us/op
Iteration   3: 63.255 us/op
Iteration   4: 63.550 us/op
Iteration   5: 63.949 us/op
Iteration   6: 62.797 us/op
Iteration   7: 64.845 us/op
Iteration   8: 63.967 us/op
Iteration   9: 63.800 us/op
Iteration  10: 63.660 us/op


Result "de.splatgames.aether.datafixers.benchmarks.core.MultiFixChainBenchmark.mixedChain":
  63.693 ±(99.9%) 0.524 us/op [Average]
  (min, avg, max) = (61.953, 63.693, 65.000), stdev = 0.784
  CI (99.9%): [63.169, 64.217] (assumes normal distribution)


# JMH version: 1.37
# VM version: JDK 17.0.18, OpenJDK 64-Bit Server VM, 17.0.18+8-Ubuntu-122.04.1
# VM invoker: /usr/lib/jvm/java-17-openjdk-amd64/bin/java
# VM options: -Xms4G -Xmx4G -XX:+UseG1GC -XX:+AlwaysPreTouch
# Blackhole mode: compiler (auto-detected, use -Djmh.blackhole.autoDetect=false to disable)
# Warmup: 5 iterations, 1 s each
# Measurement: 10 iterations, 1 s each
# Timeout: 10 min per iteration
# Threads: 1 thread, will synchronize iterations
# Benchmark mode: Average time, time/op
# Benchmark: de.splatgames.aether.datafixers.benchmarks.core.MultiFixChainBenchmark.mixedChain
# Parameters: (fixCount = 25, payloadSize = SMALL)

# Run progress: 55.56% complete, ETA 00:37:24
# Fork: 1 of 3
# Warmup Iteration   1: 30.580 us/op
# Warmup Iteration   2: 26.647 us/op
# Warmup Iteration   3: 27.744 us/op
# Warmup Iteration   4: 26.758 us/op
# Warmup Iteration   5: 26.614 us/op
Iteration   1: 26.832 us/op
Iteration   2: 26.372 us/op
Iteration   3: 26.686 us/op
Iteration   4: 26.482 us/op
Iteration   5: 26.347 us/op
Iteration   6: 26.564 us/op
Iteration   7: 26.786 us/op
Iteration   8: 26.963 us/op
Iteration   9: 26.782 us/op
Iteration  10: 27.117 us/op

# Run progress: 55.86% complete, ETA 00:37:08
# Fork: 2 of 3
# Warmup Iteration   1: 30.713 us/op
# Warmup Iteration   2: 27.181 us/op
# Warmup Iteration   3: 27.433 us/op
# Warmup Iteration   4: 27.241 us/op
# Warmup Iteration   5: 27.833 us/op
Iteration   1: 27.617 us/op
Iteration   2: 27.605 us/op
Iteration   3: 27.731 us/op
Iteration   4: 27.436 us/op
Iteration   5: 27.384 us/op
Iteration   6: 27.328 us/op
Iteration   7: 27.225 us/op
Iteration   8: 27.104 us/op
Iteration   9: 27.290 us/op
Iteration  10: 27.136 us/op

# Run progress: 56.17% complete, ETA 00:36:53
# Fork: 3 of 3
# Warmup Iteration   1: 30.596 us/op
# Warmup Iteration   2: 26.921 us/op
# Warmup Iteration   3: 26.641 us/op
# Warmup Iteration   4: 26.390 us/op
# Warmup Iteration   5: 26.604 us/op
Iteration   1: 26.390 us/op
Iteration   2: 26.434 us/op
Iteration   3: 26.757 us/op
Iteration   4: 26.586 us/op
Iteration   5: 26.577 us/op
Iteration   6: 26.734 us/op
Iteration   7: 26.791 us/op
Iteration   8: 27.023 us/op
Iteration   9: 26.744 us/op
Iteration  10: 26.951 us/op


Result "de.splatgames.aether.datafixers.benchmarks.core.MultiFixChainBenchmark.mixedChain":
  26.926 ±(99.9%) 0.264 us/op [Average]
  (min, avg, max) = (26.347, 26.926, 27.731), stdev = 0.395
  CI (99.9%): [26.662, 27.190] (assumes normal distribution)


# JMH version: 1.37
# VM version: JDK 17.0.18, OpenJDK 64-Bit Server VM, 17.0.18+8-Ubuntu-122.04.1
# VM invoker: /usr/lib/jvm/java-17-openjdk-amd64/bin/java
# VM options: -Xms4G -Xmx4G -XX:+UseG1GC -XX:+AlwaysPreTouch
# Blackhole mode: compiler (auto-detected, use -Djmh.blackhole.autoDetect=false to disable)
# Warmup: 5 iterations, 1 s each
# Measurement: 10 iterations, 1 s each
# Timeout: 10 min per iteration
# Threads: 1 thread, will synchronize iterations
# Benchmark mode: Average time, time/op
# Benchmark: de.splatgames.aether.datafixers.benchmarks.core.MultiFixChainBenchmark.mixedChain
# Parameters: (fixCount = 25, payloadSize = MEDIUM)

# Run progress: 56.48% complete, ETA 00:36:37
# Fork: 1 of 3
# Warmup Iteration   1: 164.223 us/op
# Warmup Iteration   2: 149.322 us/op
# Warmup Iteration   3: 147.837 us/op
# Warmup Iteration   4: 146.852 us/op
# Warmup Iteration   5: 148.822 us/op
Iteration   1: 147.525 us/op
Iteration   2: 149.557 us/op
Iteration   3: 150.496 us/op
Iteration   4: 149.311 us/op
Iteration   5: 157.896 us/op
Iteration   6: 154.696 us/op
Iteration   7: 149.791 us/op
Iteration   8: 149.540 us/op
Iteration   9: 151.040 us/op
Iteration  10: 152.399 us/op

# Run progress: 56.79% complete, ETA 00:36:22
# Fork: 2 of 3
# Warmup Iteration   1: 163.861 us/op
# Warmup Iteration   2: 151.884 us/op
# Warmup Iteration   3: 147.923 us/op
# Warmup Iteration   4: 149.647 us/op
# Warmup Iteration   5: 148.857 us/op
Iteration   1: 149.953 us/op
Iteration   2: 148.846 us/op
Iteration   3: 151.770 us/op
Iteration   4: 151.104 us/op
Iteration   5: 151.355 us/op
Iteration   6: 151.939 us/op
Iteration   7: 152.767 us/op
Iteration   8: 150.209 us/op
Iteration   9: 150.759 us/op
Iteration  10: 152.252 us/op

# Run progress: 57.10% complete, ETA 00:36:06
# Fork: 3 of 3
# Warmup Iteration   1: 162.335 us/op
# Warmup Iteration   2: 152.542 us/op
# Warmup Iteration   3: 151.848 us/op
# Warmup Iteration   4: 152.816 us/op
# Warmup Iteration   5: 151.604 us/op
Iteration   1: 153.630 us/op
Iteration   2: 152.834 us/op
Iteration   3: 151.138 us/op
Iteration   4: 151.401 us/op
Iteration   5: 152.586 us/op
Iteration   6: 153.101 us/op
Iteration   7: 151.917 us/op
Iteration   8: 154.932 us/op
Iteration   9: 153.419 us/op
Iteration  10: 152.408 us/op


Result "de.splatgames.aether.datafixers.benchmarks.core.MultiFixChainBenchmark.mixedChain":
  151.686 ±(99.9%) 1.383 us/op [Average]
  (min, avg, max) = (147.525, 151.686, 157.896), stdev = 2.069
  CI (99.9%): [150.303, 153.068] (assumes normal distribution)


# JMH version: 1.37
# VM version: JDK 17.0.18, OpenJDK 64-Bit Server VM, 17.0.18+8-Ubuntu-122.04.1
# VM invoker: /usr/lib/jvm/java-17-openjdk-amd64/bin/java
# VM options: -Xms4G -Xmx4G -XX:+UseG1GC -XX:+AlwaysPreTouch
# Blackhole mode: compiler (auto-detected, use -Djmh.blackhole.autoDetect=false to disable)
# Warmup: 5 iterations, 1 s each
# Measurement: 10 iterations, 1 s each
# Timeout: 10 min per iteration
# Threads: 1 thread, will synchronize iterations
# Benchmark mode: Average time, time/op
# Benchmark: de.splatgames.aether.datafixers.benchmarks.core.MultiFixChainBenchmark.mixedChain
# Parameters: (fixCount = 50, payloadSize = SMALL)

# Run progress: 57.41% complete, ETA 00:35:50
# Fork: 1 of 3
# Warmup Iteration   1: 68.152 us/op
# Warmup Iteration   2: 60.632 us/op
# Warmup Iteration   3: 60.267 us/op
# Warmup Iteration   4: 60.180 us/op
# Warmup Iteration   5: 59.990 us/op
Iteration   1: 59.607 us/op
Iteration   2: 59.832 us/op
Iteration   3: 59.775 us/op
Iteration   4: 60.102 us/op
Iteration   5: 60.392 us/op
Iteration   6: 59.945 us/op
Iteration   7: 60.061 us/op
Iteration   8: 59.677 us/op
Iteration   9: 59.615 us/op
Iteration  10: 60.050 us/op

# Run progress: 57.72% complete, ETA 00:35:35
# Fork: 2 of 3
# Warmup Iteration   1: 69.056 us/op
# Warmup Iteration   2: 60.264 us/op
# Warmup Iteration   3: 60.672 us/op
# Warmup Iteration   4: 60.478 us/op
# Warmup Iteration   5: 63.243 us/op
Iteration   1: 61.326 us/op
Iteration   2: 60.923 us/op
Iteration   3: 61.713 us/op
Iteration   4: 62.506 us/op
Iteration   5: 60.319 us/op
Iteration   6: 60.111 us/op
Iteration   7: 60.312 us/op
Iteration   8: 60.568 us/op
Iteration   9: 61.250 us/op
Iteration  10: 62.682 us/op

# Run progress: 58.02% complete, ETA 00:35:19
# Fork: 3 of 3
# Warmup Iteration   1: 70.600 us/op
# Warmup Iteration   2: 60.972 us/op
# Warmup Iteration   3: 62.469 us/op
# Warmup Iteration   4: 62.617 us/op
# Warmup Iteration   5: 62.529 us/op
Iteration   1: 60.744 us/op
Iteration   2: 61.210 us/op
Iteration   3: 60.857 us/op
Iteration   4: 62.017 us/op
Iteration   5: 61.702 us/op
Iteration   6: 60.749 us/op
Iteration   7: 60.901 us/op
Iteration   8: 61.288 us/op
Iteration   9: 61.380 us/op
Iteration  10: 60.830 us/op


Result "de.splatgames.aether.datafixers.benchmarks.core.MultiFixChainBenchmark.mixedChain":
  60.748 ±(99.9%) 0.559 us/op [Average]
  (min, avg, max) = (59.607, 60.748, 62.682), stdev = 0.837
  CI (99.9%): [60.189, 61.307] (assumes normal distribution)


# JMH version: 1.37
# VM version: JDK 17.0.18, OpenJDK 64-Bit Server VM, 17.0.18+8-Ubuntu-122.04.1
# VM invoker: /usr/lib/jvm/java-17-openjdk-amd64/bin/java
# VM options: -Xms4G -Xmx4G -XX:+UseG1GC -XX:+AlwaysPreTouch
# Blackhole mode: compiler (auto-detected, use -Djmh.blackhole.autoDetect=false to disable)
# Warmup: 5 iterations, 1 s each
# Measurement: 10 iterations, 1 s each
# Timeout: 10 min per iteration
# Threads: 1 thread, will synchronize iterations
# Benchmark mode: Average time, time/op
# Benchmark: de.splatgames.aether.datafixers.benchmarks.core.MultiFixChainBenchmark.mixedChain
# Parameters: (fixCount = 50, payloadSize = MEDIUM)

# Run progress: 58.33% complete, ETA 00:35:04
# Fork: 1 of 3
# Warmup Iteration   1: 344.754 us/op
# Warmup Iteration   2: 316.266 us/op
# Warmup Iteration   3: 316.943 us/op
# Warmup Iteration   4: 323.369 us/op
# Warmup Iteration   5: 318.863 us/op
Iteration   1: 316.290 us/op
Iteration   2: 314.194 us/op
Iteration   3: 317.275 us/op
Iteration   4: 318.115 us/op
Iteration   5: 318.363 us/op
Iteration   6: 315.470 us/op
Iteration   7: 315.857 us/op
Iteration   8: 327.544 us/op
Iteration   9: 319.456 us/op
Iteration  10: 317.458 us/op

# Run progress: 58.64% complete, ETA 00:34:48
# Fork: 2 of 3
# Warmup Iteration   1: 346.234 us/op
# Warmup Iteration   2: 320.135 us/op
# Warmup Iteration   3: 319.939 us/op
# Warmup Iteration   4: 318.912 us/op
# Warmup Iteration   5: 318.058 us/op
Iteration   1: 320.633 us/op
Iteration   2: 323.448 us/op
Iteration   3: 323.940 us/op
Iteration   4: 318.591 us/op
Iteration   5: 320.886 us/op
Iteration   6: 321.239 us/op
Iteration   7: 321.667 us/op
Iteration   8: 322.326 us/op
Iteration   9: 320.699 us/op
Iteration  10: 324.446 us/op

# Run progress: 58.95% complete, ETA 00:34:33
# Fork: 3 of 3
# Warmup Iteration   1: 352.250 us/op
# Warmup Iteration   2: 323.409 us/op
# Warmup Iteration   3: 331.507 us/op
# Warmup Iteration   4: 317.372 us/op
# Warmup Iteration   5: 319.575 us/op
Iteration   1: 332.028 us/op
Iteration   2: 326.809 us/op
Iteration   3: 314.757 us/op
Iteration   4: 316.510 us/op
Iteration   5: 319.925 us/op
Iteration   6: 317.261 us/op
Iteration   7: 319.538 us/op
Iteration   8: 336.399 us/op
Iteration   9: 325.803 us/op
Iteration  10: 320.731 us/op


Result "de.splatgames.aether.datafixers.benchmarks.core.MultiFixChainBenchmark.mixedChain":
  320.922 ±(99.9%) 3.373 us/op [Average]
  (min, avg, max) = (314.194, 320.922, 336.399), stdev = 5.048
  CI (99.9%): [317.549, 324.295] (assumes normal distribution)


# JMH version: 1.37
# VM version: JDK 17.0.18, OpenJDK 64-Bit Server VM, 17.0.18+8-Ubuntu-122.04.1
# VM invoker: /usr/lib/jvm/java-17-openjdk-amd64/bin/java
# VM options: -Xms4G -Xmx4G -XX:+UseG1GC -XX:+AlwaysPreTouch
# Blackhole mode: compiler (auto-detected, use -Djmh.blackhole.autoDetect=false to disable)
# Warmup: 5 iterations, 1 s each
# Measurement: 10 iterations, 1 s each
# Timeout: 10 min per iteration
# Threads: 1 thread, will synchronize iterations
# Benchmark mode: Average time, time/op
# Benchmark: de.splatgames.aether.datafixers.benchmarks.core.MultiFixChainBenchmark.partialChain
# Parameters: (fixCount = 1, payloadSize = SMALL)

# Run progress: 59.26% complete, ETA 00:34:17
# Fork: 1 of 3
# Warmup Iteration   1: 0.292 us/op
# Warmup Iteration   2: 0.264 us/op
# Warmup Iteration   3: 0.270 us/op
# Warmup Iteration   4: 0.267 us/op
# Warmup Iteration   5: 0.266 us/op
Iteration   1: 0.263 us/op
Iteration   2: 0.273 us/op
Iteration   3: 0.266 us/op
Iteration   4: 0.260 us/op
Iteration   5: 0.260 us/op
Iteration   6: 0.260 us/op
Iteration   7: 0.264 us/op
Iteration   8: 0.265 us/op
Iteration   9: 0.262 us/op
Iteration  10: 0.263 us/op

# Run progress: 59.57% complete, ETA 00:34:01
# Fork: 2 of 3
# Warmup Iteration   1: 0.295 us/op
# Warmup Iteration   2: 0.272 us/op
# Warmup Iteration   3: 0.269 us/op
# Warmup Iteration   4: 0.267 us/op
# Warmup Iteration   5: 0.269 us/op
Iteration   1: 0.266 us/op
Iteration   2: 0.268 us/op
Iteration   3: 0.269 us/op
Iteration   4: 0.265 us/op
Iteration   5: 0.264 us/op
Iteration   6: 0.274 us/op
Iteration   7: 0.276 us/op
Iteration   8: 0.265 us/op
Iteration   9: 0.265 us/op
Iteration  10: 0.266 us/op

# Run progress: 59.88% complete, ETA 00:33:46
# Fork: 3 of 3
# Warmup Iteration   1: 0.293 us/op
# Warmup Iteration   2: 0.264 us/op
# Warmup Iteration   3: 0.263 us/op
# Warmup Iteration   4: 0.263 us/op
# Warmup Iteration   5: 0.261 us/op
Iteration   1: 0.269 us/op
Iteration   2: 0.270 us/op
Iteration   3: 0.280 us/op
Iteration   4: 0.273 us/op
Iteration   5: 0.269 us/op
Iteration   6: 0.270 us/op
Iteration   7: 0.270 us/op
Iteration   8: 0.268 us/op
Iteration   9: 0.275 us/op
Iteration  10: 0.270 us/op


Result "de.splatgames.aether.datafixers.benchmarks.core.MultiFixChainBenchmark.partialChain":
  0.268 ±(99.9%) 0.003 us/op [Average]
  (min, avg, max) = (0.260, 0.268, 0.280), stdev = 0.005
  CI (99.9%): [0.264, 0.271] (assumes normal distribution)


# JMH version: 1.37
# VM version: JDK 17.0.18, OpenJDK 64-Bit Server VM, 17.0.18+8-Ubuntu-122.04.1
# VM invoker: /usr/lib/jvm/java-17-openjdk-amd64/bin/java
# VM options: -Xms4G -Xmx4G -XX:+UseG1GC -XX:+AlwaysPreTouch
# Blackhole mode: compiler (auto-detected, use -Djmh.blackhole.autoDetect=false to disable)
# Warmup: 5 iterations, 1 s each
# Measurement: 10 iterations, 1 s each
# Timeout: 10 min per iteration
# Threads: 1 thread, will synchronize iterations
# Benchmark mode: Average time, time/op
# Benchmark: de.splatgames.aether.datafixers.benchmarks.core.MultiFixChainBenchmark.partialChain
# Parameters: (fixCount = 1, payloadSize = MEDIUM)

# Run progress: 60.19% complete, ETA 00:33:30
# Fork: 1 of 3
# Warmup Iteration   1: 0.318 us/op
# Warmup Iteration   2: 0.282 us/op
# Warmup Iteration   3: 0.284 us/op
# Warmup Iteration   4: 0.293 us/op
# Warmup Iteration   5: 0.287 us/op
Iteration   1: 0.282 us/op
Iteration   2: 0.283 us/op
Iteration   3: 0.285 us/op
Iteration   4: 0.282 us/op
Iteration   5: 0.286 us/op
Iteration   6: 0.281 us/op
Iteration   7: 0.299 us/op
Iteration   8: 0.285 us/op
Iteration   9: 0.284 us/op
Iteration  10: 0.286 us/op

# Run progress: 60.49% complete, ETA 00:33:15
# Fork: 2 of 3
# Warmup Iteration   1: 0.330 us/op
# Warmup Iteration   2: 0.279 us/op
# Warmup Iteration   3: 0.282 us/op
# Warmup Iteration   4: 0.278 us/op
# Warmup Iteration   5: 0.286 us/op
Iteration   1: 0.279 us/op
Iteration   2: 0.279 us/op
Iteration   3: 0.278 us/op
Iteration   4: 0.280 us/op
Iteration   5: 0.280 us/op
Iteration   6: 0.281 us/op
Iteration   7: 0.281 us/op
Iteration   8: 0.277 us/op
Iteration   9: 0.279 us/op
Iteration  10: 0.289 us/op

# Run progress: 60.80% complete, ETA 00:32:59
# Fork: 3 of 3
# Warmup Iteration   1: 0.305 us/op
# Warmup Iteration   2: 0.274 us/op
# Warmup Iteration   3: 0.280 us/op
# Warmup Iteration   4: 0.283 us/op
# Warmup Iteration   5: 0.277 us/op
Iteration   1: 0.275 us/op
Iteration   2: 0.274 us/op
Iteration   3: 0.275 us/op
Iteration   4: 0.278 us/op
Iteration   5: 0.279 us/op
Iteration   6: 0.278 us/op
Iteration   7: 0.276 us/op
Iteration   8: 0.275 us/op
Iteration   9: 0.279 us/op
Iteration  10: 0.279 us/op


Result "de.splatgames.aether.datafixers.benchmarks.core.MultiFixChainBenchmark.partialChain":
  0.281 ±(99.9%) 0.003 us/op [Average]
  (min, avg, max) = (0.274, 0.281, 0.299), stdev = 0.005
  CI (99.9%): [0.278, 0.284] (assumes normal distribution)


# JMH version: 1.37
# VM version: JDK 17.0.18, OpenJDK 64-Bit Server VM, 17.0.18+8-Ubuntu-122.04.1
# VM invoker: /usr/lib/jvm/java-17-openjdk-amd64/bin/java
# VM options: -Xms4G -Xmx4G -XX:+UseG1GC -XX:+AlwaysPreTouch
# Blackhole mode: compiler (auto-detected, use -Djmh.blackhole.autoDetect=false to disable)
# Warmup: 5 iterations, 1 s each
# Measurement: 10 iterations, 1 s each
# Timeout: 10 min per iteration
# Threads: 1 thread, will synchronize iterations
# Benchmark mode: Average time, time/op
# Benchmark: de.splatgames.aether.datafixers.benchmarks.core.MultiFixChainBenchmark.partialChain
# Parameters: (fixCount = 5, payloadSize = SMALL)

# Run progress: 61.11% complete, ETA 00:32:44
# Fork: 1 of 3
# Warmup Iteration   1: 0.806 us/op
# Warmup Iteration   2: 0.486 us/op
# Warmup Iteration   3: 0.491 us/op
# Warmup Iteration   4: 0.500 us/op
# Warmup Iteration   5: 0.487 us/op
Iteration   1: 0.486 us/op
Iteration   2: 0.486 us/op
Iteration   3: 0.493 us/op
Iteration   4: 0.484 us/op
Iteration   5: 0.483 us/op
Iteration   6: 0.488 us/op
Iteration   7: 0.489 us/op
Iteration   8: 0.493 us/op
Iteration   9: 0.492 us/op
Iteration  10: 0.485 us/op

# Run progress: 61.42% complete, ETA 00:32:28
# Fork: 2 of 3
# Warmup Iteration   1: 0.814 us/op
# Warmup Iteration   2: 0.498 us/op
# Warmup Iteration   3: 0.492 us/op
# Warmup Iteration   4: 0.479 us/op
# Warmup Iteration   5: 0.483 us/op
Iteration   1: 0.490 us/op
Iteration   2: 0.481 us/op
Iteration   3: 0.488 us/op
Iteration   4: 0.485 us/op
Iteration   5: 0.479 us/op
Iteration   6: 0.480 us/op
Iteration   7: 0.480 us/op
Iteration   8: 0.483 us/op
Iteration   9: 0.482 us/op
Iteration  10: 0.483 us/op

# Run progress: 61.73% complete, ETA 00:32:12
# Fork: 3 of 3
# Warmup Iteration   1: 0.811 us/op
# Warmup Iteration   2: 0.495 us/op
# Warmup Iteration   3: 0.493 us/op
# Warmup Iteration   4: 0.484 us/op
# Warmup Iteration   5: 0.486 us/op
Iteration   1: 0.485 us/op
Iteration   2: 0.490 us/op
Iteration   3: 0.513 us/op
Iteration   4: 0.488 us/op
Iteration   5: 0.487 us/op
Iteration   6: 0.488 us/op
Iteration   7: 0.489 us/op
Iteration   8: 0.496 us/op
Iteration   9: 0.483 us/op
Iteration  10: 0.480 us/op


Result "de.splatgames.aether.datafixers.benchmarks.core.MultiFixChainBenchmark.partialChain":
  0.487 ±(99.9%) 0.004 us/op [Average]
  (min, avg, max) = (0.479, 0.487, 0.513), stdev = 0.007
  CI (99.9%): [0.483, 0.491] (assumes normal distribution)


# JMH version: 1.37
# VM version: JDK 17.0.18, OpenJDK 64-Bit Server VM, 17.0.18+8-Ubuntu-122.04.1
# VM invoker: /usr/lib/jvm/java-17-openjdk-amd64/bin/java
# VM options: -Xms4G -Xmx4G -XX:+UseG1GC -XX:+AlwaysPreTouch
# Blackhole mode: compiler (auto-detected, use -Djmh.blackhole.autoDetect=false to disable)
# Warmup: 5 iterations, 1 s each
# Measurement: 10 iterations, 1 s each
# Timeout: 10 min per iteration
# Threads: 1 thread, will synchronize iterations
# Benchmark mode: Average time, time/op
# Benchmark: de.splatgames.aether.datafixers.benchmarks.core.MultiFixChainBenchmark.partialChain
# Parameters: (fixCount = 5, payloadSize = MEDIUM)

# Run progress: 62.04% complete, ETA 00:31:57
# Fork: 1 of 3
# Warmup Iteration   1: 0.863 us/op
# Warmup Iteration   2: 0.526 us/op
# Warmup Iteration   3: 0.521 us/op
# Warmup Iteration   4: 0.518 us/op
# Warmup Iteration   5: 0.520 us/op
Iteration   1: 0.523 us/op
Iteration   2: 0.534 us/op
Iteration   3: 0.518 us/op
Iteration   4: 0.520 us/op
Iteration   5: 0.520 us/op
Iteration   6: 0.518 us/op
Iteration   7: 0.531 us/op
Iteration   8: 0.528 us/op
Iteration   9: 0.524 us/op
Iteration  10: 0.522 us/op

# Run progress: 62.35% complete, ETA 00:31:41
# Fork: 2 of 3
# Warmup Iteration   1: 0.875 us/op
# Warmup Iteration   2: 0.528 us/op
# Warmup Iteration   3: 0.524 us/op
# Warmup Iteration   4: 0.527 us/op
# Warmup Iteration   5: 0.524 us/op
Iteration   1: 0.524 us/op
Iteration   2: 0.530 us/op
Iteration   3: 0.520 us/op
Iteration   4: 0.521 us/op
Iteration   5: 0.520 us/op
Iteration   6: 0.540 us/op
Iteration   7: 0.532 us/op
Iteration   8: 0.521 us/op
Iteration   9: 0.520 us/op
Iteration  10: 0.526 us/op

# Run progress: 62.65% complete, ETA 00:31:26
# Fork: 3 of 3
# Warmup Iteration   1: 0.904 us/op
# Warmup Iteration   2: 0.522 us/op
# Warmup Iteration   3: 0.521 us/op
# Warmup Iteration   4: 0.527 us/op
# Warmup Iteration   5: 0.537 us/op
Iteration   1: 0.529 us/op
Iteration   2: 0.531 us/op
Iteration   3: 0.529 us/op
Iteration   4: 0.524 us/op
Iteration   5: 0.521 us/op
Iteration   6: 0.522 us/op
Iteration   7: 0.522 us/op
Iteration   8: 0.524 us/op
Iteration   9: 0.522 us/op
Iteration  10: 0.533 us/op


Result "de.splatgames.aether.datafixers.benchmarks.core.MultiFixChainBenchmark.partialChain":
  0.525 ±(99.9%) 0.004 us/op [Average]
  (min, avg, max) = (0.518, 0.525, 0.540), stdev = 0.005
  CI (99.9%): [0.521, 0.529] (assumes normal distribution)


# JMH version: 1.37
# VM version: JDK 17.0.18, OpenJDK 64-Bit Server VM, 17.0.18+8-Ubuntu-122.04.1
# VM invoker: /usr/lib/jvm/java-17-openjdk-amd64/bin/java
# VM options: -Xms4G -Xmx4G -XX:+UseG1GC -XX:+AlwaysPreTouch
# Blackhole mode: compiler (auto-detected, use -Djmh.blackhole.autoDetect=false to disable)
# Warmup: 5 iterations, 1 s each
# Measurement: 10 iterations, 1 s each
# Timeout: 10 min per iteration
# Threads: 1 thread, will synchronize iterations
# Benchmark mode: Average time, time/op
# Benchmark: de.splatgames.aether.datafixers.benchmarks.core.MultiFixChainBenchmark.partialChain
# Parameters: (fixCount = 10, payloadSize = SMALL)

# Run progress: 62.96% complete, ETA 00:31:10
# Fork: 1 of 3
# Warmup Iteration   1: 1.326 us/op
# Warmup Iteration   2: 1.007 us/op
# Warmup Iteration   3: 1.003 us/op
# Warmup Iteration   4: 1.013 us/op
# Warmup Iteration   5: 1.013 us/op
Iteration   1: 1.029 us/op
Iteration   2: 1.009 us/op
Iteration   3: 1.009 us/op
Iteration   4: 1.014 us/op
Iteration   5: 1.020 us/op
Iteration   6: 1.013 us/op
Iteration   7: 1.001 us/op
Iteration   8: 1.010 us/op
Iteration   9: 1.017 us/op
Iteration  10: 1.008 us/op

# Run progress: 63.27% complete, ETA 00:30:54
# Fork: 2 of 3
# Warmup Iteration   1: 1.364 us/op
# Warmup Iteration   2: 1.015 us/op
# Warmup Iteration   3: 1.009 us/op
# Warmup Iteration   4: 1.014 us/op
# Warmup Iteration   5: 1.029 us/op
Iteration   1: 1.008 us/op
Iteration   2: 1.007 us/op
Iteration   3: 1.004 us/op
Iteration   4: 1.002 us/op
Iteration   5: 1.025 us/op
Iteration   6: 1.009 us/op
Iteration   7: 1.007 us/op
Iteration   8: 1.021 us/op
Iteration   9: 1.019 us/op
Iteration  10: 1.025 us/op

# Run progress: 63.58% complete, ETA 00:30:39
# Fork: 3 of 3
# Warmup Iteration   1: 1.321 us/op
# Warmup Iteration   2: 1.003 us/op
# Warmup Iteration   3: 1.008 us/op
# Warmup Iteration   4: 1.017 us/op
# Warmup Iteration   5: 1.010 us/op
Iteration   1: 1.010 us/op
Iteration   2: 1.006 us/op
Iteration   3: 1.027 us/op
Iteration   4: 1.016 us/op
Iteration   5: 1.017 us/op
Iteration   6: 1.001 us/op
Iteration   7: 1.050 us/op
Iteration   8: 1.001 us/op
Iteration   9: 1.045 us/op
Iteration  10: 1.016 us/op


Result "de.splatgames.aether.datafixers.benchmarks.core.MultiFixChainBenchmark.partialChain":
  1.015 ±(99.9%) 0.008 us/op [Average]
  (min, avg, max) = (1.001, 1.015, 1.050), stdev = 0.012
  CI (99.9%): [1.007, 1.023] (assumes normal distribution)


# JMH version: 1.37
# VM version: JDK 17.0.18, OpenJDK 64-Bit Server VM, 17.0.18+8-Ubuntu-122.04.1
# VM invoker: /usr/lib/jvm/java-17-openjdk-amd64/bin/java
# VM options: -Xms4G -Xmx4G -XX:+UseG1GC -XX:+AlwaysPreTouch
# Blackhole mode: compiler (auto-detected, use -Djmh.blackhole.autoDetect=false to disable)
# Warmup: 5 iterations, 1 s each
# Measurement: 10 iterations, 1 s each
# Timeout: 10 min per iteration
# Threads: 1 thread, will synchronize iterations
# Benchmark mode: Average time, time/op
# Benchmark: de.splatgames.aether.datafixers.benchmarks.core.MultiFixChainBenchmark.partialChain
# Parameters: (fixCount = 10, payloadSize = MEDIUM)

# Run progress: 63.89% complete, ETA 00:30:23
# Fork: 1 of 3
# Warmup Iteration   1: 1.435 us/op
# Warmup Iteration   2: 1.097 us/op
# Warmup Iteration   3: 1.123 us/op
# Warmup Iteration   4: 1.089 us/op
# Warmup Iteration   5: 1.100 us/op
Iteration   1: 1.086 us/op
Iteration   2: 1.094 us/op
Iteration   3: 1.096 us/op
Iteration   4: 1.106 us/op
Iteration   5: 1.096 us/op
Iteration   6: 1.105 us/op
Iteration   7: 1.121 us/op
Iteration   8: 1.111 us/op
Iteration   9: 1.110 us/op
Iteration  10: 1.109 us/op

# Run progress: 64.20% complete, ETA 00:30:08
# Fork: 2 of 3
# Warmup Iteration   1: 1.415 us/op
# Warmup Iteration   2: 1.117 us/op
# Warmup Iteration   3: 1.101 us/op
# Warmup Iteration   4: 1.107 us/op
# Warmup Iteration   5: 1.087 us/op
Iteration   1: 1.093 us/op
Iteration   2: 1.100 us/op
Iteration   3: 1.121 us/op
Iteration   4: 1.106 us/op
Iteration   5: 1.084 us/op
Iteration   6: 1.085 us/op
Iteration   7: 1.101 us/op
Iteration   8: 1.088 us/op
Iteration   9: 1.084 us/op
Iteration  10: 1.091 us/op

# Run progress: 64.51% complete, ETA 00:29:52
# Fork: 3 of 3
# Warmup Iteration   1: 1.397 us/op
# Warmup Iteration   2: 1.130 us/op
# Warmup Iteration   3: 1.100 us/op
# Warmup Iteration   4: 1.115 us/op
# Warmup Iteration   5: 1.087 us/op
Iteration   1: 1.086 us/op
Iteration   2: 1.089 us/op
Iteration   3: 1.109 us/op
Iteration   4: 1.093 us/op
Iteration   5: 1.098 us/op
Iteration   6: 1.099 us/op
Iteration   7: 1.109 us/op
Iteration   8: 1.096 us/op
Iteration   9: 1.110 us/op
Iteration  10: 1.077 us/op


Result "de.splatgames.aether.datafixers.benchmarks.core.MultiFixChainBenchmark.partialChain":
  1.098 ±(99.9%) 0.007 us/op [Average]
  (min, avg, max) = (1.077, 1.098, 1.121), stdev = 0.011
  CI (99.9%): [1.091, 1.106] (assumes normal distribution)


# JMH version: 1.37
# VM version: JDK 17.0.18, OpenJDK 64-Bit Server VM, 17.0.18+8-Ubuntu-122.04.1
# VM invoker: /usr/lib/jvm/java-17-openjdk-amd64/bin/java
# VM options: -Xms4G -Xmx4G -XX:+UseG1GC -XX:+AlwaysPreTouch
# Blackhole mode: compiler (auto-detected, use -Djmh.blackhole.autoDetect=false to disable)
# Warmup: 5 iterations, 1 s each
# Measurement: 10 iterations, 1 s each
# Timeout: 10 min per iteration
# Threads: 1 thread, will synchronize iterations
# Benchmark mode: Average time, time/op
# Benchmark: de.splatgames.aether.datafixers.benchmarks.core.MultiFixChainBenchmark.partialChain
# Parameters: (fixCount = 25, payloadSize = SMALL)

# Run progress: 64.81% complete, ETA 00:29:37
# Fork: 1 of 3
# Warmup Iteration   1: 2.983 us/op
# Warmup Iteration   2: 2.280 us/op
# Warmup Iteration   3: 2.276 us/op
# Warmup Iteration   4: 2.247 us/op
# Warmup Iteration   5: 2.241 us/op
Iteration   1: 2.294 us/op
Iteration   2: 2.316 us/op
Iteration   3: 2.257 us/op
Iteration   4: 2.249 us/op
Iteration   5: 2.287 us/op
Iteration   6: 2.278 us/op
Iteration   7: 2.396 us/op
Iteration   8: 2.277 us/op
Iteration   9: 2.285 us/op
Iteration  10: 2.281 us/op

# Run progress: 65.12% complete, ETA 00:29:21
# Fork: 2 of 3
# Warmup Iteration   1: 3.070 us/op
# Warmup Iteration   2: 2.359 us/op
# Warmup Iteration   3: 2.272 us/op
# Warmup Iteration   4: 2.268 us/op
# Warmup Iteration   5: 2.270 us/op
Iteration   1: 2.275 us/op
Iteration   2: 2.299 us/op
Iteration   3: 2.280 us/op
Iteration   4: 2.276 us/op
Iteration   5: 2.298 us/op
Iteration   6: 2.293 us/op
Iteration   7: 2.259 us/op
Iteration   8: 2.263 us/op
Iteration   9: 2.252 us/op
Iteration  10: 2.248 us/op

# Run progress: 65.43% complete, ETA 00:29:05
# Fork: 3 of 3
# Warmup Iteration   1: 3.100 us/op
# Warmup Iteration   2: 2.309 us/op
# Warmup Iteration   3: 2.274 us/op
# Warmup Iteration   4: 2.356 us/op
# Warmup Iteration   5: 2.326 us/op
Iteration   1: 2.309 us/op
Iteration   2: 2.303 us/op
Iteration   3: 2.271 us/op
Iteration   4: 2.293 us/op
Iteration   5: 2.268 us/op
Iteration   6: 2.277 us/op
Iteration   7: 2.295 us/op
Iteration   8: 2.286 us/op
Iteration   9: 2.292 us/op
Iteration  10: 2.311 us/op


Result "de.splatgames.aether.datafixers.benchmarks.core.MultiFixChainBenchmark.partialChain":
  2.286 ±(99.9%) 0.018 us/op [Average]
  (min, avg, max) = (2.248, 2.286, 2.396), stdev = 0.028
  CI (99.9%): [2.267, 2.304] (assumes normal distribution)


# JMH version: 1.37
# VM version: JDK 17.0.18, OpenJDK 64-Bit Server VM, 17.0.18+8-Ubuntu-122.04.1
# VM invoker: /usr/lib/jvm/java-17-openjdk-amd64/bin/java
# VM options: -Xms4G -Xmx4G -XX:+UseG1GC -XX:+AlwaysPreTouch
# Blackhole mode: compiler (auto-detected, use -Djmh.blackhole.autoDetect=false to disable)
# Warmup: 5 iterations, 1 s each
# Measurement: 10 iterations, 1 s each
# Timeout: 10 min per iteration
# Threads: 1 thread, will synchronize iterations
# Benchmark mode: Average time, time/op
# Benchmark: de.splatgames.aether.datafixers.benchmarks.core.MultiFixChainBenchmark.partialChain
# Parameters: (fixCount = 25, payloadSize = MEDIUM)

# Run progress: 65.74% complete, ETA 00:28:50
# Fork: 1 of 3
# Warmup Iteration   1: 3.241 us/op
# Warmup Iteration   2: 2.493 us/op
# Warmup Iteration   3: 2.512 us/op
# Warmup Iteration   4: 2.468 us/op
# Warmup Iteration   5: 2.491 us/op
Iteration   1: 2.505 us/op
Iteration   2: 2.474 us/op
Iteration   3: 2.493 us/op
Iteration   4: 2.470 us/op
Iteration   5: 2.542 us/op
Iteration   6: 2.503 us/op
Iteration   7: 2.523 us/op
Iteration   8: 2.478 us/op
Iteration   9: 2.481 us/op
Iteration  10: 2.487 us/op

# Run progress: 66.05% complete, ETA 00:28:34
# Fork: 2 of 3
# Warmup Iteration   1: 3.209 us/op
# Warmup Iteration   2: 2.451 us/op
# Warmup Iteration   3: 2.454 us/op
# Warmup Iteration   4: 2.484 us/op
# Warmup Iteration   5: 2.478 us/op
Iteration   1: 2.482 us/op
Iteration   2: 2.466 us/op
Iteration   3: 2.485 us/op
Iteration   4: 2.451 us/op
Iteration   5: 2.526 us/op
Iteration   6: 2.473 us/op
Iteration   7: 2.480 us/op
Iteration   8: 2.500 us/op
Iteration   9: 2.521 us/op
Iteration  10: 2.456 us/op

# Run progress: 66.36% complete, ETA 00:28:19
# Fork: 3 of 3
# Warmup Iteration   1: 3.231 us/op
# Warmup Iteration   2: 2.455 us/op
# Warmup Iteration   3: 2.484 us/op
# Warmup Iteration   4: 2.457 us/op
# Warmup Iteration   5: 2.468 us/op
Iteration   1: 2.477 us/op
Iteration   2: 2.479 us/op
Iteration   3: 2.489 us/op
Iteration   4: 2.459 us/op
Iteration   5: 2.457 us/op
Iteration   6: 2.444 us/op
Iteration   7: 2.450 us/op
Iteration   8: 2.473 us/op
Iteration   9: 2.461 us/op
Iteration  10: 2.463 us/op


Result "de.splatgames.aether.datafixers.benchmarks.core.MultiFixChainBenchmark.partialChain":
  2.482 ±(99.9%) 0.016 us/op [Average]
  (min, avg, max) = (2.444, 2.482, 2.542), stdev = 0.024
  CI (99.9%): [2.465, 2.498] (assumes normal distribution)


# JMH version: 1.37
# VM version: JDK 17.0.18, OpenJDK 64-Bit Server VM, 17.0.18+8-Ubuntu-122.04.1
# VM invoker: /usr/lib/jvm/java-17-openjdk-amd64/bin/java
# VM options: -Xms4G -Xmx4G -XX:+UseG1GC -XX:+AlwaysPreTouch
# Blackhole mode: compiler (auto-detected, use -Djmh.blackhole.autoDetect=false to disable)
# Warmup: 5 iterations, 1 s each
# Measurement: 10 iterations, 1 s each
# Timeout: 10 min per iteration
# Threads: 1 thread, will synchronize iterations
# Benchmark mode: Average time, time/op
# Benchmark: de.splatgames.aether.datafixers.benchmarks.core.MultiFixChainBenchmark.partialChain
# Parameters: (fixCount = 50, payloadSize = SMALL)

# Run progress: 66.67% complete, ETA 00:28:03
# Fork: 1 of 3
# Warmup Iteration   1: 6.200 us/op
# Warmup Iteration   2: 5.026 us/op
# Warmup Iteration   3: 4.898 us/op
# Warmup Iteration   4: 4.868 us/op
# Warmup Iteration   5: 4.780 us/op
Iteration   1: 4.755 us/op
Iteration   2: 4.788 us/op
Iteration   3: 4.805 us/op
Iteration   4: 4.826 us/op
Iteration   5: 4.825 us/op
Iteration   6: 4.821 us/op
Iteration   7: 4.804 us/op
Iteration   8: 4.870 us/op
Iteration   9: 4.855 us/op
Iteration  10: 4.831 us/op

# Run progress: 66.98% complete, ETA 00:27:47
# Fork: 2 of 3
# Warmup Iteration   1: 6.051 us/op
# Warmup Iteration   2: 4.873 us/op
# Warmup Iteration   3: 4.879 us/op
# Warmup Iteration   4: 4.852 us/op
# Warmup Iteration   5: 4.832 us/op
Iteration   1: 4.847 us/op
Iteration   2: 4.972 us/op
Iteration   3: 4.881 us/op
Iteration   4: 4.906 us/op
Iteration   5: 4.871 us/op
Iteration   6: 4.820 us/op
Iteration   7: 4.858 us/op
Iteration   8: 4.876 us/op
Iteration   9: 4.896 us/op
Iteration  10: 4.868 us/op

# Run progress: 67.28% complete, ETA 00:27:32
# Fork: 3 of 3
# Warmup Iteration   1: 5.798 us/op
# Warmup Iteration   2: 4.549 us/op
# Warmup Iteration   3: 4.504 us/op
# Warmup Iteration   4: 4.489 us/op
# Warmup Iteration   5: 4.568 us/op
Iteration   1: 4.470 us/op
Iteration   2: 4.487 us/op
Iteration   3: 4.635 us/op
Iteration   4: 4.601 us/op
Iteration   5: 4.462 us/op
Iteration   6: 4.533 us/op
Iteration   7: 4.483 us/op
Iteration   8: 4.510 us/op
Iteration   9: 4.463 us/op
Iteration  10: 4.436 us/op


Result "de.splatgames.aether.datafixers.benchmarks.core.MultiFixChainBenchmark.partialChain":
  4.735 ±(99.9%) 0.115 us/op [Average]
  (min, avg, max) = (4.436, 4.735, 4.972), stdev = 0.172
  CI (99.9%): [4.620, 4.850] (assumes normal distribution)


# JMH version: 1.37
# VM version: JDK 17.0.18, OpenJDK 64-Bit Server VM, 17.0.18+8-Ubuntu-122.04.1
# VM invoker: /usr/lib/jvm/java-17-openjdk-amd64/bin/java
# VM options: -Xms4G -Xmx4G -XX:+UseG1GC -XX:+AlwaysPreTouch
# Blackhole mode: compiler (auto-detected, use -Djmh.blackhole.autoDetect=false to disable)
# Warmup: 5 iterations, 1 s each
# Measurement: 10 iterations, 1 s each
# Timeout: 10 min per iteration
# Threads: 1 thread, will synchronize iterations
# Benchmark mode: Average time, time/op
# Benchmark: de.splatgames.aether.datafixers.benchmarks.core.MultiFixChainBenchmark.partialChain
# Parameters: (fixCount = 50, payloadSize = MEDIUM)

# Run progress: 67.59% complete, ETA 00:27:16
# Fork: 1 of 3
# Warmup Iteration   1: 6.429 us/op
# Warmup Iteration   2: 5.215 us/op
# Warmup Iteration   3: 5.264 us/op
# Warmup Iteration   4: 5.309 us/op
# Warmup Iteration   5: 5.240 us/op
Iteration   1: 5.363 us/op
Iteration   2: 5.298 us/op
Iteration   3: 5.263 us/op
Iteration   4: 5.195 us/op
Iteration   5: 5.216 us/op
Iteration   6: 5.242 us/op
Iteration   7: 5.356 us/op
Iteration   8: 5.254 us/op
Iteration   9: 5.190 us/op
Iteration  10: 5.230 us/op

# Run progress: 67.90% complete, ETA 00:27:01
# Fork: 2 of 3
# Warmup Iteration   1: 6.801 us/op
# Warmup Iteration   2: 4.986 us/op
# Warmup Iteration   3: 4.916 us/op
# Warmup Iteration   4: 4.896 us/op
# Warmup Iteration   5: 4.869 us/op
Iteration   1: 4.908 us/op
Iteration   2: 4.958 us/op
Iteration   3: 4.901 us/op
Iteration   4: 4.918 us/op
Iteration   5: 4.990 us/op
Iteration   6: 4.930 us/op
Iteration   7: 4.905 us/op
Iteration   8: 4.951 us/op
Iteration   9: 4.924 us/op
Iteration  10: 4.940 us/op

# Run progress: 68.21% complete, ETA 00:26:45
# Fork: 3 of 3
# Warmup Iteration   1: 6.652 us/op
# Warmup Iteration   2: 4.976 us/op
# Warmup Iteration   3: 4.964 us/op
# Warmup Iteration   4: 4.995 us/op
# Warmup Iteration   5: 5.024 us/op
Iteration   1: 4.997 us/op
Iteration   2: 5.067 us/op
Iteration   3: 4.979 us/op
Iteration   4: 4.975 us/op
Iteration   5: 4.904 us/op
Iteration   6: 4.906 us/op
Iteration   7: 4.938 us/op
Iteration   8: 4.934 us/op
Iteration   9: 4.932 us/op
Iteration  10: 5.021 us/op


Result "de.splatgames.aether.datafixers.benchmarks.core.MultiFixChainBenchmark.partialChain":
  5.053 ±(99.9%) 0.105 us/op [Average]
  (min, avg, max) = (4.901, 5.053, 5.363), stdev = 0.157
  CI (99.9%): [4.948, 5.158] (assumes normal distribution)


# JMH version: 1.37
# VM version: JDK 17.0.18, OpenJDK 64-Bit Server VM, 17.0.18+8-Ubuntu-122.04.1
# VM invoker: /usr/lib/jvm/java-17-openjdk-amd64/bin/java
# VM options: -Xms4G -Xmx4G -XX:+UseG1GC -XX:+AlwaysPreTouch
# Blackhole mode: compiler (auto-detected, use -Djmh.blackhole.autoDetect=false to disable)
# Warmup: 5 iterations, 1 s each
# Measurement: 10 iterations, 1 s each
# Timeout: 10 min per iteration
# Threads: 1 thread, will synchronize iterations
# Benchmark mode: Average time, time/op
# Benchmark: de.splatgames.aether.datafixers.benchmarks.core.MultiFixChainBenchmark.renameChain
# Parameters: (fixCount = 1, payloadSize = SMALL)

# Run progress: 68.52% complete, ETA 00:26:30
# Fork: 1 of 3
# Warmup Iteration   1: 0.294 us/op
# Warmup Iteration   2: 0.267 us/op
# Warmup Iteration   3: 0.264 us/op
# Warmup Iteration   4: 0.263 us/op
# Warmup Iteration   5: 0.264 us/op
Iteration   1: 0.272 us/op
Iteration   2: 0.268 us/op
Iteration   3: 0.262 us/op
Iteration   4: 0.269 us/op
Iteration   5: 0.267 us/op
Iteration   6: 0.265 us/op
Iteration   7: 0.261 us/op
Iteration   8: 0.261 us/op
Iteration   9: 0.262 us/op
Iteration  10: 0.262 us/op

# Run progress: 68.83% complete, ETA 00:26:14
# Fork: 2 of 3
# Warmup Iteration   1: 0.299 us/op
# Warmup Iteration   2: 0.264 us/op
# Warmup Iteration   3: 0.275 us/op
# Warmup Iteration   4: 0.261 us/op
# Warmup Iteration   5: 0.259 us/op
Iteration   1: 0.262 us/op
Iteration   2: 0.261 us/op
Iteration   3: 0.265 us/op
Iteration   4: 0.263 us/op
Iteration   5: 0.264 us/op
Iteration   6: 0.261 us/op
Iteration   7: 0.262 us/op
Iteration   8: 0.267 us/op
Iteration   9: 0.262 us/op
Iteration  10: 0.264 us/op

# Run progress: 69.14% complete, ETA 00:25:58
# Fork: 3 of 3
# Warmup Iteration   1: 0.294 us/op
# Warmup Iteration   2: 0.268 us/op
# Warmup Iteration   3: 0.263 us/op
# Warmup Iteration   4: 0.263 us/op
# Warmup Iteration   5: 0.272 us/op
Iteration   1: 0.264 us/op
Iteration   2: 0.264 us/op
Iteration   3: 0.267 us/op
Iteration   4: 0.264 us/op
Iteration   5: 0.266 us/op
Iteration   6: 0.264 us/op
Iteration   7: 0.264 us/op
Iteration   8: 0.263 us/op
Iteration   9: 0.265 us/op
Iteration  10: 0.265 us/op


Result "de.splatgames.aether.datafixers.benchmarks.core.MultiFixChainBenchmark.renameChain":
  0.264 ±(99.9%) 0.002 us/op [Average]
  (min, avg, max) = (0.261, 0.264, 0.272), stdev = 0.003
  CI (99.9%): [0.262, 0.266] (assumes normal distribution)


# JMH version: 1.37
# VM version: JDK 17.0.18, OpenJDK 64-Bit Server VM, 17.0.18+8-Ubuntu-122.04.1
# VM invoker: /usr/lib/jvm/java-17-openjdk-amd64/bin/java
# VM options: -Xms4G -Xmx4G -XX:+UseG1GC -XX:+AlwaysPreTouch
# Blackhole mode: compiler (auto-detected, use -Djmh.blackhole.autoDetect=false to disable)
# Warmup: 5 iterations, 1 s each
# Measurement: 10 iterations, 1 s each
# Timeout: 10 min per iteration
# Threads: 1 thread, will synchronize iterations
# Benchmark mode: Average time, time/op
# Benchmark: de.splatgames.aether.datafixers.benchmarks.core.MultiFixChainBenchmark.renameChain
# Parameters: (fixCount = 1, payloadSize = MEDIUM)

# Run progress: 69.44% complete, ETA 00:25:43
# Fork: 1 of 3
# Warmup Iteration   1: 0.309 us/op
# Warmup Iteration   2: 0.276 us/op
# Warmup Iteration   3: 0.282 us/op
# Warmup Iteration   4: 0.276 us/op
# Warmup Iteration   5: 0.280 us/op
Iteration   1: 0.276 us/op
Iteration   2: 0.276 us/op
Iteration   3: 0.276 us/op
Iteration   4: 0.283 us/op
Iteration   5: 0.282 us/op
Iteration   6: 0.276 us/op
Iteration   7: 0.279 us/op
Iteration   8: 0.280 us/op
Iteration   9: 0.278 us/op
Iteration  10: 0.277 us/op

# Run progress: 69.75% complete, ETA 00:25:27
# Fork: 2 of 3
# Warmup Iteration   1: 0.320 us/op
# Warmup Iteration   2: 0.278 us/op
# Warmup Iteration   3: 0.279 us/op
# Warmup Iteration   4: 0.283 us/op
# Warmup Iteration   5: 0.281 us/op
Iteration   1: 0.276 us/op
Iteration   2: 0.282 us/op
Iteration   3: 0.280 us/op
Iteration   4: 0.278 us/op
Iteration   5: 0.279 us/op
Iteration   6: 0.280 us/op
Iteration   7: 0.283 us/op
Iteration   8: 0.281 us/op
Iteration   9: 0.282 us/op
Iteration  10: 0.280 us/op

# Run progress: 70.06% complete, ETA 00:25:12
# Fork: 3 of 3
# Warmup Iteration   1: 0.315 us/op
# Warmup Iteration   2: 0.274 us/op
# Warmup Iteration   3: 0.278 us/op
# Warmup Iteration   4: 0.277 us/op
# Warmup Iteration   5: 0.275 us/op
Iteration   1: 0.278 us/op
Iteration   2: 0.276 us/op
Iteration   3: 0.280 us/op
Iteration   4: 0.277 us/op
Iteration   5: 0.275 us/op
Iteration   6: 0.282 us/op
Iteration   7: 0.282 us/op
Iteration   8: 0.283 us/op
Iteration   9: 0.276 us/op
Iteration  10: 0.277 us/op


Result "de.splatgames.aether.datafixers.benchmarks.core.MultiFixChainBenchmark.renameChain":
  0.279 ±(99.9%) 0.002 us/op [Average]
  (min, avg, max) = (0.275, 0.279, 0.283), stdev = 0.002
  CI (99.9%): [0.277, 0.281] (assumes normal distribution)


# JMH version: 1.37
# VM version: JDK 17.0.18, OpenJDK 64-Bit Server VM, 17.0.18+8-Ubuntu-122.04.1
# VM invoker: /usr/lib/jvm/java-17-openjdk-amd64/bin/java
# VM options: -Xms4G -Xmx4G -XX:+UseG1GC -XX:+AlwaysPreTouch
# Blackhole mode: compiler (auto-detected, use -Djmh.blackhole.autoDetect=false to disable)
# Warmup: 5 iterations, 1 s each
# Measurement: 10 iterations, 1 s each
# Timeout: 10 min per iteration
# Threads: 1 thread, will synchronize iterations
# Benchmark mode: Average time, time/op
# Benchmark: de.splatgames.aether.datafixers.benchmarks.core.MultiFixChainBenchmark.renameChain
# Parameters: (fixCount = 5, payloadSize = SMALL)

# Run progress: 70.37% complete, ETA 00:24:56
# Fork: 1 of 3
# Warmup Iteration   1: 1.281 us/op
# Warmup Iteration   2: 0.965 us/op
# Warmup Iteration   3: 0.968 us/op
# Warmup Iteration   4: 0.954 us/op
# Warmup Iteration   5: 0.948 us/op
Iteration   1: 0.959 us/op
Iteration   2: 0.951 us/op
Iteration   3: 0.949 us/op
Iteration   4: 0.971 us/op
Iteration   5: 0.959 us/op
Iteration   6: 0.957 us/op
Iteration   7: 0.953 us/op
Iteration   8: 0.959 us/op
Iteration   9: 0.951 us/op
Iteration  10: 0.951 us/op

# Run progress: 70.68% complete, ETA 00:24:40
# Fork: 2 of 3
# Warmup Iteration   1: 1.312 us/op
# Warmup Iteration   2: 0.994 us/op
# Warmup Iteration   3: 0.985 us/op
# Warmup Iteration   4: 0.963 us/op
# Warmup Iteration   5: 0.964 us/op
Iteration   1: 0.968 us/op
Iteration   2: 0.972 us/op
Iteration   3: 0.957 us/op
Iteration   4: 0.960 us/op
Iteration   5: 0.971 us/op
Iteration   6: 0.957 us/op
Iteration   7: 0.968 us/op
Iteration   8: 0.965 us/op
Iteration   9: 0.970 us/op
Iteration  10: 0.953 us/op

# Run progress: 70.99% complete, ETA 00:24:25
# Fork: 3 of 3
# Warmup Iteration   1: 1.277 us/op
# Warmup Iteration   2: 1.032 us/op
# Warmup Iteration   3: 0.994 us/op
# Warmup Iteration   4: 0.965 us/op
# Warmup Iteration   5: 0.997 us/op
Iteration   1: 0.976 us/op
Iteration   2: 0.967 us/op
Iteration   3: 0.965 us/op
Iteration   4: 0.962 us/op
Iteration   5: 0.966 us/op
Iteration   6: 0.973 us/op
Iteration   7: 0.971 us/op
Iteration   8: 0.968 us/op
Iteration   9: 0.978 us/op
Iteration  10: 0.975 us/op


Result "de.splatgames.aether.datafixers.benchmarks.core.MultiFixChainBenchmark.renameChain":
  0.963 ±(99.9%) 0.006 us/op [Average]
  (min, avg, max) = (0.949, 0.963, 0.978), stdev = 0.008
  CI (99.9%): [0.958, 0.969] (assumes normal distribution)


# JMH version: 1.37
# VM version: JDK 17.0.18, OpenJDK 64-Bit Server VM, 17.0.18+8-Ubuntu-122.04.1
# VM invoker: /usr/lib/jvm/java-17-openjdk-amd64/bin/java
# VM options: -Xms4G -Xmx4G -XX:+UseG1GC -XX:+AlwaysPreTouch
# Blackhole mode: compiler (auto-detected, use -Djmh.blackhole.autoDetect=false to disable)
# Warmup: 5 iterations, 1 s each
# Measurement: 10 iterations, 1 s each
# Timeout: 10 min per iteration
# Threads: 1 thread, will synchronize iterations
# Benchmark mode: Average time, time/op
# Benchmark: de.splatgames.aether.datafixers.benchmarks.core.MultiFixChainBenchmark.renameChain
# Parameters: (fixCount = 5, payloadSize = MEDIUM)

# Run progress: 71.30% complete, ETA 00:24:09
# Fork: 1 of 3
# Warmup Iteration   1: 1.360 us/op
# Warmup Iteration   2: 1.050 us/op
# Warmup Iteration   3: 1.036 us/op
# Warmup Iteration   4: 1.047 us/op
# Warmup Iteration   5: 1.045 us/op
Iteration   1: 1.060 us/op
Iteration   2: 1.042 us/op
Iteration   3: 1.034 us/op
Iteration   4: 1.060 us/op
Iteration   5: 1.045 us/op
Iteration   6: 1.052 us/op
Iteration   7: 1.039 us/op
Iteration   8: 1.036 us/op
Iteration   9: 1.042 us/op
Iteration  10: 1.043 us/op

# Run progress: 71.60% complete, ETA 00:23:54
# Fork: 2 of 3
# Warmup Iteration   1: 1.348 us/op
# Warmup Iteration   2: 1.045 us/op
# Warmup Iteration   3: 1.052 us/op
# Warmup Iteration   4: 1.049 us/op
# Warmup Iteration   5: 1.050 us/op
Iteration   1: 1.042 us/op
Iteration   2: 1.048 us/op
Iteration   3: 1.037 us/op
Iteration   4: 1.044 us/op
Iteration   5: 1.050 us/op
Iteration   6: 1.045 us/op
Iteration   7: 1.041 us/op
Iteration   8: 1.052 us/op
Iteration   9: 1.057 us/op
Iteration  10: 1.051 us/op

# Run progress: 71.91% complete, ETA 00:23:38
# Fork: 3 of 3
# Warmup Iteration   1: 1.347 us/op
# Warmup Iteration   2: 1.033 us/op
# Warmup Iteration   3: 1.039 us/op
# Warmup Iteration   4: 1.038 us/op
# Warmup Iteration   5: 1.041 us/op
Iteration   1: 1.032 us/op
Iteration   2: 1.027 us/op
Iteration   3: 1.051 us/op
Iteration   4: 1.039 us/op
Iteration   5: 1.041 us/op
Iteration   6: 1.065 us/op
Iteration   7: 1.051 us/op
Iteration   8: 1.033 us/op
Iteration   9: 1.027 us/op
Iteration  10: 1.020 us/op


Result "de.splatgames.aether.datafixers.benchmarks.core.MultiFixChainBenchmark.renameChain":
  1.043 ±(99.9%) 0.007 us/op [Average]
  (min, avg, max) = (1.020, 1.043, 1.065), stdev = 0.011
  CI (99.9%): [1.036, 1.050] (assumes normal distribution)


# JMH version: 1.37
# VM version: JDK 17.0.18, OpenJDK 64-Bit Server VM, 17.0.18+8-Ubuntu-122.04.1
# VM invoker: /usr/lib/jvm/java-17-openjdk-amd64/bin/java
# VM options: -Xms4G -Xmx4G -XX:+UseG1GC -XX:+AlwaysPreTouch
# Blackhole mode: compiler (auto-detected, use -Djmh.blackhole.autoDetect=false to disable)
# Warmup: 5 iterations, 1 s each
# Measurement: 10 iterations, 1 s each
# Timeout: 10 min per iteration
# Threads: 1 thread, will synchronize iterations
# Benchmark mode: Average time, time/op
# Benchmark: de.splatgames.aether.datafixers.benchmarks.core.MultiFixChainBenchmark.renameChain
# Parameters: (fixCount = 10, payloadSize = SMALL)

# Run progress: 72.22% complete, ETA 00:23:22
# Fork: 1 of 3
# Warmup Iteration   1: 2.420 us/op
# Warmup Iteration   2: 1.786 us/op
# Warmup Iteration   3: 1.771 us/op
# Warmup Iteration   4: 1.764 us/op
# Warmup Iteration   5: 1.759 us/op
Iteration   1: 1.774 us/op
Iteration   2: 1.767 us/op
Iteration   3: 1.773 us/op
Iteration   4: 1.786 us/op
Iteration   5: 1.776 us/op
Iteration   6: 1.757 us/op
Iteration   7: 1.807 us/op
Iteration   8: 1.782 us/op
Iteration   9: 1.778 us/op
Iteration  10: 1.781 us/op

# Run progress: 72.53% complete, ETA 00:23:07
# Fork: 2 of 3
# Warmup Iteration   1: 2.342 us/op
# Warmup Iteration   2: 1.785 us/op
# Warmup Iteration   3: 1.777 us/op
# Warmup Iteration   4: 1.774 us/op
# Warmup Iteration   5: 1.770 us/op
Iteration   1: 1.800 us/op
Iteration   2: 1.784 us/op
Iteration   3: 1.780 us/op
Iteration   4: 1.772 us/op
Iteration   5: 1.777 us/op
Iteration   6: 1.780 us/op
Iteration   7: 1.775 us/op
Iteration   8: 1.768 us/op
Iteration   9: 1.772 us/op
Iteration  10: 1.776 us/op

# Run progress: 72.84% complete, ETA 00:22:51
# Fork: 3 of 3
# Warmup Iteration   1: 2.411 us/op
# Warmup Iteration   2: 1.786 us/op
# Warmup Iteration   3: 1.774 us/op
# Warmup Iteration   4: 1.758 us/op
# Warmup Iteration   5: 1.761 us/op
Iteration   1: 1.763 us/op
Iteration   2: 1.755 us/op
Iteration   3: 1.785 us/op
Iteration   4: 1.766 us/op
Iteration   5: 1.771 us/op
Iteration   6: 1.786 us/op
Iteration   7: 1.765 us/op
Iteration   8: 1.777 us/op
Iteration   9: 1.764 us/op
Iteration  10: 1.759 us/op


Result "de.splatgames.aether.datafixers.benchmarks.core.MultiFixChainBenchmark.renameChain":
  1.775 ±(99.9%) 0.008 us/op [Average]
  (min, avg, max) = (1.755, 1.775, 1.807), stdev = 0.011
  CI (99.9%): [1.768, 1.783] (assumes normal distribution)


# JMH version: 1.37
# VM version: JDK 17.0.18, OpenJDK 64-Bit Server VM, 17.0.18+8-Ubuntu-122.04.1
# VM invoker: /usr/lib/jvm/java-17-openjdk-amd64/bin/java
# VM options: -Xms4G -Xmx4G -XX:+UseG1GC -XX:+AlwaysPreTouch
# Blackhole mode: compiler (auto-detected, use -Djmh.blackhole.autoDetect=false to disable)
# Warmup: 5 iterations, 1 s each
# Measurement: 10 iterations, 1 s each
# Timeout: 10 min per iteration
# Threads: 1 thread, will synchronize iterations
# Benchmark mode: Average time, time/op
# Benchmark: de.splatgames.aether.datafixers.benchmarks.core.MultiFixChainBenchmark.renameChain
# Parameters: (fixCount = 10, payloadSize = MEDIUM)

# Run progress: 73.15% complete, ETA 00:22:36
# Fork: 1 of 3
# Warmup Iteration   1: 2.555 us/op
# Warmup Iteration   2: 1.938 us/op
# Warmup Iteration   3: 1.952 us/op
# Warmup Iteration   4: 1.932 us/op
# Warmup Iteration   5: 1.980 us/op
Iteration   1: 1.935 us/op
Iteration   2: 1.951 us/op
Iteration   3: 1.974 us/op
Iteration   4: 2.010 us/op
Iteration   5: 1.933 us/op
Iteration   6: 1.923 us/op
Iteration   7: 1.954 us/op
Iteration   8: 1.927 us/op
Iteration   9: 2.024 us/op
Iteration  10: 1.947 us/op

# Run progress: 73.46% complete, ETA 00:22:20
# Fork: 2 of 3
# Warmup Iteration   1: 2.505 us/op
# Warmup Iteration   2: 1.942 us/op
# Warmup Iteration   3: 1.921 us/op
# Warmup Iteration   4: 1.938 us/op
# Warmup Iteration   5: 1.926 us/op
Iteration   1: 1.923 us/op
Iteration   2: 1.932 us/op
Iteration   3: 1.944 us/op
Iteration   4: 1.938 us/op
Iteration   5: 1.952 us/op
Iteration   6: 1.917 us/op
Iteration   7: 1.940 us/op
Iteration   8: 1.937 us/op
Iteration   9: 1.923 us/op
Iteration  10: 1.928 us/op

# Run progress: 73.77% complete, ETA 00:22:05
# Fork: 3 of 3
# Warmup Iteration   1: 2.533 us/op
# Warmup Iteration   2: 1.945 us/op
# Warmup Iteration   3: 1.962 us/op
# Warmup Iteration   4: 1.987 us/op
# Warmup Iteration   5: 1.944 us/op
Iteration   1: 1.954 us/op
Iteration   2: 1.939 us/op
Iteration   3: 1.968 us/op
Iteration   4: 1.940 us/op
Iteration   5: 1.931 us/op
Iteration   6: 1.947 us/op
Iteration   7: 1.943 us/op
Iteration   8: 1.940 us/op
Iteration   9: 2.002 us/op
Iteration  10: 1.938 us/op


Result "de.splatgames.aether.datafixers.benchmarks.core.MultiFixChainBenchmark.renameChain":
  1.947 ±(99.9%) 0.017 us/op [Average]
  (min, avg, max) = (1.917, 1.947, 2.024), stdev = 0.026
  CI (99.9%): [1.930, 1.964] (assumes normal distribution)


# JMH version: 1.37
# VM version: JDK 17.0.18, OpenJDK 64-Bit Server VM, 17.0.18+8-Ubuntu-122.04.1
# VM invoker: /usr/lib/jvm/java-17-openjdk-amd64/bin/java
# VM options: -Xms4G -Xmx4G -XX:+UseG1GC -XX:+AlwaysPreTouch
# Blackhole mode: compiler (auto-detected, use -Djmh.blackhole.autoDetect=false to disable)
# Warmup: 5 iterations, 1 s each
# Measurement: 10 iterations, 1 s each
# Timeout: 10 min per iteration
# Threads: 1 thread, will synchronize iterations
# Benchmark mode: Average time, time/op
# Benchmark: de.splatgames.aether.datafixers.benchmarks.core.MultiFixChainBenchmark.renameChain
# Parameters: (fixCount = 25, payloadSize = SMALL)

# Run progress: 74.07% complete, ETA 00:21:49
# Fork: 1 of 3
# Warmup Iteration   1: 5.815 us/op
# Warmup Iteration   2: 4.469 us/op
# Warmup Iteration   3: 4.470 us/op
# Warmup Iteration   4: 4.463 us/op
# Warmup Iteration   5: 4.543 us/op
Iteration   1: 4.509 us/op
Iteration   2: 4.502 us/op
Iteration   3: 4.543 us/op
Iteration   4: 4.466 us/op
Iteration   5: 4.487 us/op
Iteration   6: 4.478 us/op
Iteration   7: 4.509 us/op
Iteration   8: 4.425 us/op
Iteration   9: 4.391 us/op
Iteration  10: 4.438 us/op

# Run progress: 74.38% complete, ETA 00:21:33
# Fork: 2 of 3
# Warmup Iteration   1: 6.209 us/op
# Warmup Iteration   2: 4.512 us/op
# Warmup Iteration   3: 4.657 us/op
# Warmup Iteration   4: 4.509 us/op
# Warmup Iteration   5: 4.522 us/op
Iteration   1: 4.514 us/op
Iteration   2: 4.637 us/op
Iteration   3: 4.490 us/op
Iteration   4: 4.479 us/op
Iteration   5: 4.481 us/op
Iteration   6: 4.518 us/op
Iteration   7: 4.882 us/op
Iteration   8: 4.698 us/op
Iteration   9: 4.505 us/op
Iteration  10: 4.532 us/op

# Run progress: 74.69% complete, ETA 00:21:18
# Fork: 3 of 3
# Warmup Iteration   1: 5.884 us/op
# Warmup Iteration   2: 4.443 us/op
# Warmup Iteration   3: 4.437 us/op
# Warmup Iteration   4: 4.446 us/op
# Warmup Iteration   5: 4.445 us/op
Iteration   1: 4.437 us/op
Iteration   2: 4.541 us/op
Iteration   3: 4.446 us/op
Iteration   4: 4.484 us/op
Iteration   5: 4.464 us/op
Iteration   6: 4.479 us/op
Iteration   7: 4.489 us/op
Iteration   8: 4.426 us/op
Iteration   9: 4.661 us/op
Iteration  10: 4.448 us/op


Result "de.splatgames.aether.datafixers.benchmarks.core.MultiFixChainBenchmark.renameChain":
  4.512 ±(99.9%) 0.065 us/op [Average]
  (min, avg, max) = (4.391, 4.512, 4.882), stdev = 0.097
  CI (99.9%): [4.447, 4.577] (assumes normal distribution)


# JMH version: 1.37
# VM version: JDK 17.0.18, OpenJDK 64-Bit Server VM, 17.0.18+8-Ubuntu-122.04.1
# VM invoker: /usr/lib/jvm/java-17-openjdk-amd64/bin/java
# VM options: -Xms4G -Xmx4G -XX:+UseG1GC -XX:+AlwaysPreTouch
# Blackhole mode: compiler (auto-detected, use -Djmh.blackhole.autoDetect=false to disable)
# Warmup: 5 iterations, 1 s each
# Measurement: 10 iterations, 1 s each
# Timeout: 10 min per iteration
# Threads: 1 thread, will synchronize iterations
# Benchmark mode: Average time, time/op
# Benchmark: de.splatgames.aether.datafixers.benchmarks.core.MultiFixChainBenchmark.renameChain
# Parameters: (fixCount = 25, payloadSize = MEDIUM)

# Run progress: 75.00% complete, ETA 00:21:02
# Fork: 1 of 3
# Warmup Iteration   1: 6.671 us/op
# Warmup Iteration   2: 5.240 us/op
# Warmup Iteration   3: 5.275 us/op
# Warmup Iteration   4: 5.257 us/op
# Warmup Iteration   5: 5.223 us/op
Iteration   1: 5.313 us/op
Iteration   2: 5.235 us/op
Iteration   3: 5.302 us/op
Iteration   4: 5.219 us/op
Iteration   5: 5.208 us/op
Iteration   6: 5.275 us/op
Iteration   7: 5.436 us/op
Iteration   8: 5.209 us/op
Iteration   9: 5.265 us/op
Iteration  10: 5.316 us/op

# Run progress: 75.31% complete, ETA 00:20:47
# Fork: 2 of 3
# Warmup Iteration   1: 6.047 us/op
# Warmup Iteration   2: 4.907 us/op
# Warmup Iteration   3: 4.887 us/op
# Warmup Iteration   4: 4.896 us/op
# Warmup Iteration   5: 4.886 us/op
Iteration   1: 4.959 us/op
Iteration   2: 4.874 us/op
Iteration   3: 4.900 us/op
Iteration   4: 4.895 us/op
Iteration   5: 4.973 us/op
Iteration   6: 4.843 us/op
Iteration   7: 4.854 us/op
Iteration   8: 4.931 us/op
Iteration   9: 4.922 us/op
Iteration  10: 4.879 us/op

# Run progress: 75.62% complete, ETA 00:20:31
# Fork: 3 of 3
# Warmup Iteration   1: 6.246 us/op
# Warmup Iteration   2: 4.954 us/op
# Warmup Iteration   3: 4.889 us/op
# Warmup Iteration   4: 5.017 us/op
# Warmup Iteration   5: 4.904 us/op
Iteration   1: 4.880 us/op
Iteration   2: 4.909 us/op
Iteration   3: 4.888 us/op
Iteration   4: 4.912 us/op
Iteration   5: 5.220 us/op
Iteration   6: 4.855 us/op
Iteration   7: 4.876 us/op
Iteration   8: 4.857 us/op
Iteration   9: 4.870 us/op
Iteration  10: 4.955 us/op


Result "de.splatgames.aether.datafixers.benchmarks.core.MultiFixChainBenchmark.renameChain":
  5.034 ±(99.9%) 0.128 us/op [Average]
  (min, avg, max) = (4.843, 5.034, 5.436), stdev = 0.191
  CI (99.9%): [4.907, 5.162] (assumes normal distribution)


# JMH version: 1.37
# VM version: JDK 17.0.18, OpenJDK 64-Bit Server VM, 17.0.18+8-Ubuntu-122.04.1
# VM invoker: /usr/lib/jvm/java-17-openjdk-amd64/bin/java
# VM options: -Xms4G -Xmx4G -XX:+UseG1GC -XX:+AlwaysPreTouch
# Blackhole mode: compiler (auto-detected, use -Djmh.blackhole.autoDetect=false to disable)
# Warmup: 5 iterations, 1 s each
# Measurement: 10 iterations, 1 s each
# Timeout: 10 min per iteration
# Threads: 1 thread, will synchronize iterations
# Benchmark mode: Average time, time/op
# Benchmark: de.splatgames.aether.datafixers.benchmarks.core.MultiFixChainBenchmark.renameChain
# Parameters: (fixCount = 50, payloadSize = SMALL)

# Run progress: 75.93% complete, ETA 00:20:15
# Fork: 1 of 3
# Warmup Iteration   1: 10.756 us/op
# Warmup Iteration   2: 8.997 us/op
# Warmup Iteration   3: 9.079 us/op
# Warmup Iteration   4: 8.769 us/op
# Warmup Iteration   5: 8.868 us/op
Iteration   1: 8.854 us/op
Iteration   2: 8.888 us/op
Iteration   3: 8.663 us/op
Iteration   4: 8.790 us/op
Iteration   5: 8.849 us/op
Iteration   6: 8.745 us/op
Iteration   7: 8.852 us/op
Iteration   8: 8.893 us/op
Iteration   9: 8.709 us/op
Iteration  10: 8.903 us/op

# Run progress: 76.23% complete, ETA 00:20:00
# Fork: 2 of 3
# Warmup Iteration   1: 10.573 us/op
# Warmup Iteration   2: 8.805 us/op
# Warmup Iteration   3: 8.720 us/op
# Warmup Iteration   4: 8.881 us/op
# Warmup Iteration   5: 8.578 us/op
Iteration   1: 8.638 us/op
Iteration   2: 8.727 us/op
Iteration   3: 8.700 us/op
Iteration   4: 8.878 us/op
Iteration   5: 8.651 us/op
Iteration   6: 8.770 us/op
Iteration   7: 8.785 us/op
Iteration   8: 8.683 us/op
Iteration   9: 8.891 us/op
Iteration  10: 8.785 us/op

# Run progress: 76.54% complete, ETA 00:19:44
# Fork: 3 of 3
# Warmup Iteration   1: 11.064 us/op
# Warmup Iteration   2: 8.778 us/op
# Warmup Iteration   3: 8.929 us/op
# Warmup Iteration   4: 9.018 us/op
# Warmup Iteration   5: 8.901 us/op
Iteration   1: 8.949 us/op
Iteration   2: 8.779 us/op
Iteration   3: 8.989 us/op
Iteration   4: 8.857 us/op
Iteration   5: 8.875 us/op
Iteration   6: 8.852 us/op
Iteration   7: 8.755 us/op
Iteration   8: 8.834 us/op
Iteration   9: 8.913 us/op
Iteration  10: 8.742 us/op


Result "de.splatgames.aether.datafixers.benchmarks.core.MultiFixChainBenchmark.renameChain":
  8.807 ±(99.9%) 0.062 us/op [Average]
  (min, avg, max) = (8.638, 8.807, 8.989), stdev = 0.092
  CI (99.9%): [8.745, 8.868] (assumes normal distribution)


# JMH version: 1.37
# VM version: JDK 17.0.18, OpenJDK 64-Bit Server VM, 17.0.18+8-Ubuntu-122.04.1
# VM invoker: /usr/lib/jvm/java-17-openjdk-amd64/bin/java
# VM options: -Xms4G -Xmx4G -XX:+UseG1GC -XX:+AlwaysPreTouch
# Blackhole mode: compiler (auto-detected, use -Djmh.blackhole.autoDetect=false to disable)
# Warmup: 5 iterations, 1 s each
# Measurement: 10 iterations, 1 s each
# Timeout: 10 min per iteration
# Threads: 1 thread, will synchronize iterations
# Benchmark mode: Average time, time/op
# Benchmark: de.splatgames.aether.datafixers.benchmarks.core.MultiFixChainBenchmark.renameChain
# Parameters: (fixCount = 50, payloadSize = MEDIUM)

# Run progress: 76.85% complete, ETA 00:19:29
# Fork: 1 of 3
# Warmup Iteration   1: 11.537 us/op
# Warmup Iteration   2: 9.752 us/op
# Warmup Iteration   3: 9.745 us/op
# Warmup Iteration   4: 9.516 us/op
# Warmup Iteration   5: 9.501 us/op
Iteration   1: 9.662 us/op
Iteration   2: 9.556 us/op
Iteration   3: 9.988 us/op
Iteration   4: 9.849 us/op
Iteration   5: 9.823 us/op
Iteration   6: 9.563 us/op
Iteration   7: 9.611 us/op
Iteration   8: 9.651 us/op
Iteration   9: 9.572 us/op
Iteration  10: 9.501 us/op

# Run progress: 77.16% complete, ETA 00:19:13
# Fork: 2 of 3
# Warmup Iteration   1: 11.495 us/op
# Warmup Iteration   2: 9.709 us/op
# Warmup Iteration   3: 9.585 us/op
# Warmup Iteration   4: 9.536 us/op
# Warmup Iteration   5: 9.524 us/op
Iteration   1: 9.530 us/op
Iteration   2: 9.564 us/op
Iteration   3: 9.669 us/op
Iteration   4: 9.613 us/op
Iteration   5: 9.691 us/op
Iteration   6: 9.584 us/op
Iteration   7: 9.686 us/op
Iteration   8: 9.630 us/op
Iteration   9: 9.623 us/op
Iteration  10: 9.718 us/op

# Run progress: 77.47% complete, ETA 00:18:58
# Fork: 3 of 3
# Warmup Iteration   1: 11.700 us/op
# Warmup Iteration   2: 9.834 us/op
# Warmup Iteration   3: 9.528 us/op
# Warmup Iteration   4: 9.438 us/op
# Warmup Iteration   5: 9.468 us/op
Iteration   1: 9.445 us/op
Iteration   2: 9.689 us/op
Iteration   3: 9.478 us/op
Iteration   4: 9.755 us/op
Iteration   5: 9.569 us/op
Iteration   6: 9.489 us/op
Iteration   7: 9.519 us/op
Iteration   8: 9.495 us/op
Iteration   9: 9.563 us/op
Iteration  10: 9.735 us/op


Result "de.splatgames.aether.datafixers.benchmarks.core.MultiFixChainBenchmark.renameChain":
  9.627 ±(99.9%) 0.081 us/op [Average]
  (min, avg, max) = (9.445, 9.627, 9.988), stdev = 0.121
  CI (99.9%): [9.547, 9.708] (assumes normal distribution)


# JMH version: 1.37
# VM version: JDK 17.0.18, OpenJDK 64-Bit Server VM, 17.0.18+8-Ubuntu-122.04.1
# VM invoker: /usr/lib/jvm/java-17-openjdk-amd64/bin/java
# VM options: -Xms4G -Xmx4G -XX:+UseG1GC -XX:+AlwaysPreTouch
# Blackhole mode: compiler (auto-detected, use -Djmh.blackhole.autoDetect=false to disable)
# Warmup: 5 iterations, 1 s each
# Measurement: 10 iterations, 1 s each
# Timeout: 10 min per iteration
# Threads: 1 thread, will synchronize iterations
# Benchmark mode: Average time, time/op
# Benchmark: de.splatgames.aether.datafixers.benchmarks.core.SchemaLookupBenchmark.exactLookup
# Parameters: (schemaCount = 10)

# Run progress: 77.78% complete, ETA 00:18:42
# Fork: 1 of 3
# Warmup Iteration   1: 14.900 ns/op
# Warmup Iteration   2: 15.011 ns/op
# Warmup Iteration   3: 9.003 ns/op
# Warmup Iteration   4: 9.454 ns/op
# Warmup Iteration   5: 9.648 ns/op
Iteration   1: 9.252 ns/op
Iteration   2: 9.467 ns/op
Iteration   3: 9.372 ns/op
Iteration   4: 9.476 ns/op
Iteration   5: 9.491 ns/op
Iteration   6: 9.387 ns/op
Iteration   7: 9.632 ns/op
Iteration   8: 8.938 ns/op
Iteration   9: 9.201 ns/op
Iteration  10: 9.585 ns/op

# Run progress: 78.09% complete, ETA 00:18:26
# Fork: 2 of 3
# Warmup Iteration   1: 14.007 ns/op
# Warmup Iteration   2: 13.790 ns/op
# Warmup Iteration   3: 8.650 ns/op
# Warmup Iteration   4: 9.102 ns/op
# Warmup Iteration   5: 9.611 ns/op
Iteration   1: 9.960 ns/op
Iteration   2: 9.376 ns/op
Iteration   3: 9.221 ns/op
Iteration   4: 9.094 ns/op
Iteration   5: 9.398 ns/op
Iteration   6: 9.840 ns/op
Iteration   7: 9.227 ns/op
Iteration   8: 9.189 ns/op
Iteration   9: 9.078 ns/op
Iteration  10: 9.579 ns/op

# Run progress: 78.40% complete, ETA 00:18:11
# Fork: 3 of 3
# Warmup Iteration   1: 14.753 ns/op
# Warmup Iteration   2: 14.885 ns/op
# Warmup Iteration   3: 8.697 ns/op
# Warmup Iteration   4: 9.025 ns/op
# Warmup Iteration   5: 9.225 ns/op
Iteration   1: 9.081 ns/op
Iteration   2: 9.007 ns/op
Iteration   3: 8.792 ns/op
Iteration   4: 9.148 ns/op
Iteration   5: 10.202 ns/op
Iteration   6: 8.923 ns/op
Iteration   7: 8.957 ns/op
Iteration   8: 8.856 ns/op
Iteration   9: 8.855 ns/op
Iteration  10: 9.424 ns/op


Result "de.splatgames.aether.datafixers.benchmarks.core.SchemaLookupBenchmark.exactLookup":
  9.300 ±(99.9%) 0.225 ns/op [Average]
  (min, avg, max) = (8.792, 9.300, 10.202), stdev = 0.336
  CI (99.9%): [9.076, 9.525] (assumes normal distribution)


# JMH version: 1.37
# VM version: JDK 17.0.18, OpenJDK 64-Bit Server VM, 17.0.18+8-Ubuntu-122.04.1
# VM invoker: /usr/lib/jvm/java-17-openjdk-amd64/bin/java
# VM options: -Xms4G -Xmx4G -XX:+UseG1GC -XX:+AlwaysPreTouch
# Blackhole mode: compiler (auto-detected, use -Djmh.blackhole.autoDetect=false to disable)
# Warmup: 5 iterations, 1 s each
# Measurement: 10 iterations, 1 s each
# Timeout: 10 min per iteration
# Threads: 1 thread, will synchronize iterations
# Benchmark mode: Average time, time/op
# Benchmark: de.splatgames.aether.datafixers.benchmarks.core.SchemaLookupBenchmark.exactLookup
# Parameters: (schemaCount = 50)

# Run progress: 78.70% complete, ETA 00:17:55
# Fork: 1 of 3
# Warmup Iteration   1: 23.638 ns/op
# Warmup Iteration   2: 22.978 ns/op
# Warmup Iteration   3: 23.203 ns/op
# Warmup Iteration   4: 23.910 ns/op
# Warmup Iteration   5: 23.107 ns/op
Iteration   1: 23.818 ns/op
Iteration   2: 23.893 ns/op
Iteration   3: 23.473 ns/op
Iteration   4: 23.661 ns/op
Iteration   5: 23.513 ns/op
Iteration   6: 23.950 ns/op
Iteration   7: 23.159 ns/op
Iteration   8: 23.604 ns/op
Iteration   9: 23.649 ns/op
Iteration  10: 23.938 ns/op

# Run progress: 79.01% complete, ETA 00:17:40
# Fork: 2 of 3
# Warmup Iteration   1: 23.470 ns/op
# Warmup Iteration   2: 22.548 ns/op
# Warmup Iteration   3: 23.940 ns/op
# Warmup Iteration   4: 24.220 ns/op
# Warmup Iteration   5: 23.476 ns/op
Iteration   1: 24.171 ns/op
Iteration   2: 23.922 ns/op
Iteration   3: 23.668 ns/op
Iteration   4: 24.995 ns/op
Iteration   5: 24.647 ns/op
Iteration   6: 24.889 ns/op
Iteration   7: 24.212 ns/op
Iteration   8: 23.790 ns/op
Iteration   9: 23.489 ns/op
Iteration  10: 24.177 ns/op

# Run progress: 79.32% complete, ETA 00:17:24
# Fork: 3 of 3
# Warmup Iteration   1: 23.263 ns/op
# Warmup Iteration   2: 23.262 ns/op
# Warmup Iteration   3: 23.789 ns/op
# Warmup Iteration   4: 24.613 ns/op
# Warmup Iteration   5: 23.875 ns/op
Iteration   1: 23.727 ns/op
Iteration   2: 24.068 ns/op
Iteration   3: 24.256 ns/op
Iteration   4: 24.482 ns/op
Iteration   5: 23.861 ns/op
Iteration   6: 24.055 ns/op
Iteration   7: 24.106 ns/op
Iteration   8: 24.303 ns/op
Iteration   9: 23.938 ns/op
Iteration  10: 24.049 ns/op


Result "de.splatgames.aether.datafixers.benchmarks.core.SchemaLookupBenchmark.exactLookup":
  23.982 ±(99.9%) 0.274 ns/op [Average]
  (min, avg, max) = (23.159, 23.982, 24.995), stdev = 0.411
  CI (99.9%): [23.708, 24.257] (assumes normal distribution)


# JMH version: 1.37
# VM version: JDK 17.0.18, OpenJDK 64-Bit Server VM, 17.0.18+8-Ubuntu-122.04.1
# VM invoker: /usr/lib/jvm/java-17-openjdk-amd64/bin/java
# VM options: -Xms4G -Xmx4G -XX:+UseG1GC -XX:+AlwaysPreTouch
# Blackhole mode: compiler (auto-detected, use -Djmh.blackhole.autoDetect=false to disable)
# Warmup: 5 iterations, 1 s each
# Measurement: 10 iterations, 1 s each
# Timeout: 10 min per iteration
# Threads: 1 thread, will synchronize iterations
# Benchmark mode: Average time, time/op
# Benchmark: de.splatgames.aether.datafixers.benchmarks.core.SchemaLookupBenchmark.exactLookup
# Parameters: (schemaCount = 100)

# Run progress: 79.63% complete, ETA 00:17:08
# Fork: 1 of 3
# Warmup Iteration   1: 32.319 ns/op
# Warmup Iteration   2: 31.342 ns/op
# Warmup Iteration   3: 33.184 ns/op
# Warmup Iteration   4: 33.566 ns/op
# Warmup Iteration   5: 33.463 ns/op
Iteration   1: 32.994 ns/op
Iteration   2: 33.194 ns/op
Iteration   3: 33.896 ns/op
Iteration   4: 33.279 ns/op
Iteration   5: 32.896 ns/op
Iteration   6: 33.164 ns/op
Iteration   7: 33.069 ns/op
Iteration   8: 34.213 ns/op
Iteration   9: 32.923 ns/op
Iteration  10: 33.097 ns/op

# Run progress: 79.94% complete, ETA 00:16:53
# Fork: 2 of 3
# Warmup Iteration   1: 32.175 ns/op
# Warmup Iteration   2: 31.575 ns/op
# Warmup Iteration   3: 32.578 ns/op
# Warmup Iteration   4: 33.006 ns/op
# Warmup Iteration   5: 33.022 ns/op
Iteration   1: 32.801 ns/op
Iteration   2: 33.322 ns/op
Iteration   3: 33.503 ns/op
Iteration   4: 32.903 ns/op
Iteration   5: 32.296 ns/op
Iteration   6: 33.203 ns/op
Iteration   7: 32.968 ns/op
Iteration   8: 33.802 ns/op
Iteration   9: 33.302 ns/op
Iteration  10: 33.071 ns/op

# Run progress: 80.25% complete, ETA 00:16:37
# Fork: 3 of 3
# Warmup Iteration   1: 32.621 ns/op
# Warmup Iteration   2: 32.194 ns/op
# Warmup Iteration   3: 33.118 ns/op
# Warmup Iteration   4: 33.329 ns/op
# Warmup Iteration   5: 33.556 ns/op
Iteration   1: 32.809 ns/op
Iteration   2: 33.644 ns/op
Iteration   3: 33.276 ns/op
Iteration   4: 33.194 ns/op
Iteration   5: 32.706 ns/op
Iteration   6: 33.099 ns/op
Iteration   7: 33.464 ns/op
Iteration   8: 35.005 ns/op
Iteration   9: 34.118 ns/op
Iteration  10: 34.484 ns/op


Result "de.splatgames.aether.datafixers.benchmarks.core.SchemaLookupBenchmark.exactLookup":
  33.323 ±(99.9%) 0.379 ns/op [Average]
  (min, avg, max) = (32.296, 33.323, 35.005), stdev = 0.568
  CI (99.9%): [32.944, 33.703] (assumes normal distribution)


# JMH version: 1.37
# VM version: JDK 17.0.18, OpenJDK 64-Bit Server VM, 17.0.18+8-Ubuntu-122.04.1
# VM invoker: /usr/lib/jvm/java-17-openjdk-amd64/bin/java
# VM options: -Xms4G -Xmx4G -XX:+UseG1GC -XX:+AlwaysPreTouch
# Blackhole mode: compiler (auto-detected, use -Djmh.blackhole.autoDetect=false to disable)
# Warmup: 5 iterations, 1 s each
# Measurement: 10 iterations, 1 s each
# Timeout: 10 min per iteration
# Threads: 1 thread, will synchronize iterations
# Benchmark mode: Average time, time/op
# Benchmark: de.splatgames.aether.datafixers.benchmarks.core.SchemaLookupBenchmark.exactLookup
# Parameters: (schemaCount = 500)

# Run progress: 80.56% complete, ETA 00:16:22
# Fork: 1 of 3
# Warmup Iteration   1: 49.892 ns/op
# Warmup Iteration   2: 48.697 ns/op
# Warmup Iteration   3: 52.212 ns/op
# Warmup Iteration   4: 52.240 ns/op
# Warmup Iteration   5: 51.863 ns/op
Iteration   1: 51.404 ns/op
Iteration   2: 51.831 ns/op
Iteration   3: 52.113 ns/op
Iteration   4: 51.979 ns/op
Iteration   5: 52.335 ns/op
Iteration   6: 52.259 ns/op
Iteration   7: 52.399 ns/op
Iteration   8: 52.194 ns/op
Iteration   9: 51.772 ns/op
Iteration  10: 51.985 ns/op

# Run progress: 80.86% complete, ETA 00:16:06
# Fork: 2 of 3
# Warmup Iteration   1: 48.137 ns/op
# Warmup Iteration   2: 48.402 ns/op
# Warmup Iteration   3: 51.434 ns/op
# Warmup Iteration   4: 50.986 ns/op
# Warmup Iteration   5: 51.511 ns/op
Iteration   1: 50.775 ns/op
Iteration   2: 50.787 ns/op
Iteration   3: 51.265 ns/op
Iteration   4: 50.631 ns/op
Iteration   5: 50.744 ns/op
Iteration   6: 51.006 ns/op
Iteration   7: 51.861 ns/op
Iteration   8: 51.546 ns/op
Iteration   9: 51.085 ns/op
Iteration  10: 51.979 ns/op

# Run progress: 81.17% complete, ETA 00:15:50
# Fork: 3 of 3
# Warmup Iteration   1: 48.298 ns/op
# Warmup Iteration   2: 48.759 ns/op
# Warmup Iteration   3: 50.216 ns/op
# Warmup Iteration   4: 51.094 ns/op
# Warmup Iteration   5: 51.215 ns/op
Iteration   1: 51.128 ns/op
Iteration   2: 51.842 ns/op
Iteration   3: 51.657 ns/op
Iteration   4: 51.144 ns/op
Iteration   5: 52.230 ns/op
Iteration   6: 51.522 ns/op
Iteration   7: 52.108 ns/op
Iteration   8: 52.255 ns/op
Iteration   9: 51.067 ns/op
Iteration  10: 52.071 ns/op


Result "de.splatgames.aether.datafixers.benchmarks.core.SchemaLookupBenchmark.exactLookup":
  51.632 ±(99.9%) 0.365 ns/op [Average]
  (min, avg, max) = (50.631, 51.632, 52.399), stdev = 0.546
  CI (99.9%): [51.267, 51.997] (assumes normal distribution)


# JMH version: 1.37
# VM version: JDK 17.0.18, OpenJDK 64-Bit Server VM, 17.0.18+8-Ubuntu-122.04.1
# VM invoker: /usr/lib/jvm/java-17-openjdk-amd64/bin/java
# VM options: -Xms4G -Xmx4G -XX:+UseG1GC -XX:+AlwaysPreTouch
# Blackhole mode: compiler (auto-detected, use -Djmh.blackhole.autoDetect=false to disable)
# Warmup: 5 iterations, 1 s each
# Measurement: 10 iterations, 1 s each
# Timeout: 10 min per iteration
# Threads: 1 thread, will synchronize iterations
# Benchmark mode: Average time, time/op
# Benchmark: de.splatgames.aether.datafixers.benchmarks.core.SchemaLookupBenchmark.floorLookup
# Parameters: (schemaCount = 10)

# Run progress: 81.48% complete, ETA 00:15:35
# Fork: 1 of 3
# Warmup Iteration   1: 20.040 ns/op
# Warmup Iteration   2: 20.022 ns/op
# Warmup Iteration   3: 15.800 ns/op
# Warmup Iteration   4: 15.133 ns/op
# Warmup Iteration   5: 16.528 ns/op
Iteration   1: 15.960 ns/op
Iteration   2: 15.775 ns/op
Iteration   3: 15.310 ns/op
Iteration   4: 15.771 ns/op
Iteration   5: 16.312 ns/op
Iteration   6: 15.922 ns/op
Iteration   7: 16.383 ns/op
Iteration   8: 16.198 ns/op
Iteration   9: 16.182 ns/op
Iteration  10: 15.906 ns/op

# Run progress: 81.79% complete, ETA 00:15:19
# Fork: 2 of 3
# Warmup Iteration   1: 20.350 ns/op
# Warmup Iteration   2: 20.107 ns/op
# Warmup Iteration   3: 15.861 ns/op
# Warmup Iteration   4: 15.696 ns/op
# Warmup Iteration   5: 16.236 ns/op
Iteration   1: 15.507 ns/op
Iteration   2: 15.797 ns/op
Iteration   3: 14.993 ns/op
Iteration   4: 16.251 ns/op
Iteration   5: 16.503 ns/op
Iteration   6: 15.742 ns/op
Iteration   7: 16.460 ns/op
Iteration   8: 16.128 ns/op
Iteration   9: 16.053 ns/op
Iteration  10: 15.674 ns/op

# Run progress: 82.10% complete, ETA 00:15:04
# Fork: 3 of 3
# Warmup Iteration   1: 19.619 ns/op
# Warmup Iteration   2: 19.971 ns/op
# Warmup Iteration   3: 16.125 ns/op
# Warmup Iteration   4: 16.091 ns/op
# Warmup Iteration   5: 16.162 ns/op
Iteration   1: 16.218 ns/op
Iteration   2: 16.005 ns/op
Iteration   3: 15.821 ns/op
Iteration   4: 16.249 ns/op
Iteration   5: 17.198 ns/op
Iteration   6: 16.004 ns/op
Iteration   7: 16.890 ns/op
Iteration   8: 17.177 ns/op
Iteration   9: 16.313 ns/op
Iteration  10: 16.122 ns/op


Result "de.splatgames.aether.datafixers.benchmarks.core.SchemaLookupBenchmark.floorLookup":
  16.094 ±(99.9%) 0.317 ns/op [Average]
  (min, avg, max) = (14.993, 16.094, 17.198), stdev = 0.475
  CI (99.9%): [15.777, 16.411] (assumes normal distribution)


# JMH version: 1.37
# VM version: JDK 17.0.18, OpenJDK 64-Bit Server VM, 17.0.18+8-Ubuntu-122.04.1
# VM invoker: /usr/lib/jvm/java-17-openjdk-amd64/bin/java
# VM options: -Xms4G -Xmx4G -XX:+UseG1GC -XX:+AlwaysPreTouch
# Blackhole mode: compiler (auto-detected, use -Djmh.blackhole.autoDetect=false to disable)
# Warmup: 5 iterations, 1 s each
# Measurement: 10 iterations, 1 s each
# Timeout: 10 min per iteration
# Threads: 1 thread, will synchronize iterations
# Benchmark mode: Average time, time/op
# Benchmark: de.splatgames.aether.datafixers.benchmarks.core.SchemaLookupBenchmark.floorLookup
# Parameters: (schemaCount = 50)

# Run progress: 82.41% complete, ETA 00:14:48
# Fork: 1 of 3
# Warmup Iteration   1: 31.420 ns/op
# Warmup Iteration   2: 30.901 ns/op
# Warmup Iteration   3: 28.843 ns/op
# Warmup Iteration   4: 29.258 ns/op
# Warmup Iteration   5: 28.592 ns/op
Iteration   1: 27.850 ns/op
Iteration   2: 28.774 ns/op
Iteration   3: 28.411 ns/op
Iteration   4: 28.323 ns/op
Iteration   5: 29.163 ns/op
Iteration   6: 29.651 ns/op
Iteration   7: 29.962 ns/op
Iteration   8: 27.872 ns/op
Iteration   9: 28.721 ns/op
Iteration  10: 29.027 ns/op

# Run progress: 82.72% complete, ETA 00:14:32
# Fork: 2 of 3
# Warmup Iteration   1: 31.758 ns/op
# Warmup Iteration   2: 32.404 ns/op
# Warmup Iteration   3: 32.001 ns/op
# Warmup Iteration   4: 32.103 ns/op
# Warmup Iteration   5: 31.180 ns/op
Iteration   1: 31.481 ns/op
Iteration   2: 31.493 ns/op
Iteration   3: 31.599 ns/op
Iteration   4: 31.740 ns/op
Iteration   5: 31.445 ns/op
Iteration   6: 31.561 ns/op
Iteration   7: 31.656 ns/op
Iteration   8: 31.264 ns/op
Iteration   9: 32.602 ns/op
Iteration  10: 32.001 ns/op

# Run progress: 83.02% complete, ETA 00:14:17
# Fork: 3 of 3
# Warmup Iteration   1: 31.739 ns/op
# Warmup Iteration   2: 31.333 ns/op
# Warmup Iteration   3: 29.842 ns/op
# Warmup Iteration   4: 29.014 ns/op
# Warmup Iteration   5: 29.121 ns/op
Iteration   1: 28.036 ns/op
Iteration   2: 29.366 ns/op
Iteration   3: 28.307 ns/op
Iteration   4: 28.808 ns/op
Iteration   5: 29.130 ns/op
Iteration   6: 28.224 ns/op
Iteration   7: 29.032 ns/op
Iteration   8: 27.997 ns/op
Iteration   9: 29.111 ns/op
Iteration  10: 28.686 ns/op


Result "de.splatgames.aether.datafixers.benchmarks.core.SchemaLookupBenchmark.floorLookup":
  29.710 ±(99.9%) 1.011 ns/op [Average]
  (min, avg, max) = (27.850, 29.710, 32.602), stdev = 1.514
  CI (99.9%): [28.698, 30.721] (assumes normal distribution)


# JMH version: 1.37
# VM version: JDK 17.0.18, OpenJDK 64-Bit Server VM, 17.0.18+8-Ubuntu-122.04.1
# VM invoker: /usr/lib/jvm/java-17-openjdk-amd64/bin/java
# VM options: -Xms4G -Xmx4G -XX:+UseG1GC -XX:+AlwaysPreTouch
# Blackhole mode: compiler (auto-detected, use -Djmh.blackhole.autoDetect=false to disable)
# Warmup: 5 iterations, 1 s each
# Measurement: 10 iterations, 1 s each
# Timeout: 10 min per iteration
# Threads: 1 thread, will synchronize iterations
# Benchmark mode: Average time, time/op
# Benchmark: de.splatgames.aether.datafixers.benchmarks.core.SchemaLookupBenchmark.floorLookup
# Parameters: (schemaCount = 100)

# Run progress: 83.33% complete, ETA 00:14:01
# Fork: 1 of 3
# Warmup Iteration   1: 38.585 ns/op
# Warmup Iteration   2: 38.075 ns/op
# Warmup Iteration   3: 34.927 ns/op
# Warmup Iteration   4: 34.260 ns/op
# Warmup Iteration   5: 34.239 ns/op
Iteration   1: 34.662 ns/op
Iteration   2: 34.550 ns/op
Iteration   3: 33.858 ns/op
Iteration   4: 34.931 ns/op
Iteration   5: 35.064 ns/op
Iteration   6: 34.399 ns/op
Iteration   7: 34.691 ns/op
Iteration   8: 34.402 ns/op
Iteration   9: 34.853 ns/op
Iteration  10: 34.458 ns/op

# Run progress: 83.64% complete, ETA 00:13:46
# Fork: 2 of 3
# Warmup Iteration   1: 38.390 ns/op
# Warmup Iteration   2: 38.359 ns/op
# Warmup Iteration   3: 38.305 ns/op
# Warmup Iteration   4: 38.438 ns/op
# Warmup Iteration   5: 38.961 ns/op
Iteration   1: 37.938 ns/op
Iteration   2: 38.418 ns/op
Iteration   3: 38.167 ns/op
Iteration   4: 39.037 ns/op
Iteration   5: 38.017 ns/op
Iteration   6: 37.697 ns/op
Iteration   7: 38.454 ns/op
Iteration   8: 37.957 ns/op
Iteration   9: 38.492 ns/op
Iteration  10: 38.698 ns/op

# Run progress: 83.95% complete, ETA 00:13:30
# Fork: 3 of 3
# Warmup Iteration   1: 38.549 ns/op
# Warmup Iteration   2: 37.783 ns/op
# Warmup Iteration   3: 34.656 ns/op
# Warmup Iteration   4: 34.928 ns/op
# Warmup Iteration   5: 34.605 ns/op
Iteration   1: 34.892 ns/op
Iteration   2: 35.217 ns/op
Iteration   3: 34.126 ns/op
Iteration   4: 34.679 ns/op
Iteration   5: 35.294 ns/op
Iteration   6: 34.144 ns/op
Iteration   7: 35.750 ns/op
Iteration   8: 34.718 ns/op
Iteration   9: 35.157 ns/op
Iteration  10: 34.269 ns/op


Result "de.splatgames.aether.datafixers.benchmarks.core.SchemaLookupBenchmark.floorLookup":
  35.900 ±(99.9%) 1.183 ns/op [Average]
  (min, avg, max) = (33.858, 35.900, 39.037), stdev = 1.771
  CI (99.9%): [34.716, 37.083] (assumes normal distribution)


# JMH version: 1.37
# VM version: JDK 17.0.18, OpenJDK 64-Bit Server VM, 17.0.18+8-Ubuntu-122.04.1
# VM invoker: /usr/lib/jvm/java-17-openjdk-amd64/bin/java
# VM options: -Xms4G -Xmx4G -XX:+UseG1GC -XX:+AlwaysPreTouch
# Blackhole mode: compiler (auto-detected, use -Djmh.blackhole.autoDetect=false to disable)
# Warmup: 5 iterations, 1 s each
# Measurement: 10 iterations, 1 s each
# Timeout: 10 min per iteration
# Threads: 1 thread, will synchronize iterations
# Benchmark mode: Average time, time/op
# Benchmark: de.splatgames.aether.datafixers.benchmarks.core.SchemaLookupBenchmark.floorLookup
# Parameters: (schemaCount = 500)

# Run progress: 84.26% complete, ETA 00:13:14
# Fork: 1 of 3
# Warmup Iteration   1: 54.991 ns/op
# Warmup Iteration   2: 53.035 ns/op
# Warmup Iteration   3: 53.383 ns/op
# Warmup Iteration   4: 53.074 ns/op
# Warmup Iteration   5: 53.507 ns/op
Iteration   1: 53.311 ns/op
Iteration   2: 52.962 ns/op
Iteration   3: 52.530 ns/op
Iteration   4: 52.751 ns/op
Iteration   5: 54.408 ns/op
Iteration   6: 52.849 ns/op
Iteration   7: 53.178 ns/op
Iteration   8: 53.015 ns/op
Iteration   9: 52.988 ns/op
Iteration  10: 53.989 ns/op

# Run progress: 84.57% complete, ETA 00:12:59
# Fork: 2 of 3
# Warmup Iteration   1: 55.373 ns/op
# Warmup Iteration   2: 54.395 ns/op
# Warmup Iteration   3: 53.832 ns/op
# Warmup Iteration   4: 54.271 ns/op
# Warmup Iteration   5: 54.046 ns/op
Iteration   1: 54.313 ns/op
Iteration   2: 54.223 ns/op
Iteration   3: 54.263 ns/op
Iteration   4: 54.663 ns/op
Iteration   5: 54.079 ns/op
Iteration   6: 55.414 ns/op
Iteration   7: 54.003 ns/op
Iteration   8: 53.220 ns/op
Iteration   9: 53.131 ns/op
Iteration  10: 53.347 ns/op

# Run progress: 84.88% complete, ETA 00:12:43
# Fork: 3 of 3
# Warmup Iteration   1: 54.919 ns/op
# Warmup Iteration   2: 53.674 ns/op
# Warmup Iteration   3: 53.621 ns/op
# Warmup Iteration   4: 53.590 ns/op
# Warmup Iteration   5: 52.945 ns/op
Iteration   1: 52.982 ns/op
Iteration   2: 52.750 ns/op
Iteration   3: 52.743 ns/op
Iteration   4: 53.076 ns/op
Iteration   5: 54.137 ns/op
Iteration   6: 52.328 ns/op
Iteration   7: 54.110 ns/op
Iteration   8: 53.889 ns/op
Iteration   9: 52.656 ns/op
Iteration  10: 53.751 ns/op


Result "de.splatgames.aether.datafixers.benchmarks.core.SchemaLookupBenchmark.floorLookup":
  53.502 ±(99.9%) 0.499 ns/op [Average]
  (min, avg, max) = (52.328, 53.502, 55.414), stdev = 0.747
  CI (99.9%): [53.003, 54.001] (assumes normal distribution)


# JMH version: 1.37
# VM version: JDK 17.0.18, OpenJDK 64-Bit Server VM, 17.0.18+8-Ubuntu-122.04.1
# VM invoker: /usr/lib/jvm/java-17-openjdk-amd64/bin/java
# VM options: -Xms4G -Xmx4G -XX:+UseG1GC -XX:+AlwaysPreTouch
# Blackhole mode: compiler (auto-detected, use -Djmh.blackhole.autoDetect=false to disable)
# Warmup: 5 iterations, 1 s each
# Measurement: 10 iterations, 1 s each
# Timeout: 10 min per iteration
# Threads: 1 thread, will synchronize iterations
# Benchmark mode: Average time, time/op
# Benchmark: de.splatgames.aether.datafixers.benchmarks.core.SchemaLookupBenchmark.latestLookup
# Parameters: (schemaCount = 10)

# Run progress: 85.19% complete, ETA 00:12:28
# Fork: 1 of 3
# Warmup Iteration   1: 5.318 ns/op
# Warmup Iteration   2: 5.142 ns/op
# Warmup Iteration   3: 5.715 ns/op
# Warmup Iteration   4: 5.698 ns/op
# Warmup Iteration   5: 5.698 ns/op
Iteration   1: 5.643 ns/op
Iteration   2: 5.820 ns/op
Iteration   3: 5.882 ns/op
Iteration   4: 5.726 ns/op
Iteration   5: 5.813 ns/op
Iteration   6: 5.838 ns/op
Iteration   7: 5.724 ns/op
Iteration   8: 5.708 ns/op
Iteration   9: 5.766 ns/op
Iteration  10: 5.741 ns/op

# Run progress: 85.49% complete, ETA 00:12:12
# Fork: 2 of 3
# Warmup Iteration   1: 5.365 ns/op
# Warmup Iteration   2: 5.208 ns/op
# Warmup Iteration   3: 5.715 ns/op
# Warmup Iteration   4: 5.728 ns/op
# Warmup Iteration   5: 5.723 ns/op
Iteration   1: 5.726 ns/op
Iteration   2: 5.725 ns/op
Iteration   3: 5.723 ns/op
Iteration   4: 5.834 ns/op
Iteration   5: 5.735 ns/op
Iteration   6: 5.697 ns/op
Iteration   7: 5.774 ns/op
Iteration   8: 5.705 ns/op
Iteration   9: 5.691 ns/op
Iteration  10: 5.709 ns/op

# Run progress: 85.80% complete, ETA 00:11:57
# Fork: 3 of 3
# Warmup Iteration   1: 5.492 ns/op
# Warmup Iteration   2: 5.320 ns/op
# Warmup Iteration   3: 5.715 ns/op
# Warmup Iteration   4: 5.849 ns/op
# Warmup Iteration   5: 5.748 ns/op
Iteration   1: 5.733 ns/op
Iteration   2: 5.828 ns/op
Iteration   3: 5.740 ns/op
Iteration   4: 5.732 ns/op
Iteration   5: 5.776 ns/op
Iteration   6: 5.707 ns/op
Iteration   7: 5.663 ns/op
Iteration   8: 5.667 ns/op
Iteration   9: 5.706 ns/op
Iteration  10: 5.713 ns/op


Result "de.splatgames.aether.datafixers.benchmarks.core.SchemaLookupBenchmark.latestLookup":
  5.742 ±(99.9%) 0.038 ns/op [Average]
  (min, avg, max) = (5.643, 5.742, 5.882), stdev = 0.057
  CI (99.9%): [5.704, 5.780] (assumes normal distribution)


# JMH version: 1.37
# VM version: JDK 17.0.18, OpenJDK 64-Bit Server VM, 17.0.18+8-Ubuntu-122.04.1
# VM invoker: /usr/lib/jvm/java-17-openjdk-amd64/bin/java
# VM options: -Xms4G -Xmx4G -XX:+UseG1GC -XX:+AlwaysPreTouch
# Blackhole mode: compiler (auto-detected, use -Djmh.blackhole.autoDetect=false to disable)
# Warmup: 5 iterations, 1 s each
# Measurement: 10 iterations, 1 s each
# Timeout: 10 min per iteration
# Threads: 1 thread, will synchronize iterations
# Benchmark mode: Average time, time/op
# Benchmark: de.splatgames.aether.datafixers.benchmarks.core.SchemaLookupBenchmark.latestLookup
# Parameters: (schemaCount = 50)

# Run progress: 86.11% complete, ETA 00:11:41
# Fork: 1 of 3
# Warmup Iteration   1: 6.280 ns/op
# Warmup Iteration   2: 6.111 ns/op
# Warmup Iteration   3: 6.824 ns/op
# Warmup Iteration   4: 6.750 ns/op
# Warmup Iteration   5: 6.747 ns/op
Iteration   1: 6.795 ns/op
Iteration   2: 6.777 ns/op
Iteration   3: 6.842 ns/op
Iteration   4: 6.831 ns/op
Iteration   5: 6.866 ns/op
Iteration   6: 6.958 ns/op
Iteration   7: 6.822 ns/op
Iteration   8: 6.793 ns/op
Iteration   9: 6.854 ns/op
Iteration  10: 6.869 ns/op

# Run progress: 86.42% complete, ETA 00:11:25
# Fork: 2 of 3
# Warmup Iteration   1: 6.777 ns/op
# Warmup Iteration   2: 6.075 ns/op
# Warmup Iteration   3: 6.863 ns/op
# Warmup Iteration   4: 6.804 ns/op
# Warmup Iteration   5: 6.950 ns/op
Iteration   1: 6.822 ns/op
Iteration   2: 6.779 ns/op
Iteration   3: 6.923 ns/op
Iteration   4: 7.146 ns/op
Iteration   5: 6.831 ns/op
Iteration   6: 6.797 ns/op
Iteration   7: 6.843 ns/op
Iteration   8: 6.876 ns/op
Iteration   9: 6.883 ns/op
Iteration  10: 6.998 ns/op

# Run progress: 86.73% complete, ETA 00:11:10
# Fork: 3 of 3
# Warmup Iteration   1: 6.270 ns/op
# Warmup Iteration   2: 6.058 ns/op
# Warmup Iteration   3: 6.772 ns/op
# Warmup Iteration   4: 6.802 ns/op
# Warmup Iteration   5: 6.805 ns/op
Iteration   1: 6.799 ns/op
Iteration   2: 6.855 ns/op
Iteration   3: 6.876 ns/op
Iteration   4: 6.788 ns/op
Iteration   5: 7.033 ns/op
Iteration   6: 7.311 ns/op
Iteration   7: 7.059 ns/op
Iteration   8: 7.071 ns/op
Iteration   9: 7.118 ns/op
Iteration  10: 7.159 ns/op


Result "de.splatgames.aether.datafixers.benchmarks.core.SchemaLookupBenchmark.latestLookup":
  6.912 ±(99.9%) 0.092 ns/op [Average]
  (min, avg, max) = (6.777, 6.912, 7.311), stdev = 0.137
  CI (99.9%): [6.821, 7.004] (assumes normal distribution)


# JMH version: 1.37
# VM version: JDK 17.0.18, OpenJDK 64-Bit Server VM, 17.0.18+8-Ubuntu-122.04.1
# VM invoker: /usr/lib/jvm/java-17-openjdk-amd64/bin/java
# VM options: -Xms4G -Xmx4G -XX:+UseG1GC -XX:+AlwaysPreTouch
# Blackhole mode: compiler (auto-detected, use -Djmh.blackhole.autoDetect=false to disable)
# Warmup: 5 iterations, 1 s each
# Measurement: 10 iterations, 1 s each
# Timeout: 10 min per iteration
# Threads: 1 thread, will synchronize iterations
# Benchmark mode: Average time, time/op
# Benchmark: de.splatgames.aether.datafixers.benchmarks.core.SchemaLookupBenchmark.latestLookup
# Parameters: (schemaCount = 100)

# Run progress: 87.04% complete, ETA 00:10:54
# Fork: 1 of 3
# Warmup Iteration   1: 7.156 ns/op
# Warmup Iteration   2: 6.918 ns/op
# Warmup Iteration   3: 7.169 ns/op
# Warmup Iteration   4: 7.223 ns/op
# Warmup Iteration   5: 7.206 ns/op
Iteration   1: 7.174 ns/op
Iteration   2: 7.184 ns/op
Iteration   3: 7.225 ns/op
Iteration   4: 7.163 ns/op
Iteration   5: 7.188 ns/op
Iteration   6: 7.215 ns/op
Iteration   7: 7.221 ns/op
Iteration   8: 7.176 ns/op
Iteration   9: 7.275 ns/op
Iteration  10: 7.359 ns/op

# Run progress: 87.35% complete, ETA 00:10:39
# Fork: 2 of 3
# Warmup Iteration   1: 7.053 ns/op
# Warmup Iteration   2: 6.913 ns/op
# Warmup Iteration   3: 7.200 ns/op
# Warmup Iteration   4: 7.201 ns/op
# Warmup Iteration   5: 7.244 ns/op
Iteration   1: 7.266 ns/op
Iteration   2: 7.221 ns/op
Iteration   3: 7.382 ns/op
Iteration   4: 7.217 ns/op
Iteration   5: 7.174 ns/op
Iteration   6: 7.147 ns/op
Iteration   7: 7.166 ns/op
Iteration   8: 7.164 ns/op
Iteration   9: 7.138 ns/op
Iteration  10: 7.151 ns/op

# Run progress: 87.65% complete, ETA 00:10:23
# Fork: 3 of 3
# Warmup Iteration   1: 7.024 ns/op
# Warmup Iteration   2: 6.835 ns/op
# Warmup Iteration   3: 7.215 ns/op
# Warmup Iteration   4: 7.145 ns/op
# Warmup Iteration   5: 7.124 ns/op
Iteration   1: 7.193 ns/op
Iteration   2: 7.660 ns/op
Iteration   3: 7.236 ns/op
Iteration   4: 7.204 ns/op
Iteration   5: 7.206 ns/op
Iteration   6: 7.240 ns/op
Iteration   7: 7.296 ns/op
Iteration   8: 7.279 ns/op
Iteration   9: 7.181 ns/op
Iteration  10: 7.174 ns/op


Result "de.splatgames.aether.datafixers.benchmarks.core.SchemaLookupBenchmark.latestLookup":
  7.229 ±(99.9%) 0.067 ns/op [Average]
  (min, avg, max) = (7.138, 7.229, 7.660), stdev = 0.100
  CI (99.9%): [7.162, 7.296] (assumes normal distribution)


# JMH version: 1.37
# VM version: JDK 17.0.18, OpenJDK 64-Bit Server VM, 17.0.18+8-Ubuntu-122.04.1
# VM invoker: /usr/lib/jvm/java-17-openjdk-amd64/bin/java
# VM options: -Xms4G -Xmx4G -XX:+UseG1GC -XX:+AlwaysPreTouch
# Blackhole mode: compiler (auto-detected, use -Djmh.blackhole.autoDetect=false to disable)
# Warmup: 5 iterations, 1 s each
# Measurement: 10 iterations, 1 s each
# Timeout: 10 min per iteration
# Threads: 1 thread, will synchronize iterations
# Benchmark mode: Average time, time/op
# Benchmark: de.splatgames.aether.datafixers.benchmarks.core.SchemaLookupBenchmark.latestLookup
# Parameters: (schemaCount = 500)

# Run progress: 87.96% complete, ETA 00:10:07
# Fork: 1 of 3
# Warmup Iteration   1: 8.113 ns/op
# Warmup Iteration   2: 8.160 ns/op
# Warmup Iteration   3: 8.413 ns/op
# Warmup Iteration   4: 8.682 ns/op
# Warmup Iteration   5: 8.446 ns/op
Iteration   1: 8.339 ns/op
Iteration   2: 8.458 ns/op
Iteration   3: 8.374 ns/op
Iteration   4: 8.239 ns/op
Iteration   5: 8.190 ns/op
Iteration   6: 8.206 ns/op
Iteration   7: 8.199 ns/op
Iteration   8: 8.232 ns/op
Iteration   9: 8.216 ns/op
Iteration  10: 8.207 ns/op

# Run progress: 88.27% complete, ETA 00:09:52
# Fork: 2 of 3
# Warmup Iteration   1: 8.075 ns/op
# Warmup Iteration   2: 8.127 ns/op
# Warmup Iteration   3: 8.340 ns/op
# Warmup Iteration   4: 8.361 ns/op
# Warmup Iteration   5: 8.331 ns/op
Iteration   1: 8.277 ns/op
Iteration   2: 8.273 ns/op
Iteration   3: 8.236 ns/op
Iteration   4: 8.296 ns/op
Iteration   5: 8.298 ns/op
Iteration   6: 8.300 ns/op
Iteration   7: 8.406 ns/op
Iteration   8: 8.303 ns/op
Iteration   9: 8.418 ns/op
Iteration  10: 8.270 ns/op

# Run progress: 88.58% complete, ETA 00:09:36
# Fork: 3 of 3
# Warmup Iteration   1: 8.187 ns/op
# Warmup Iteration   2: 8.123 ns/op
# Warmup Iteration   3: 8.338 ns/op
# Warmup Iteration   4: 8.363 ns/op
# Warmup Iteration   5: 8.366 ns/op
Iteration   1: 8.481 ns/op
Iteration   2: 8.369 ns/op
Iteration   3: 8.310 ns/op
Iteration   4: 8.319 ns/op
Iteration   5: 8.414 ns/op
Iteration   6: 8.842 ns/op
Iteration   7: 8.356 ns/op
Iteration   8: 8.238 ns/op
Iteration   9: 8.319 ns/op
Iteration  10: 8.377 ns/op


Result "de.splatgames.aether.datafixers.benchmarks.core.SchemaLookupBenchmark.latestLookup":
  8.325 ±(99.9%) 0.084 ns/op [Average]
  (min, avg, max) = (8.190, 8.325, 8.842), stdev = 0.126
  CI (99.9%): [8.241, 8.409] (assumes normal distribution)


# JMH version: 1.37
# VM version: JDK 17.0.18, OpenJDK 64-Bit Server VM, 17.0.18+8-Ubuntu-122.04.1
# VM invoker: /usr/lib/jvm/java-17-openjdk-amd64/bin/java
# VM options: -Xms4G -Xmx4G -XX:+UseG1GC -XX:+AlwaysPreTouch
# Blackhole mode: compiler (auto-detected, use -Djmh.blackhole.autoDetect=false to disable)
# Warmup: 5 iterations, 1 s each
# Measurement: 10 iterations, 1 s each
# Timeout: 10 min per iteration
# Threads: 1 thread, will synchronize iterations
# Benchmark mode: Average time, time/op
# Benchmark: de.splatgames.aether.datafixers.benchmarks.core.SchemaLookupBenchmark.sequentialLookup
# Parameters: (schemaCount = 10)

# Run progress: 88.89% complete, ETA 00:09:21
# Fork: 1 of 3
# Warmup Iteration   1: 64.522 ns/op
# Warmup Iteration   2: 63.011 ns/op
# Warmup Iteration   3: 67.792 ns/op
# Warmup Iteration   4: 68.679 ns/op
# Warmup Iteration   5: 71.227 ns/op
Iteration   1: 67.583 ns/op
Iteration   2: 67.789 ns/op
Iteration   3: 68.195 ns/op
Iteration   4: 68.091 ns/op
Iteration   5: 67.968 ns/op
Iteration   6: 69.450 ns/op
Iteration   7: 67.520 ns/op
Iteration   8: 67.671 ns/op
Iteration   9: 68.002 ns/op
Iteration  10: 68.446 ns/op

# Run progress: 89.20% complete, ETA 00:09:05
# Fork: 2 of 3
# Warmup Iteration   1: 63.927 ns/op
# Warmup Iteration   2: 63.008 ns/op
# Warmup Iteration   3: 67.648 ns/op
# Warmup Iteration   4: 67.721 ns/op
# Warmup Iteration   5: 68.742 ns/op
Iteration   1: 67.393 ns/op
Iteration   2: 67.187 ns/op
Iteration   3: 67.708 ns/op
Iteration   4: 67.934 ns/op
Iteration   5: 67.091 ns/op
Iteration   6: 67.745 ns/op
Iteration   7: 66.911 ns/op
Iteration   8: 66.608 ns/op
Iteration   9: 67.493 ns/op
Iteration  10: 68.284 ns/op

# Run progress: 89.51% complete, ETA 00:08:49
# Fork: 3 of 3
# Warmup Iteration   1: 63.353 ns/op
# Warmup Iteration   2: 63.380 ns/op
# Warmup Iteration   3: 66.723 ns/op
# Warmup Iteration   4: 67.070 ns/op
# Warmup Iteration   5: 66.529 ns/op
Iteration   1: 67.244 ns/op
Iteration   2: 66.200 ns/op
Iteration   3: 66.658 ns/op
Iteration   4: 66.777 ns/op
Iteration   5: 68.523 ns/op
Iteration   6: 66.188 ns/op
Iteration   7: 66.515 ns/op
Iteration   8: 66.365 ns/op
Iteration   9: 66.496 ns/op
Iteration  10: 65.978 ns/op


Result "de.splatgames.aether.datafixers.benchmarks.core.SchemaLookupBenchmark.sequentialLookup":
  67.400 ±(99.9%) 0.548 ns/op [Average]
  (min, avg, max) = (65.978, 67.400, 69.450), stdev = 0.820
  CI (99.9%): [66.853, 67.948] (assumes normal distribution)


# JMH version: 1.37
# VM version: JDK 17.0.18, OpenJDK 64-Bit Server VM, 17.0.18+8-Ubuntu-122.04.1
# VM invoker: /usr/lib/jvm/java-17-openjdk-amd64/bin/java
# VM options: -Xms4G -Xmx4G -XX:+UseG1GC -XX:+AlwaysPreTouch
# Blackhole mode: compiler (auto-detected, use -Djmh.blackhole.autoDetect=false to disable)
# Warmup: 5 iterations, 1 s each
# Measurement: 10 iterations, 1 s each
# Timeout: 10 min per iteration
# Threads: 1 thread, will synchronize iterations
# Benchmark mode: Average time, time/op
# Benchmark: de.splatgames.aether.datafixers.benchmarks.core.SchemaLookupBenchmark.sequentialLookup
# Parameters: (schemaCount = 50)

# Run progress: 89.81% complete, ETA 00:08:34
# Fork: 1 of 3
# Warmup Iteration   1: 415.223 ns/op
# Warmup Iteration   2: 408.018 ns/op
# Warmup Iteration   3: 490.420 ns/op
# Warmup Iteration   4: 501.899 ns/op
# Warmup Iteration   5: 495.575 ns/op
Iteration   1: 507.628 ns/op
Iteration   2: 490.950 ns/op
Iteration   3: 504.399 ns/op
Iteration   4: 492.330 ns/op
Iteration   5: 492.156 ns/op
Iteration   6: 491.420 ns/op
Iteration   7: 489.743 ns/op
Iteration   8: 495.070 ns/op
Iteration   9: 500.835 ns/op
Iteration  10: 506.416 ns/op

# Run progress: 90.12% complete, ETA 00:08:18
# Fork: 2 of 3
# Warmup Iteration   1: 416.963 ns/op
# Warmup Iteration   2: 408.471 ns/op
# Warmup Iteration   3: 507.122 ns/op
# Warmup Iteration   4: 488.864 ns/op
# Warmup Iteration   5: 487.839 ns/op
Iteration   1: 488.490 ns/op
Iteration   2: 493.572 ns/op
Iteration   3: 500.293 ns/op
Iteration   4: 496.560 ns/op
Iteration   5: 489.824 ns/op
Iteration   6: 491.060 ns/op
Iteration   7: 489.619 ns/op
Iteration   8: 490.489 ns/op
Iteration   9: 491.635 ns/op
Iteration  10: 490.073 ns/op

# Run progress: 90.43% complete, ETA 00:08:03
# Fork: 3 of 3
# Warmup Iteration   1: 412.873 ns/op
# Warmup Iteration   2: 410.675 ns/op
# Warmup Iteration   3: 495.891 ns/op
# Warmup Iteration   4: 490.899 ns/op
# Warmup Iteration   5: 504.425 ns/op
Iteration   1: 490.162 ns/op
Iteration   2: 490.285 ns/op
Iteration   3: 497.474 ns/op
Iteration   4: 491.816 ns/op
Iteration   5: 488.683 ns/op
Iteration   6: 491.260 ns/op
Iteration   7: 502.138 ns/op
Iteration   8: 496.979 ns/op
Iteration   9: 492.800 ns/op
Iteration  10: 488.086 ns/op


Result "de.splatgames.aether.datafixers.benchmarks.core.SchemaLookupBenchmark.sequentialLookup":
  494.075 ±(99.9%) 3.689 ns/op [Average]
  (min, avg, max) = (488.086, 494.075, 507.628), stdev = 5.521
  CI (99.9%): [490.386, 497.764] (assumes normal distribution)


# JMH version: 1.37
# VM version: JDK 17.0.18, OpenJDK 64-Bit Server VM, 17.0.18+8-Ubuntu-122.04.1
# VM invoker: /usr/lib/jvm/java-17-openjdk-amd64/bin/java
# VM options: -Xms4G -Xmx4G -XX:+UseG1GC -XX:+AlwaysPreTouch
# Blackhole mode: compiler (auto-detected, use -Djmh.blackhole.autoDetect=false to disable)
# Warmup: 5 iterations, 1 s each
# Measurement: 10 iterations, 1 s each
# Timeout: 10 min per iteration
# Threads: 1 thread, will synchronize iterations
# Benchmark mode: Average time, time/op
# Benchmark: de.splatgames.aether.datafixers.benchmarks.core.SchemaLookupBenchmark.sequentialLookup
# Parameters: (schemaCount = 100)

# Run progress: 90.74% complete, ETA 00:07:47
# Fork: 1 of 3
# Warmup Iteration   1: 1032.585 ns/op
# Warmup Iteration   2: 1061.484 ns/op
# Warmup Iteration   3: 1085.720 ns/op
# Warmup Iteration   4: 1091.782 ns/op
# Warmup Iteration   5: 1083.508 ns/op
Iteration   1: 1080.147 ns/op
Iteration   2: 1095.079 ns/op
Iteration   3: 1107.315 ns/op
Iteration   4: 1083.009 ns/op
Iteration   5: 1086.053 ns/op
Iteration   6: 1085.396 ns/op
Iteration   7: 1095.733 ns/op
Iteration   8: 1087.776 ns/op
Iteration   9: 1083.329 ns/op
Iteration  10: 1087.749 ns/op

# Run progress: 91.05% complete, ETA 00:07:31
# Fork: 2 of 3
# Warmup Iteration   1: 1025.519 ns/op
# Warmup Iteration   2: 1040.839 ns/op
# Warmup Iteration   3: 1097.249 ns/op
# Warmup Iteration   4: 1086.906 ns/op
# Warmup Iteration   5: 1083.061 ns/op
Iteration   1: 1088.834 ns/op
Iteration   2: 1091.693 ns/op
Iteration   3: 1093.312 ns/op
Iteration   4: 1073.803 ns/op
Iteration   5: 1083.455 ns/op
Iteration   6: 1075.711 ns/op
Iteration   7: 1101.995 ns/op
Iteration   8: 1079.481 ns/op
Iteration   9: 1077.143 ns/op
Iteration  10: 1088.269 ns/op

# Run progress: 91.36% complete, ETA 00:07:16
# Fork: 3 of 3
# Warmup Iteration   1: 1082.394 ns/op
# Warmup Iteration   2: 1043.714 ns/op
# Warmup Iteration   3: 1088.651 ns/op
# Warmup Iteration   4: 1096.422 ns/op
# Warmup Iteration   5: 1091.435 ns/op
Iteration   1: 1107.236 ns/op
Iteration   2: 1127.696 ns/op
Iteration   3: 1090.214 ns/op
Iteration   4: 1087.783 ns/op
Iteration   5: 1096.358 ns/op
Iteration   6: 1087.086 ns/op
Iteration   7: 1089.650 ns/op
Iteration   8: 1087.494 ns/op
Iteration   9: 1099.411 ns/op
Iteration  10: 1090.580 ns/op


Result "de.splatgames.aether.datafixers.benchmarks.core.SchemaLookupBenchmark.sequentialLookup":
  1090.293 ±(99.9%) 7.242 ns/op [Average]
  (min, avg, max) = (1073.803, 1090.293, 1127.696), stdev = 10.840
  CI (99.9%): [1083.051, 1097.536] (assumes normal distribution)


# JMH version: 1.37
# VM version: JDK 17.0.18, OpenJDK 64-Bit Server VM, 17.0.18+8-Ubuntu-122.04.1
# VM invoker: /usr/lib/jvm/java-17-openjdk-amd64/bin/java
# VM options: -Xms4G -Xmx4G -XX:+UseG1GC -XX:+AlwaysPreTouch
# Blackhole mode: compiler (auto-detected, use -Djmh.blackhole.autoDetect=false to disable)
# Warmup: 5 iterations, 1 s each
# Measurement: 10 iterations, 1 s each
# Timeout: 10 min per iteration
# Threads: 1 thread, will synchronize iterations
# Benchmark mode: Average time, time/op
# Benchmark: de.splatgames.aether.datafixers.benchmarks.core.SchemaLookupBenchmark.sequentialLookup
# Parameters: (schemaCount = 500)

# Run progress: 91.67% complete, ETA 00:07:00
# Fork: 1 of 3
# Warmup Iteration   1: 13433.789 ns/op
# Warmup Iteration   2: 13070.038 ns/op
# Warmup Iteration   3: 10516.403 ns/op
# Warmup Iteration   4: 10754.449 ns/op
# Warmup Iteration   5: 10698.467 ns/op
Iteration   1: 10738.408 ns/op
Iteration   2: 10615.985 ns/op
Iteration   3: 10711.760 ns/op
Iteration   4: 10722.559 ns/op
Iteration   5: 10769.730 ns/op
Iteration   6: 10898.552 ns/op
Iteration   7: 10679.235 ns/op
Iteration   8: 10621.256 ns/op
Iteration   9: 10577.726 ns/op
Iteration  10: 10690.090 ns/op

# Run progress: 91.98% complete, ETA 00:06:45
# Fork: 2 of 3
# Warmup Iteration   1: 13503.707 ns/op
# Warmup Iteration   2: 13212.019 ns/op
# Warmup Iteration   3: 10590.504 ns/op
# Warmup Iteration   4: 10625.839 ns/op
# Warmup Iteration   5: 10639.467 ns/op
Iteration   1: 10617.156 ns/op
Iteration   2: 10757.002 ns/op
Iteration   3: 10818.268 ns/op
Iteration   4: 10560.367 ns/op
Iteration   5: 10689.735 ns/op
Iteration   6: 10491.463 ns/op
Iteration   7: 10522.985 ns/op
Iteration   8: 10608.515 ns/op
Iteration   9: 10654.654 ns/op
Iteration  10: 10676.828 ns/op

# Run progress: 92.28% complete, ETA 00:06:29
# Fork: 3 of 3
# Warmup Iteration   1: 16854.146 ns/op
# Warmup Iteration   2: 16276.402 ns/op
# Warmup Iteration   3: 16416.606 ns/op
# Warmup Iteration   4: 11130.205 ns/op
# Warmup Iteration   5: 10990.364 ns/op
Iteration   1: 10948.070 ns/op
Iteration   2: 10901.011 ns/op
Iteration   3: 10860.918 ns/op
Iteration   4: 10966.962 ns/op
Iteration   5: 11065.596 ns/op
Iteration   6: 11009.806 ns/op
Iteration   7: 10807.304 ns/op
Iteration   8: 10933.917 ns/op
Iteration   9: 11096.621 ns/op
Iteration  10: 11481.934 ns/op


Result "de.splatgames.aether.datafixers.benchmarks.core.SchemaLookupBenchmark.sequentialLookup":
  10783.147 ±(99.9%) 139.315 ns/op [Average]
  (min, avg, max) = (10491.463, 10783.147, 11481.934), stdev = 208.520
  CI (99.9%): [10643.832, 10922.462] (assumes normal distribution)


# JMH version: 1.37
# VM version: JDK 17.0.18, OpenJDK 64-Bit Server VM, 17.0.18+8-Ubuntu-122.04.1
# VM invoker: /usr/lib/jvm/java-17-openjdk-amd64/bin/java
# VM options: -Xms4G -Xmx4G -XX:+UseG1GC -XX:+AlwaysPreTouch
# Blackhole mode: compiler (auto-detected, use -Djmh.blackhole.autoDetect=false to disable)
# Warmup: 5 iterations, 1 s each
# Measurement: 10 iterations, 1 s each
# Timeout: 10 min per iteration
# Threads: 1 thread, will synchronize iterations
# Benchmark mode: Average time, time/op
# Benchmark: de.splatgames.aether.datafixers.benchmarks.core.SingleFixBenchmark.identityFix
# Parameters: (payloadSize = SMALL)

# Run progress: 92.59% complete, ETA 00:06:14
# Fork: 1 of 3
# Warmup Iteration   1: 0.273 us/op
# Warmup Iteration   2: 0.252 us/op
# Warmup Iteration   3: 0.249 us/op
# Warmup Iteration   4: 0.250 us/op
# Warmup Iteration   5: 0.249 us/op
Iteration   1: 0.247 us/op
Iteration   2: 0.247 us/op
Iteration   3: 0.247 us/op
Iteration   4: 0.248 us/op
Iteration   5: 0.249 us/op
Iteration   6: 0.250 us/op
Iteration   7: 0.249 us/op
Iteration   8: 0.248 us/op
Iteration   9: 0.250 us/op
Iteration  10: 0.247 us/op

# Run progress: 92.90% complete, ETA 00:05:58
# Fork: 2 of 3
# Warmup Iteration   1: 0.285 us/op
# Warmup Iteration   2: 0.252 us/op
# Warmup Iteration   3: 0.253 us/op
# Warmup Iteration   4: 0.263 us/op
# Warmup Iteration   5: 0.254 us/op
Iteration   1: 0.250 us/op
Iteration   2: 0.252 us/op
Iteration   3: 0.258 us/op
Iteration   4: 0.254 us/op
Iteration   5: 0.250 us/op
Iteration   6: 0.251 us/op
Iteration   7: 0.250 us/op
Iteration   8: 0.253 us/op
Iteration   9: 0.250 us/op
Iteration  10: 0.250 us/op

# Run progress: 93.21% complete, ETA 00:05:42
# Fork: 3 of 3
# Warmup Iteration   1: 0.273 us/op
# Warmup Iteration   2: 0.247 us/op
# Warmup Iteration   3: 0.250 us/op
# Warmup Iteration   4: 0.247 us/op
# Warmup Iteration   5: 0.250 us/op
Iteration   1: 0.246 us/op
Iteration   2: 0.246 us/op
Iteration   3: 0.248 us/op
Iteration   4: 0.247 us/op
Iteration   5: 0.247 us/op
Iteration   6: 0.246 us/op
Iteration   7: 0.246 us/op
Iteration   8: 0.249 us/op
Iteration   9: 0.245 us/op
Iteration  10: 0.248 us/op


Result "de.splatgames.aether.datafixers.benchmarks.core.SingleFixBenchmark.identityFix":
  0.249 ±(99.9%) 0.002 us/op [Average]
  (min, avg, max) = (0.245, 0.249, 0.258), stdev = 0.003
  CI (99.9%): [0.247, 0.251] (assumes normal distribution)


# JMH version: 1.37
# VM version: JDK 17.0.18, OpenJDK 64-Bit Server VM, 17.0.18+8-Ubuntu-122.04.1
# VM invoker: /usr/lib/jvm/java-17-openjdk-amd64/bin/java
# VM options: -Xms4G -Xmx4G -XX:+UseG1GC -XX:+AlwaysPreTouch
# Blackhole mode: compiler (auto-detected, use -Djmh.blackhole.autoDetect=false to disable)
# Warmup: 5 iterations, 1 s each
# Measurement: 10 iterations, 1 s each
# Timeout: 10 min per iteration
# Threads: 1 thread, will synchronize iterations
# Benchmark mode: Average time, time/op
# Benchmark: de.splatgames.aether.datafixers.benchmarks.core.SingleFixBenchmark.identityFix
# Parameters: (payloadSize = MEDIUM)

# Run progress: 93.52% complete, ETA 00:05:27
# Fork: 1 of 3
# Warmup Iteration   1: 0.281 us/op
# Warmup Iteration   2: 0.251 us/op
# Warmup Iteration   3: 0.249 us/op
# Warmup Iteration   4: 0.247 us/op
# Warmup Iteration   5: 0.245 us/op
Iteration   1: 0.246 us/op
Iteration   2: 0.247 us/op
Iteration   3: 0.250 us/op
Iteration   4: 0.247 us/op
Iteration   5: 0.248 us/op
Iteration   6: 0.248 us/op
Iteration   7: 0.248 us/op
Iteration   8: 0.268 us/op
Iteration   9: 0.250 us/op
Iteration  10: 0.247 us/op

# Run progress: 93.83% complete, ETA 00:05:11
# Fork: 2 of 3
# Warmup Iteration   1: 0.278 us/op
# Warmup Iteration   2: 0.252 us/op
# Warmup Iteration   3: 0.247 us/op
# Warmup Iteration   4: 0.248 us/op
# Warmup Iteration   5: 0.246 us/op
Iteration   1: 0.246 us/op
Iteration   2: 0.248 us/op
Iteration   3: 0.248 us/op
Iteration   4: 0.249 us/op
Iteration   5: 0.249 us/op
Iteration   6: 0.254 us/op
Iteration   7: 0.247 us/op
Iteration   8: 0.245 us/op
Iteration   9: 0.247 us/op
Iteration  10: 0.246 us/op

# Run progress: 94.14% complete, ETA 00:04:56
# Fork: 3 of 3
# Warmup Iteration   1: 0.287 us/op
# Warmup Iteration   2: 0.255 us/op
# Warmup Iteration   3: 0.250 us/op
# Warmup Iteration   4: 0.250 us/op
# Warmup Iteration   5: 0.249 us/op
Iteration   1: 0.257 us/op
Iteration   2: 0.250 us/op
Iteration   3: 0.251 us/op
Iteration   4: 0.250 us/op
Iteration   5: 0.252 us/op
Iteration   6: 0.253 us/op
Iteration   7: 0.251 us/op
Iteration   8: 0.252 us/op
Iteration   9: 0.251 us/op
Iteration  10: 0.252 us/op


Result "de.splatgames.aether.datafixers.benchmarks.core.SingleFixBenchmark.identityFix":
  0.250 ±(99.9%) 0.003 us/op [Average]
  (min, avg, max) = (0.245, 0.250, 0.268), stdev = 0.004
  CI (99.9%): [0.247, 0.253] (assumes normal distribution)


# JMH version: 1.37
# VM version: JDK 17.0.18, OpenJDK 64-Bit Server VM, 17.0.18+8-Ubuntu-122.04.1
# VM invoker: /usr/lib/jvm/java-17-openjdk-amd64/bin/java
# VM options: -Xms4G -Xmx4G -XX:+UseG1GC -XX:+AlwaysPreTouch
# Blackhole mode: compiler (auto-detected, use -Djmh.blackhole.autoDetect=false to disable)
# Warmup: 5 iterations, 1 s each
# Measurement: 10 iterations, 1 s each
# Timeout: 10 min per iteration
# Threads: 1 thread, will synchronize iterations
# Benchmark mode: Average time, time/op
# Benchmark: de.splatgames.aether.datafixers.benchmarks.core.SingleFixBenchmark.identityFix
# Parameters: (payloadSize = LARGE)

# Run progress: 94.44% complete, ETA 00:04:40
# Fork: 1 of 3
# Warmup Iteration   1: 0.292 us/op
# Warmup Iteration   2: 0.258 us/op
# Warmup Iteration   3: 0.258 us/op
# Warmup Iteration   4: 0.258 us/op
# Warmup Iteration   5: 0.260 us/op
Iteration   1: 0.257 us/op
Iteration   2: 0.257 us/op
Iteration   3: 0.257 us/op
Iteration   4: 0.256 us/op
Iteration   5: 0.258 us/op
Iteration   6: 0.261 us/op
Iteration   7: 0.254 us/op
Iteration   8: 0.256 us/op
Iteration   9: 0.259 us/op
Iteration  10: 0.258 us/op

# Run progress: 94.75% complete, ETA 00:04:24
# Fork: 2 of 3
# Warmup Iteration   1: 0.296 us/op
# Warmup Iteration   2: 0.251 us/op
# Warmup Iteration   3: 0.252 us/op
# Warmup Iteration   4: 0.252 us/op
# Warmup Iteration   5: 0.259 us/op
Iteration   1: 0.259 us/op
Iteration   2: 0.255 us/op
Iteration   3: 0.253 us/op
Iteration   4: 0.258 us/op
Iteration   5: 0.256 us/op
Iteration   6: 0.265 us/op
Iteration   7: 0.255 us/op
Iteration   8: 0.252 us/op
Iteration   9: 0.255 us/op
Iteration  10: 0.261 us/op

# Run progress: 95.06% complete, ETA 00:04:09
# Fork: 3 of 3
# Warmup Iteration   1: 0.274 us/op
# Warmup Iteration   2: 0.247 us/op
# Warmup Iteration   3: 0.249 us/op
# Warmup Iteration   4: 0.250 us/op
# Warmup Iteration   5: 0.255 us/op
Iteration   1: 0.253 us/op
Iteration   2: 0.256 us/op
Iteration   3: 0.256 us/op
Iteration   4: 0.258 us/op
Iteration   5: 0.259 us/op
Iteration   6: 0.253 us/op
Iteration   7: 0.252 us/op
Iteration   8: 0.251 us/op
Iteration   9: 0.250 us/op
Iteration  10: 0.255 us/op


Result "de.splatgames.aether.datafixers.benchmarks.core.SingleFixBenchmark.identityFix":
  0.256 ±(99.9%) 0.002 us/op [Average]
  (min, avg, max) = (0.250, 0.256, 0.265), stdev = 0.003
  CI (99.9%): [0.254, 0.258] (assumes normal distribution)


# JMH version: 1.37
# VM version: JDK 17.0.18, OpenJDK 64-Bit Server VM, 17.0.18+8-Ubuntu-122.04.1
# VM invoker: /usr/lib/jvm/java-17-openjdk-amd64/bin/java
# VM options: -Xms4G -Xmx4G -XX:+UseG1GC -XX:+AlwaysPreTouch
# Blackhole mode: compiler (auto-detected, use -Djmh.blackhole.autoDetect=false to disable)
# Warmup: 5 iterations, 1 s each
# Measurement: 10 iterations, 1 s each
# Timeout: 10 min per iteration
# Threads: 1 thread, will synchronize iterations
# Benchmark mode: Average time, time/op
# Benchmark: de.splatgames.aether.datafixers.benchmarks.core.SingleFixBenchmark.playerDataFix

# Run progress: 95.37% complete, ETA 00:03:53
# Fork: 1 of 3
# Warmup Iteration   1: 9.774 us/op
# Warmup Iteration   2: 9.006 us/op
# Warmup Iteration   3: 9.111 us/op
# Warmup Iteration   4: 9.405 us/op
# Warmup Iteration   5: 9.241 us/op
Iteration   1: 9.189 us/op
Iteration   2: 9.138 us/op
Iteration   3: 9.160 us/op
Iteration   4: 9.174 us/op
Iteration   5: 9.095 us/op
Iteration   6: 9.134 us/op
Iteration   7: 9.057 us/op
Iteration   8: 9.093 us/op
Iteration   9: 9.552 us/op
Iteration  10: 9.120 us/op

# Run progress: 95.68% complete, ETA 00:03:38
# Fork: 2 of 3
# Warmup Iteration   1: 9.755 us/op
# Warmup Iteration   2: 9.077 us/op
# Warmup Iteration   3: 9.106 us/op
# Warmup Iteration   4: 9.062 us/op
# Warmup Iteration   5: 9.160 us/op
Iteration   1: 9.091 us/op
Iteration   2: 9.065 us/op
Iteration   3: 9.405 us/op
Iteration   4: 9.180 us/op
Iteration   5: 9.162 us/op
Iteration   6: 9.029 us/op
Iteration   7: 9.186 us/op
Iteration   8: 9.088 us/op
Iteration   9: 9.091 us/op
Iteration  10: 9.133 us/op

# Run progress: 95.99% complete, ETA 00:03:22
# Fork: 3 of 3
# Warmup Iteration   1: 9.670 us/op
# Warmup Iteration   2: 9.137 us/op
# Warmup Iteration   3: 9.127 us/op
# Warmup Iteration   4: 8.970 us/op
# Warmup Iteration   5: 8.990 us/op
Iteration   1: 8.929 us/op
Iteration   2: 8.907 us/op
Iteration   3: 8.932 us/op
Iteration   4: 9.906 us/op
Iteration   5: 9.002 us/op
Iteration   6: 8.945 us/op
Iteration   7: 8.965 us/op
Iteration   8: 9.595 us/op
Iteration   9: 9.140 us/op
Iteration  10: 8.956 us/op


Result "de.splatgames.aether.datafixers.benchmarks.core.SingleFixBenchmark.playerDataFix":
  9.147 ±(99.9%) 0.144 us/op [Average]
  (min, avg, max) = (8.907, 9.147, 9.906), stdev = 0.215
  CI (99.9%): [9.004, 9.291] (assumes normal distribution)


# JMH version: 1.37
# VM version: JDK 17.0.18, OpenJDK 64-Bit Server VM, 17.0.18+8-Ubuntu-122.04.1
# VM invoker: /usr/lib/jvm/java-17-openjdk-amd64/bin/java
# VM options: -Xms4G -Xmx4G -XX:+UseG1GC -XX:+AlwaysPreTouch
# Blackhole mode: compiler (auto-detected, use -Djmh.blackhole.autoDetect=false to disable)
# Warmup: 5 iterations, 1 s each
# Measurement: 10 iterations, 1 s each
# Timeout: 10 min per iteration
# Threads: 1 thread, will synchronize iterations
# Benchmark mode: Average time, time/op
# Benchmark: de.splatgames.aether.datafixers.benchmarks.core.SingleFixBenchmark.playerDataFixEndToEnd

# Run progress: 96.30% complete, ETA 00:03:07
# Fork: 1 of 3
# Warmup Iteration   1: 37.661 us/op
# Warmup Iteration   2: 31.727 us/op
# Warmup Iteration   3: 32.555 us/op
# Warmup Iteration   4: 31.738 us/op
# Warmup Iteration   5: 31.391 us/op
Iteration   1: 31.298 us/op
Iteration   2: 31.452 us/op
Iteration   3: 31.543 us/op
Iteration   4: 31.266 us/op
Iteration   5: 31.306 us/op
Iteration   6: 31.136 us/op
Iteration   7: 31.446 us/op
Iteration   8: 31.382 us/op
Iteration   9: 31.120 us/op
Iteration  10: 31.202 us/op

# Run progress: 96.60% complete, ETA 00:02:51
# Fork: 2 of 3
# Warmup Iteration   1: 38.248 us/op
# Warmup Iteration   2: 31.848 us/op
# Warmup Iteration   3: 31.402 us/op
# Warmup Iteration   4: 31.426 us/op
# Warmup Iteration   5: 31.234 us/op
Iteration   1: 31.341 us/op
Iteration   2: 31.810 us/op
Iteration   3: 31.131 us/op
Iteration   4: 30.915 us/op
Iteration   5: 30.975 us/op
Iteration   6: 31.245 us/op
Iteration   7: 32.177 us/op
Iteration   8: 31.016 us/op
Iteration   9: 31.166 us/op
Iteration  10: 31.013 us/op

# Run progress: 96.91% complete, ETA 00:02:35
# Fork: 3 of 3
# Warmup Iteration   1: 37.685 us/op
# Warmup Iteration   2: 30.509 us/op
# Warmup Iteration   3: 30.984 us/op
# Warmup Iteration   4: 30.630 us/op
# Warmup Iteration   5: 30.353 us/op
Iteration   1: 30.994 us/op
Iteration   2: 30.892 us/op
Iteration   3: 30.738 us/op
Iteration   4: 31.094 us/op
Iteration   5: 31.122 us/op
Iteration   6: 31.865 us/op
Iteration   7: 30.835 us/op
Iteration   8: 30.855 us/op
Iteration   9: 30.676 us/op
Iteration  10: 30.815 us/op


Result "de.splatgames.aether.datafixers.benchmarks.core.SingleFixBenchmark.playerDataFixEndToEnd":
  31.194 ±(99.9%) 0.227 us/op [Average]
  (min, avg, max) = (30.676, 31.194, 32.177), stdev = 0.340
  CI (99.9%): [30.967, 31.421] (assumes normal distribution)


# JMH version: 1.37
# VM version: JDK 17.0.18, OpenJDK 64-Bit Server VM, 17.0.18+8-Ubuntu-122.04.1
# VM invoker: /usr/lib/jvm/java-17-openjdk-amd64/bin/java
# VM options: -Xms4G -Xmx4G -XX:+UseG1GC -XX:+AlwaysPreTouch
# Blackhole mode: compiler (auto-detected, use -Djmh.blackhole.autoDetect=false to disable)
# Warmup: 5 iterations, 1 s each
# Measurement: 10 iterations, 1 s each
# Timeout: 10 min per iteration
# Threads: 1 thread, will synchronize iterations
# Benchmark mode: Average time, time/op
# Benchmark: de.splatgames.aether.datafixers.benchmarks.core.SingleFixBenchmark.singleRenameFix
# Parameters: (payloadSize = SMALL)

# Run progress: 97.22% complete, ETA 00:02:20
# Fork: 1 of 3
# Warmup Iteration   1: 0.332 us/op
# Warmup Iteration   2: 0.282 us/op
# Warmup Iteration   3: 0.278 us/op
# Warmup Iteration   4: 0.278 us/op
# Warmup Iteration   5: 0.281 us/op
Iteration   1: 0.280 us/op
Iteration   2: 0.296 us/op
Iteration   3: 0.287 us/op
Iteration   4: 0.284 us/op
Iteration   5: 0.287 us/op
Iteration   6: 0.288 us/op
Iteration   7: 0.285 us/op
Iteration   8: 0.280 us/op
Iteration   9: 0.281 us/op
Iteration  10: 0.280 us/op

# Run progress: 97.53% complete, ETA 00:02:04
# Fork: 2 of 3
# Warmup Iteration   1: 0.307 us/op
# Warmup Iteration   2: 0.278 us/op
# Warmup Iteration   3: 0.275 us/op
# Warmup Iteration   4: 0.274 us/op
# Warmup Iteration   5: 0.281 us/op
Iteration   1: 0.275 us/op
Iteration   2: 0.276 us/op
Iteration   3: 0.274 us/op
Iteration   4: 0.274 us/op
Iteration   5: 0.278 us/op
Iteration   6: 0.275 us/op
Iteration   7: 0.273 us/op
Iteration   8: 0.276 us/op
Iteration   9: 0.275 us/op
Iteration  10: 0.279 us/op

# Run progress: 97.84% complete, ETA 00:01:49
# Fork: 3 of 3
# Warmup Iteration   1: 0.326 us/op
# Warmup Iteration   2: 0.284 us/op
# Warmup Iteration   3: 0.282 us/op
# Warmup Iteration   4: 0.279 us/op
# Warmup Iteration   5: 0.282 us/op
Iteration   1: 0.279 us/op
Iteration   2: 0.279 us/op
Iteration   3: 0.277 us/op
Iteration   4: 0.283 us/op
Iteration   5: 0.285 us/op
Iteration   6: 0.282 us/op
Iteration   7: 0.286 us/op
Iteration   8: 0.286 us/op
Iteration   9: 0.287 us/op
Iteration  10: 0.289 us/op


Result "de.splatgames.aether.datafixers.benchmarks.core.SingleFixBenchmark.singleRenameFix":
  0.281 ±(99.9%) 0.004 us/op [Average]
  (min, avg, max) = (0.273, 0.281, 0.296), stdev = 0.006
  CI (99.9%): [0.277, 0.285] (assumes normal distribution)


# JMH version: 1.37
# VM version: JDK 17.0.18, OpenJDK 64-Bit Server VM, 17.0.18+8-Ubuntu-122.04.1
# VM invoker: /usr/lib/jvm/java-17-openjdk-amd64/bin/java
# VM options: -Xms4G -Xmx4G -XX:+UseG1GC -XX:+AlwaysPreTouch
# Blackhole mode: compiler (auto-detected, use -Djmh.blackhole.autoDetect=false to disable)
# Warmup: 5 iterations, 1 s each
# Measurement: 10 iterations, 1 s each
# Timeout: 10 min per iteration
# Threads: 1 thread, will synchronize iterations
# Benchmark mode: Average time, time/op
# Benchmark: de.splatgames.aether.datafixers.benchmarks.core.SingleFixBenchmark.singleRenameFix
# Parameters: (payloadSize = MEDIUM)

# Run progress: 98.15% complete, ETA 00:01:33
# Fork: 1 of 3
# Warmup Iteration   1: 0.337 us/op
# Warmup Iteration   2: 0.303 us/op
# Warmup Iteration   3: 0.302 us/op
# Warmup Iteration   4: 0.304 us/op
# Warmup Iteration   5: 0.296 us/op
Iteration   1: 0.297 us/op
Iteration   2: 0.303 us/op
Iteration   3: 0.305 us/op
Iteration   4: 0.296 us/op
Iteration   5: 0.297 us/op
Iteration   6: 0.298 us/op
Iteration   7: 0.295 us/op
Iteration   8: 0.295 us/op
Iteration   9: 0.306 us/op
Iteration  10: 0.299 us/op

# Run progress: 98.46% complete, ETA 00:01:17
# Fork: 2 of 3
# Warmup Iteration   1: 0.330 us/op
# Warmup Iteration   2: 0.296 us/op
# Warmup Iteration   3: 0.298 us/op
# Warmup Iteration   4: 0.293 us/op
# Warmup Iteration   5: 0.304 us/op
Iteration   1: 0.297 us/op
Iteration   2: 0.296 us/op
Iteration   3: 0.312 us/op
Iteration   4: 0.300 us/op
Iteration   5: 0.296 us/op
Iteration   6: 0.295 us/op
Iteration   7: 0.296 us/op
Iteration   8: 0.297 us/op
Iteration   9: 0.300 us/op
Iteration  10: 0.297 us/op

# Run progress: 98.77% complete, ETA 00:01:02
# Fork: 3 of 3
# Warmup Iteration   1: 0.342 us/op
# Warmup Iteration   2: 0.300 us/op
# Warmup Iteration   3: 0.312 us/op
# Warmup Iteration   4: 0.299 us/op
# Warmup Iteration   5: 0.302 us/op
Iteration   1: 0.298 us/op
Iteration   2: 0.297 us/op
Iteration   3: 0.309 us/op
Iteration   4: 0.311 us/op
Iteration   5: 0.301 us/op
Iteration   6: 0.295 us/op
Iteration   7: 0.298 us/op
Iteration   8: 0.305 us/op
Iteration   9: 0.300 us/op
Iteration  10: 0.301 us/op


Result "de.splatgames.aether.datafixers.benchmarks.core.SingleFixBenchmark.singleRenameFix":
  0.300 ±(99.9%) 0.003 us/op [Average]
  (min, avg, max) = (0.295, 0.300, 0.312), stdev = 0.005
  CI (99.9%): [0.297, 0.303] (assumes normal distribution)


# JMH version: 1.37
# VM version: JDK 17.0.18, OpenJDK 64-Bit Server VM, 17.0.18+8-Ubuntu-122.04.1
# VM invoker: /usr/lib/jvm/java-17-openjdk-amd64/bin/java
# VM options: -Xms4G -Xmx4G -XX:+UseG1GC -XX:+AlwaysPreTouch
# Blackhole mode: compiler (auto-detected, use -Djmh.blackhole.autoDetect=false to disable)
# Warmup: 5 iterations, 1 s each
# Measurement: 10 iterations, 1 s each
# Timeout: 10 min per iteration
# Threads: 1 thread, will synchronize iterations
# Benchmark mode: Average time, time/op
# Benchmark: de.splatgames.aether.datafixers.benchmarks.core.SingleFixBenchmark.singleRenameFix
# Parameters: (payloadSize = LARGE)

# Run progress: 99.07% complete, ETA 00:00:46
# Fork: 1 of 3
# Warmup Iteration   1: 0.346 us/op
# Warmup Iteration   2: 0.310 us/op
# Warmup Iteration   3: 0.316 us/op
# Warmup Iteration   4: 0.309 us/op
# Warmup Iteration   5: 0.309 us/op
Iteration   1: 0.311 us/op
Iteration   2: 0.314 us/op
Iteration   3: 0.312 us/op
Iteration   4: 0.314 us/op
Iteration   5: 0.310 us/op
Iteration   6: 0.309 us/op
Iteration   7: 0.308 us/op
Iteration   8: 0.312 us/op
Iteration   9: 0.310 us/op
Iteration  10: 0.310 us/op

# Run progress: 99.38% complete, ETA 00:00:31
# Fork: 2 of 3
# Warmup Iteration   1: 0.368 us/op
# Warmup Iteration   2: 0.312 us/op
# Warmup Iteration   3: 0.312 us/op
# Warmup Iteration   4: 0.308 us/op
# Warmup Iteration   5: 0.313 us/op
Iteration   1: 0.311 us/op
Iteration   2: 0.317 us/op
Iteration   3: 0.313 us/op
Iteration   4: 0.311 us/op
Iteration   5: 0.310 us/op
Iteration   6: 0.318 us/op
Iteration   7: 0.319 us/op
Iteration   8: 0.311 us/op
Iteration   9: 0.309 us/op
Iteration  10: 0.311 us/op

# Run progress: 99.69% complete, ETA 00:00:15
# Fork: 3 of 3
# Warmup Iteration   1: 0.345 us/op
# Warmup Iteration   2: 0.313 us/op
# Warmup Iteration   3: 0.315 us/op
# Warmup Iteration   4: 0.316 us/op
# Warmup Iteration   5: 0.307 us/op
Iteration   1: 0.312 us/op
Iteration   2: 0.308 us/op
Iteration   3: 0.305 us/op
Iteration   4: 0.306 us/op
Iteration   5: 0.306 us/op
Iteration   6: 0.308 us/op
Iteration   7: 0.310 us/op
Iteration   8: 0.308 us/op
Iteration   9: 0.307 us/op
Iteration  10: 0.306 us/op


Result "de.splatgames.aether.datafixers.benchmarks.core.SingleFixBenchmark.singleRenameFix":
  0.311 ±(99.9%) 0.002 us/op [Average]
  (min, avg, max) = (0.305, 0.311, 0.319), stdev = 0.003
  CI (99.9%): [0.308, 0.313] (assumes normal distribution)


# Run complete. Total time: 01:24:09

REMEMBER: The numbers below are just data. To gain reusable insights, you need to follow up on
why the numbers are the way they are. Use profilers (see -prof, -lprof), design factorial
experiments, perform baseline and negative tests that provide experimental control, make sure
the benchmarking environment is safe on JVM/OS/HW level, ask for reviews from the domain experts.
Do not assume the numbers tell you what you want them to tell.

NOTE: Current JVM experimentally supports Compiler Blackholes, and they are in use. Please exercise
extra caution when trusting the results, look into the generated code to check the benchmark still
works, and factor in a small probability of new VM bugs. Additionally, while comparisons between
different JVMs are already problematic, the performance difference caused by different Blackhole
modes can be very significant. Please make sure you use the consistent Blackhole mode for comparisons.

Benchmark                                 (fixCount)  (payloadSize)  (schemaCount)   Mode  Cnt      Score     Error   Units
MultiFixChainBenchmark.mixedChain                  1          SMALL            N/A  thrpt   30      3.739 ±   0.032  ops/us
MultiFixChainBenchmark.mixedChain                  1         MEDIUM            N/A  thrpt   30      3.583 ±   0.027  ops/us
MultiFixChainBenchmark.mixedChain                  5          SMALL            N/A  thrpt   30      0.231 ±   0.001  ops/us
MultiFixChainBenchmark.mixedChain                  5         MEDIUM            N/A  thrpt   30      0.040 ±   0.001  ops/us
MultiFixChainBenchmark.mixedChain                 10          SMALL            N/A  thrpt   30      0.095 ±   0.001  ops/us
MultiFixChainBenchmark.mixedChain                 10         MEDIUM            N/A  thrpt   30      0.016 ±   0.001  ops/us
MultiFixChainBenchmark.mixedChain                 25          SMALL            N/A  thrpt   30      0.037 ±   0.001  ops/us
MultiFixChainBenchmark.mixedChain                 25         MEDIUM            N/A  thrpt   30      0.007 ±   0.001  ops/us
MultiFixChainBenchmark.mixedChain                 50          SMALL            N/A  thrpt   30      0.016 ±   0.001  ops/us
MultiFixChainBenchmark.mixedChain                 50         MEDIUM            N/A  thrpt   30      0.003 ±   0.001  ops/us
MultiFixChainBenchmark.partialChain                1          SMALL            N/A  thrpt   30      3.744 ±   0.035  ops/us
MultiFixChainBenchmark.partialChain                1         MEDIUM            N/A  thrpt   30      3.584 ±   0.032  ops/us
MultiFixChainBenchmark.partialChain                5          SMALL            N/A  thrpt   30      2.045 ±   0.013  ops/us
MultiFixChainBenchmark.partialChain                5         MEDIUM            N/A  thrpt   30      1.903 ±   0.013  ops/us
MultiFixChainBenchmark.partialChain               10          SMALL            N/A  thrpt   30      0.998 ±   0.010  ops/us
MultiFixChainBenchmark.partialChain               10         MEDIUM            N/A  thrpt   30      0.907 ±   0.008  ops/us
MultiFixChainBenchmark.partialChain               25          SMALL            N/A  thrpt   30      0.434 ±   0.002  ops/us
MultiFixChainBenchmark.partialChain               25         MEDIUM            N/A  thrpt   30      0.399 ±   0.003  ops/us
MultiFixChainBenchmark.partialChain               50          SMALL            N/A  thrpt   30      0.209 ±   0.005  ops/us
MultiFixChainBenchmark.partialChain               50         MEDIUM            N/A  thrpt   30      0.194 ±   0.005  ops/us
MultiFixChainBenchmark.renameChain                 1          SMALL            N/A  thrpt   30      3.727 ±   0.035  ops/us
MultiFixChainBenchmark.renameChain                 1         MEDIUM            N/A  thrpt   30      3.590 ±   0.031  ops/us
MultiFixChainBenchmark.renameChain                 5          SMALL            N/A  thrpt   30      1.023 ±   0.009  ops/us
MultiFixChainBenchmark.renameChain                 5         MEDIUM            N/A  thrpt   30      0.954 ±   0.007  ops/us
MultiFixChainBenchmark.renameChain                10          SMALL            N/A  thrpt   30      0.559 ±   0.005  ops/us
MultiFixChainBenchmark.renameChain                10         MEDIUM            N/A  thrpt   30      0.517 ±   0.003  ops/us
MultiFixChainBenchmark.renameChain                25          SMALL            N/A  thrpt   30      0.206 ±   0.002  ops/us
MultiFixChainBenchmark.renameChain                25         MEDIUM            N/A  thrpt   30      0.188 ±   0.002  ops/us
MultiFixChainBenchmark.renameChain                50          SMALL            N/A  thrpt   30      0.112 ±   0.001  ops/us
MultiFixChainBenchmark.renameChain                50         MEDIUM            N/A  thrpt   30      0.104 ±   0.001  ops/us
SchemaLookupBenchmark.exactLookup                N/A            N/A             10  thrpt   30      0.112 ±   0.002  ops/ns
SchemaLookupBenchmark.exactLookup                N/A            N/A             50  thrpt   30      0.042 ±   0.001  ops/ns
SchemaLookupBenchmark.exactLookup                N/A            N/A            100  thrpt   30      0.030 ±   0.001  ops/ns
SchemaLookupBenchmark.exactLookup                N/A            N/A            500  thrpt   30      0.019 ±   0.001  ops/ns
SchemaLookupBenchmark.floorLookup                N/A            N/A             10  thrpt   30      0.062 ±   0.001  ops/ns
SchemaLookupBenchmark.floorLookup                N/A            N/A             50  thrpt   30      0.033 ±   0.001  ops/ns
SchemaLookupBenchmark.floorLookup                N/A            N/A            100  thrpt   30      0.026 ±   0.001  ops/ns
SchemaLookupBenchmark.floorLookup                N/A            N/A            500  thrpt   30      0.019 ±   0.001  ops/ns
SchemaLookupBenchmark.latestLookup               N/A            N/A             10  thrpt   30      0.174 ±   0.001  ops/ns
SchemaLookupBenchmark.latestLookup               N/A            N/A             50  thrpt   30      0.146 ±   0.001  ops/ns
SchemaLookupBenchmark.latestLookup               N/A            N/A            100  thrpt   30      0.138 ±   0.001  ops/ns
SchemaLookupBenchmark.latestLookup               N/A            N/A            500  thrpt   30      0.120 ±   0.001  ops/ns
SchemaLookupBenchmark.sequentialLookup           N/A            N/A             10  thrpt   30      0.015 ±   0.001  ops/ns
SchemaLookupBenchmark.sequentialLookup           N/A            N/A             50  thrpt   30      0.002 ±   0.001  ops/ns
SchemaLookupBenchmark.sequentialLookup           N/A            N/A            100  thrpt   30      0.001 ±   0.001  ops/ns
SchemaLookupBenchmark.sequentialLookup           N/A            N/A            500  thrpt   30     ≈ 10⁻⁴            ops/ns
SingleFixBenchmark.identityFix                   N/A          SMALL            N/A  thrpt   30      4.035 ±   0.022  ops/us
SingleFixBenchmark.identityFix                   N/A         MEDIUM            N/A  thrpt   30      4.030 ±   0.017  ops/us
SingleFixBenchmark.identityFix                   N/A          LARGE            N/A  thrpt   30      3.996 ±   0.043  ops/us
SingleFixBenchmark.playerDataFix                 N/A            N/A            N/A  thrpt   30      0.109 ±   0.001  ops/us
SingleFixBenchmark.playerDataFixEndToEnd         N/A            N/A            N/A  thrpt   30      0.032 ±   0.001  ops/us
SingleFixBenchmark.singleRenameFix               N/A          SMALL            N/A  thrpt   30      3.633 ±   0.019  ops/us
SingleFixBenchmark.singleRenameFix               N/A         MEDIUM            N/A  thrpt   30      3.376 ±   0.031  ops/us
SingleFixBenchmark.singleRenameFix               N/A          LARGE            N/A  thrpt   30      3.233 ±   0.026  ops/us
MultiFixChainBenchmark.mixedChain                  1          SMALL            N/A   avgt   30      0.267 ±   0.004   us/op
MultiFixChainBenchmark.mixedChain                  1         MEDIUM            N/A   avgt   30      0.277 ±   0.002   us/op
MultiFixChainBenchmark.mixedChain                  5          SMALL            N/A   avgt   30      4.340 ±   0.033   us/op
MultiFixChainBenchmark.mixedChain                  5         MEDIUM            N/A   avgt   30     25.091 ±   0.320   us/op
MultiFixChainBenchmark.mixedChain                 10          SMALL            N/A   avgt   30     10.582 ±   0.100   us/op
MultiFixChainBenchmark.mixedChain                 10         MEDIUM            N/A   avgt   30     63.693 ±   0.524   us/op
MultiFixChainBenchmark.mixedChain                 25          SMALL            N/A   avgt   30     26.926 ±   0.264   us/op
MultiFixChainBenchmark.mixedChain                 25         MEDIUM            N/A   avgt   30    151.686 ±   1.383   us/op
MultiFixChainBenchmark.mixedChain                 50          SMALL            N/A   avgt   30     60.748 ±   0.559   us/op
MultiFixChainBenchmark.mixedChain                 50         MEDIUM            N/A   avgt   30    320.922 ±   3.373   us/op
MultiFixChainBenchmark.partialChain                1          SMALL            N/A   avgt   30      0.268 ±   0.003   us/op
MultiFixChainBenchmark.partialChain                1         MEDIUM            N/A   avgt   30      0.281 ±   0.003   us/op
MultiFixChainBenchmark.partialChain                5          SMALL            N/A   avgt   30      0.487 ±   0.004   us/op
MultiFixChainBenchmark.partialChain                5         MEDIUM            N/A   avgt   30      0.525 ±   0.004   us/op
MultiFixChainBenchmark.partialChain               10          SMALL            N/A   avgt   30      1.015 ±   0.008   us/op
MultiFixChainBenchmark.partialChain               10         MEDIUM            N/A   avgt   30      1.098 ±   0.007   us/op
MultiFixChainBenchmark.partialChain               25          SMALL            N/A   avgt   30      2.286 ±   0.018   us/op
MultiFixChainBenchmark.partialChain               25         MEDIUM            N/A   avgt   30      2.482 ±   0.016   us/op
MultiFixChainBenchmark.partialChain               50          SMALL            N/A   avgt   30      4.735 ±   0.115   us/op
MultiFixChainBenchmark.partialChain               50         MEDIUM            N/A   avgt   30      5.053 ±   0.105   us/op
MultiFixChainBenchmark.renameChain                 1          SMALL            N/A   avgt   30      0.264 ±   0.002   us/op
MultiFixChainBenchmark.renameChain                 1         MEDIUM            N/A   avgt   30      0.279 ±   0.002   us/op
MultiFixChainBenchmark.renameChain                 5          SMALL            N/A   avgt   30      0.963 ±   0.006   us/op
MultiFixChainBenchmark.renameChain                 5         MEDIUM            N/A   avgt   30      1.043 ±   0.007   us/op
MultiFixChainBenchmark.renameChain                10          SMALL            N/A   avgt   30      1.775 ±   0.008   us/op
MultiFixChainBenchmark.renameChain                10         MEDIUM            N/A   avgt   30      1.947 ±   0.017   us/op
MultiFixChainBenchmark.renameChain                25          SMALL            N/A   avgt   30      4.512 ±   0.065   us/op
MultiFixChainBenchmark.renameChain                25         MEDIUM            N/A   avgt   30      5.034 ±   0.128   us/op
MultiFixChainBenchmark.renameChain                50          SMALL            N/A   avgt   30      8.807 ±   0.062   us/op
MultiFixChainBenchmark.renameChain                50         MEDIUM            N/A   avgt   30      9.627 ±   0.081   us/op
SchemaLookupBenchmark.exactLookup                N/A            N/A             10   avgt   30      9.300 ±   0.225   ns/op
SchemaLookupBenchmark.exactLookup                N/A            N/A             50   avgt   30     23.982 ±   0.274   ns/op
SchemaLookupBenchmark.exactLookup                N/A            N/A            100   avgt   30     33.323 ±   0.379   ns/op
SchemaLookupBenchmark.exactLookup                N/A            N/A            500   avgt   30     51.632 ±   0.365   ns/op
SchemaLookupBenchmark.floorLookup                N/A            N/A             10   avgt   30     16.094 ±   0.317   ns/op
SchemaLookupBenchmark.floorLookup                N/A            N/A             50   avgt   30     29.710 ±   1.011   ns/op
SchemaLookupBenchmark.floorLookup                N/A            N/A            100   avgt   30     35.900 ±   1.183   ns/op
SchemaLookupBenchmark.floorLookup                N/A            N/A            500   avgt   30     53.502 ±   0.499   ns/op
SchemaLookupBenchmark.latestLookup               N/A            N/A             10   avgt   30      5.742 ±   0.038   ns/op
SchemaLookupBenchmark.latestLookup               N/A            N/A             50   avgt   30      6.912 ±   0.092   ns/op
SchemaLookupBenchmark.latestLookup               N/A            N/A            100   avgt   30      7.229 ±   0.067   ns/op
SchemaLookupBenchmark.latestLookup               N/A            N/A            500   avgt   30      8.325 ±   0.084   ns/op
SchemaLookupBenchmark.sequentialLookup           N/A            N/A             10   avgt   30     67.400 ±   0.548   ns/op
SchemaLookupBenchmark.sequentialLookup           N/A            N/A             50   avgt   30    494.075 ±   3.689   ns/op
SchemaLookupBenchmark.sequentialLookup           N/A            N/A            100   avgt   30   1090.293 ±   7.242   ns/op
SchemaLookupBenchmark.sequentialLookup           N/A            N/A            500   avgt   30  10783.147 ± 139.315   ns/op
SingleFixBenchmark.identityFix                   N/A          SMALL            N/A   avgt   30      0.249 ±   0.002   us/op
SingleFixBenchmark.identityFix                   N/A         MEDIUM            N/A   avgt   30      0.250 ±   0.003   us/op
SingleFixBenchmark.identityFix                   N/A          LARGE            N/A   avgt   30      0.256 ±   0.002   us/op
SingleFixBenchmark.playerDataFix                 N/A            N/A            N/A   avgt   30      9.147 ±   0.144   us/op
SingleFixBenchmark.playerDataFixEndToEnd         N/A            N/A            N/A   avgt   30     31.194 ±   0.227   us/op
SingleFixBenchmark.singleRenameFix               N/A          SMALL            N/A   avgt   30      0.281 ±   0.004   us/op
SingleFixBenchmark.singleRenameFix               N/A         MEDIUM            N/A   avgt   30      0.300 ±   0.003   us/op
SingleFixBenchmark.singleRenameFix               N/A          LARGE            N/A   avgt   30      0.311 ±   0.002   us/op

Benchmark result is saved to benchmark-results/20260306-230907/core.json
