# JMH version: 1.37
# VM version: JDK 17.0.18, OpenJDK 64-Bit Server VM, 17.0.18+8-Ubuntu-122.04.1
# VM invoker: /usr/lib/jvm/java-17-openjdk-amd64/bin/java
# VM options: -Xms4G -Xmx4G -XX:+UseG1GC -XX:+AlwaysPreTouch
# Blackhole mode: compiler (auto-detected, use -Djmh.blackhole.autoDetect=false to disable)
# Warmup: 5 iterations, 1 s each
# Measurement: 10 iterations, 1 s each
# Timeout: 10 min per iteration
# Threads: 1 thread, will synchronize iterations
# Benchmark mode: Throughput, ops/time
# Benchmark: de.splatgames.aether.datafixers.benchmarks.format.CrossFormatBenchmark.gsonToJackson
# Parameters: (payloadSize = SMALL)

# Run progress: 0.00% complete, ETA 02:04:30
# Fork: 1 of 3
# Warmup Iteration   1: 0.012 ops/us
# Warmup Iteration   2: 0.016 ops/us
# Warmup Iteration   3: 0.016 ops/us
# Warmup Iteration   4: 0.016 ops/us
# Warmup Iteration   5: 0.016 ops/us
Iteration   1: 0.016 ops/us
Iteration   2: 0.016 ops/us
Iteration   3: 0.016 ops/us
Iteration   4: 0.016 ops/us
Iteration   5: 0.016 ops/us
Iteration   6: 0.016 ops/us
Iteration   7: 0.016 ops/us
Iteration   8: 0.016 ops/us
Iteration   9: 0.016 ops/us
Iteration  10: 0.016 ops/us

# Run progress: 0.20% complete, ETA 02:10:07
# Fork: 2 of 3
# Warmup Iteration   1: 0.012 ops/us
# Warmup Iteration   2: 0.016 ops/us
# Warmup Iteration   3: 0.016 ops/us
# Warmup Iteration   4: 0.016 ops/us
# Warmup Iteration   5: 0.016 ops/us
Iteration   1: 0.016 ops/us
Iteration   2: 0.016 ops/us
Iteration   3: 0.016 ops/us
Iteration   4: 0.016 ops/us
Iteration   5: 0.016 ops/us
Iteration   6: 0.016 ops/us
Iteration   7: 0.016 ops/us
Iteration   8: 0.017 ops/us
Iteration   9: 0.016 ops/us
Iteration  10: 0.016 ops/us

# Run progress: 0.40% complete, ETA 02:09:42
# Fork: 3 of 3
# Warmup Iteration   1: 0.012 ops/us
# Warmup Iteration   2: 0.016 ops/us
# Warmup Iteration   3: 0.016 ops/us
# Warmup Iteration   4: 0.016 ops/us
# Warmup Iteration   5: 0.016 ops/us
Iteration   1: 0.016 ops/us
Iteration   2: 0.016 ops/us
Iteration   3: 0.016 ops/us
Iteration   4: 0.016 ops/us
Iteration   5: 0.017 ops/us
Iteration   6: 0.016 ops/us
Iteration   7: 0.016 ops/us
Iteration   8: 0.016 ops/us
Iteration   9: 0.016 ops/us
Iteration  10: 0.016 ops/us


Result "de.splatgames.aether.datafixers.benchmarks.format.CrossFormatBenchmark.gsonToJackson":
  0.016 ±(99.9%) 0.001 ops/us [Average]
  (min, avg, max) = (0.016, 0.016, 0.017), stdev = 0.001
  CI (99.9%): [0.016, 0.016] (assumes normal distribution)


# JMH version: 1.37
# VM version: JDK 17.0.18, OpenJDK 64-Bit Server VM, 17.0.18+8-Ubuntu-122.04.1
# VM invoker: /usr/lib/jvm/java-17-openjdk-amd64/bin/java
# VM options: -Xms4G -Xmx4G -XX:+UseG1GC -XX:+AlwaysPreTouch
# Blackhole mode: compiler (auto-detected, use -Djmh.blackhole.autoDetect=false to disable)
# Warmup: 5 iterations, 1 s each
# Measurement: 10 iterations, 1 s each
# Timeout: 10 min per iteration
# Threads: 1 thread, will synchronize iterations
# Benchmark mode: Throughput, ops/time
# Benchmark: de.splatgames.aether.datafixers.benchmarks.format.CrossFormatBenchmark.gsonToJackson
# Parameters: (payloadSize = MEDIUM)

# Run progress: 0.60% complete, ETA 02:09:24
# Fork: 1 of 3
# Warmup Iteration   1: 0.002 ops/us
# Warmup Iteration   2: 0.002 ops/us
# Warmup Iteration   3: 0.002 ops/us
# Warmup Iteration   4: 0.002 ops/us
# Warmup Iteration   5: 0.002 ops/us
Iteration   1: 0.002 ops/us
Iteration   2: 0.002 ops/us
Iteration   3: 0.002 ops/us
Iteration   4: 0.002 ops/us
Iteration   5: 0.002 ops/us
Iteration   6: 0.002 ops/us
Iteration   7: 0.002 ops/us
Iteration   8: 0.002 ops/us
Iteration   9: 0.002 ops/us
Iteration  10: 0.002 ops/us

# Run progress: 0.80% complete, ETA 02:09:12
# Fork: 2 of 3
# Warmup Iteration   1: 0.002 ops/us
# Warmup Iteration   2: 0.002 ops/us
# Warmup Iteration   3: 0.002 ops/us
# Warmup Iteration   4: 0.002 ops/us
# Warmup Iteration   5: 0.002 ops/us
Iteration   1: 0.002 ops/us
Iteration   2: 0.002 ops/us
Iteration   3: 0.002 ops/us
Iteration   4: 0.002 ops/us
Iteration   5: 0.002 ops/us
Iteration   6: 0.002 ops/us
Iteration   7: 0.002 ops/us
Iteration   8: 0.002 ops/us
Iteration   9: 0.002 ops/us
Iteration  10: 0.002 ops/us

# Run progress: 1.00% complete, ETA 02:08:55
# Fork: 3 of 3
# Warmup Iteration   1: 0.002 ops/us
# Warmup Iteration   2: 0.002 ops/us
# Warmup Iteration   3: 0.002 ops/us
# Warmup Iteration   4: 0.002 ops/us
# Warmup Iteration   5: 0.002 ops/us
Iteration   1: 0.002 ops/us
Iteration   2: 0.002 ops/us
Iteration   3: 0.002 ops/us
Iteration   4: 0.002 ops/us
Iteration   5: 0.002 ops/us
Iteration   6: 0.002 ops/us
Iteration   7: 0.002 ops/us
Iteration   8: 0.002 ops/us
Iteration   9: 0.002 ops/us
Iteration  10: 0.002 ops/us


Result "de.splatgames.aether.datafixers.benchmarks.format.CrossFormatBenchmark.gsonToJackson":
  0.002 ±(99.9%) 0.001 ops/us [Average]
  (min, avg, max) = (0.002, 0.002, 0.002), stdev = 0.001
  CI (99.9%): [0.002, 0.002] (assumes normal distribution)


# JMH version: 1.37
# VM version: JDK 17.0.18, OpenJDK 64-Bit Server VM, 17.0.18+8-Ubuntu-122.04.1
# VM invoker: /usr/lib/jvm/java-17-openjdk-amd64/bin/java
# VM options: -Xms4G -Xmx4G -XX:+UseG1GC -XX:+AlwaysPreTouch
# Blackhole mode: compiler (auto-detected, use -Djmh.blackhole.autoDetect=false to disable)
# Warmup: 5 iterations, 1 s each
# Measurement: 10 iterations, 1 s each
# Timeout: 10 min per iteration
# Threads: 1 thread, will synchronize iterations
# Benchmark mode: Throughput, ops/time
# Benchmark: de.splatgames.aether.datafixers.benchmarks.format.CrossFormatBenchmark.gsonToSnakeYaml
# Parameters: (payloadSize = SMALL)

# Run progress: 1.20% complete, ETA 02:08:37
# Fork: 1 of 3
# Warmup Iteration   1: 0.012 ops/us
# Warmup Iteration   2: 0.016 ops/us
# Warmup Iteration   3: 0.016 ops/us
# Warmup Iteration   4: 0.016 ops/us
# Warmup Iteration   5: 0.016 ops/us
Iteration   1: 0.016 ops/us
Iteration   2: 0.016 ops/us
Iteration   3: 0.016 ops/us
Iteration   4: 0.016 ops/us
Iteration   5: 0.016 ops/us
Iteration   6: 0.016 ops/us
Iteration   7: 0.016 ops/us
Iteration   8: 0.016 ops/us
Iteration   9: 0.016 ops/us
Iteration  10: 0.016 ops/us

# Run progress: 1.41% complete, ETA 02:08:21
# Fork: 2 of 3
# Warmup Iteration   1: 0.012 ops/us
# Warmup Iteration   2: 0.016 ops/us
# Warmup Iteration   3: 0.017 ops/us
# Warmup Iteration   4: 0.017 ops/us
# Warmup Iteration   5: 0.017 ops/us
Iteration   1: 0.017 ops/us
Iteration   2: 0.017 ops/us
Iteration   3: 0.016 ops/us
Iteration   4: 0.017 ops/us
Iteration   5: 0.016 ops/us
Iteration   6: 0.016 ops/us
Iteration   7: 0.016 ops/us
Iteration   8: 0.016 ops/us
Iteration   9: 0.016 ops/us
Iteration  10: 0.016 ops/us

# Run progress: 1.61% complete, ETA 02:08:05
# Fork: 3 of 3
# Warmup Iteration   1: 0.012 ops/us
# Warmup Iteration   2: 0.016 ops/us
# Warmup Iteration   3: 0.017 ops/us
# Warmup Iteration   4: 0.016 ops/us
# Warmup Iteration   5: 0.016 ops/us
Iteration   1: 0.016 ops/us
Iteration   2: 0.016 ops/us
Iteration   3: 0.017 ops/us
Iteration   4: 0.017 ops/us
Iteration   5: 0.017 ops/us
Iteration   6: 0.017 ops/us
Iteration   7: 0.017 ops/us
Iteration   8: 0.017 ops/us
Iteration   9: 0.016 ops/us
Iteration  10: 0.016 ops/us


Result "de.splatgames.aether.datafixers.benchmarks.format.CrossFormatBenchmark.gsonToSnakeYaml":
  0.016 ±(99.9%) 0.001 ops/us [Average]
  (min, avg, max) = (0.016, 0.016, 0.017), stdev = 0.001
  CI (99.9%): [0.016, 0.017] (assumes normal distribution)


# JMH version: 1.37
# VM version: JDK 17.0.18, OpenJDK 64-Bit Server VM, 17.0.18+8-Ubuntu-122.04.1
# VM invoker: /usr/lib/jvm/java-17-openjdk-amd64/bin/java
# VM options: -Xms4G -Xmx4G -XX:+UseG1GC -XX:+AlwaysPreTouch
# Blackhole mode: compiler (auto-detected, use -Djmh.blackhole.autoDetect=false to disable)
# Warmup: 5 iterations, 1 s each
# Measurement: 10 iterations, 1 s each
# Timeout: 10 min per iteration
# Threads: 1 thread, will synchronize iterations
# Benchmark mode: Throughput, ops/time
# Benchmark: de.splatgames.aether.datafixers.benchmarks.format.CrossFormatBenchmark.gsonToSnakeYaml
# Parameters: (payloadSize = MEDIUM)

# Run progress: 1.81% complete, ETA 02:07:50
# Fork: 1 of 3
# Warmup Iteration   1: 0.002 ops/us
# Warmup Iteration   2: 0.002 ops/us
# Warmup Iteration   3: 0.002 ops/us
# Warmup Iteration   4: 0.002 ops/us
# Warmup Iteration   5: 0.002 ops/us
Iteration   1: 0.002 ops/us
Iteration   2: 0.002 ops/us
Iteration   3: 0.002 ops/us
Iteration   4: 0.002 ops/us
Iteration   5: 0.002 ops/us
Iteration   6: 0.002 ops/us
Iteration   7: 0.002 ops/us
Iteration   8: 0.002 ops/us
Iteration   9: 0.002 ops/us
Iteration  10: 0.002 ops/us

# Run progress: 2.01% complete, ETA 02:07:34
# Fork: 2 of 3
# Warmup Iteration   1: 0.002 ops/us
# Warmup Iteration   2: 0.002 ops/us
# Warmup Iteration   3: 0.002 ops/us
# Warmup Iteration   4: 0.002 ops/us
# Warmup Iteration   5: 0.002 ops/us
Iteration   1: 0.002 ops/us
Iteration   2: 0.002 ops/us
Iteration   3: 0.002 ops/us
Iteration   4: 0.002 ops/us
Iteration   5: 0.002 ops/us
Iteration   6: 0.002 ops/us
Iteration   7: 0.002 ops/us
Iteration   8: 0.002 ops/us
Iteration   9: 0.002 ops/us
Iteration  10: 0.002 ops/us

# Run progress: 2.21% complete, ETA 02:07:18
# Fork: 3 of 3
# Warmup Iteration   1: 0.002 ops/us
# Warmup Iteration   2: 0.002 ops/us
# Warmup Iteration   3: 0.002 ops/us
# Warmup Iteration   4: 0.002 ops/us
# Warmup Iteration   5: 0.002 ops/us
Iteration   1: 0.002 ops/us
Iteration   2: 0.002 ops/us
Iteration   3: 0.002 ops/us
Iteration   4: 0.002 ops/us
Iteration   5: 0.002 ops/us
Iteration   6: 0.002 ops/us
Iteration   7: 0.002 ops/us
Iteration   8: 0.002 ops/us
Iteration   9: 0.002 ops/us
Iteration  10: 0.002 ops/us


Result "de.splatgames.aether.datafixers.benchmarks.format.CrossFormatBenchmark.gsonToSnakeYaml":
  0.002 ±(99.9%) 0.001 ops/us [Average]
  (min, avg, max) = (0.002, 0.002, 0.002), stdev = 0.001
  CI (99.9%): [0.002, 0.002] (assumes normal distribution)


# JMH version: 1.37
# VM version: JDK 17.0.18, OpenJDK 64-Bit Server VM, 17.0.18+8-Ubuntu-122.04.1
# VM invoker: /usr/lib/jvm/java-17-openjdk-amd64/bin/java
# VM options: -Xms4G -Xmx4G -XX:+UseG1GC -XX:+AlwaysPreTouch
# Blackhole mode: compiler (auto-detected, use -Djmh.blackhole.autoDetect=false to disable)
# Warmup: 5 iterations, 1 s each
# Measurement: 10 iterations, 1 s each
# Timeout: 10 min per iteration
# Threads: 1 thread, will synchronize iterations
# Benchmark mode: Throughput, ops/time
# Benchmark: de.splatgames.aether.datafixers.benchmarks.format.CrossFormatBenchmark.jacksonJsonToYaml
# Parameters: (payloadSize = SMALL)

# Run progress: 2.41% complete, ETA 02:07:02
# Fork: 1 of 3
# Warmup Iteration   1: 0.012 ops/us
# Warmup Iteration   2: 0.017 ops/us
# Warmup Iteration   3: 0.017 ops/us
# Warmup Iteration   4: 0.017 ops/us
# Warmup Iteration   5: 0.018 ops/us
Iteration   1: 0.017 ops/us
Iteration   2: 0.018 ops/us
Iteration   3: 0.017 ops/us
Iteration   4: 0.017 ops/us
Iteration   5: 0.017 ops/us
Iteration   6: 0.017 ops/us
Iteration   7: 0.017 ops/us
Iteration   8: 0.017 ops/us
Iteration   9: 0.017 ops/us
Iteration  10: 0.017 ops/us

# Run progress: 2.61% complete, ETA 02:06:46
# Fork: 2 of 3
# Warmup Iteration   1: 0.012 ops/us
# Warmup Iteration   2: 0.017 ops/us
# Warmup Iteration   3: 0.017 ops/us
# Warmup Iteration   4: 0.017 ops/us
# Warmup Iteration   5: 0.017 ops/us
Iteration   1: 0.017 ops/us
Iteration   2: 0.017 ops/us
Iteration   3: 0.017 ops/us
Iteration   4: 0.017 ops/us
Iteration   5: 0.017 ops/us
Iteration   6: 0.017 ops/us
Iteration   7: 0.017 ops/us
Iteration   8: 0.017 ops/us
Iteration   9: 0.017 ops/us
Iteration  10: 0.017 ops/us

# Run progress: 2.81% complete, ETA 02:06:30
# Fork: 3 of 3
# Warmup Iteration   1: 0.012 ops/us
# Warmup Iteration   2: 0.017 ops/us
# Warmup Iteration   3: 0.017 ops/us
# Warmup Iteration   4: 0.017 ops/us
# Warmup Iteration   5: 0.017 ops/us
Iteration   1: 0.017 ops/us
Iteration   2: 0.017 ops/us
Iteration   3: 0.017 ops/us
Iteration   4: 0.017 ops/us
Iteration   5: 0.017 ops/us
Iteration   6: 0.017 ops/us
Iteration   7: 0.017 ops/us
Iteration   8: 0.017 ops/us
Iteration   9: 0.017 ops/us
Iteration  10: 0.017 ops/us


Result "de.splatgames.aether.datafixers.benchmarks.format.CrossFormatBenchmark.jacksonJsonToYaml":
  0.017 ±(99.9%) 0.001 ops/us [Average]
  (min, avg, max) = (0.017, 0.017, 0.018), stdev = 0.001
  CI (99.9%): [0.017, 0.017] (assumes normal distribution)


# JMH version: 1.37
# VM version: JDK 17.0.18, OpenJDK 64-Bit Server VM, 17.0.18+8-Ubuntu-122.04.1
# VM invoker: /usr/lib/jvm/java-17-openjdk-amd64/bin/java
# VM options: -Xms4G -Xmx4G -XX:+UseG1GC -XX:+AlwaysPreTouch
# Blackhole mode: compiler (auto-detected, use -Djmh.blackhole.autoDetect=false to disable)
# Warmup: 5 iterations, 1 s each
# Measurement: 10 iterations, 1 s each
# Timeout: 10 min per iteration
# Threads: 1 thread, will synchronize iterations
# Benchmark mode: Throughput, ops/time
# Benchmark: de.splatgames.aether.datafixers.benchmarks.format.CrossFormatBenchmark.jacksonJsonToYaml
# Parameters: (payloadSize = MEDIUM)

# Run progress: 3.01% complete, ETA 02:06:14
# Fork: 1 of 3
# Warmup Iteration   1: 0.002 ops/us
# Warmup Iteration   2: 0.002 ops/us
# Warmup Iteration   3: 0.002 ops/us
# Warmup Iteration   4: 0.002 ops/us
# Warmup Iteration   5: 0.002 ops/us
Iteration   1: 0.002 ops/us
Iteration   2: 0.002 ops/us
Iteration   3: 0.002 ops/us
Iteration   4: 0.002 ops/us
Iteration   5: 0.002 ops/us
Iteration   6: 0.002 ops/us
Iteration   7: 0.002 ops/us
Iteration   8: 0.002 ops/us
Iteration   9: 0.002 ops/us
Iteration  10: 0.002 ops/us

# Run progress: 3.21% complete, ETA 02:05:58
# Fork: 2 of 3
# Warmup Iteration   1: 0.002 ops/us
# Warmup Iteration   2: 0.002 ops/us
# Warmup Iteration   3: 0.002 ops/us
# Warmup Iteration   4: 0.002 ops/us
# Warmup Iteration   5: 0.002 ops/us
Iteration   1: 0.002 ops/us
Iteration   2: 0.002 ops/us
Iteration   3: 0.002 ops/us
Iteration   4: 0.002 ops/us
Iteration   5: 0.002 ops/us
Iteration   6: 0.002 ops/us
Iteration   7: 0.002 ops/us
Iteration   8: 0.002 ops/us
Iteration   9: 0.002 ops/us
Iteration  10: 0.002 ops/us

# Run progress: 3.41% complete, ETA 02:05:42
# Fork: 3 of 3
# Warmup Iteration   1: 0.002 ops/us
# Warmup Iteration   2: 0.002 ops/us
# Warmup Iteration   3: 0.002 ops/us
# Warmup Iteration   4: 0.002 ops/us
# Warmup Iteration   5: 0.002 ops/us
Iteration   1: 0.002 ops/us
Iteration   2: 0.002 ops/us
Iteration   3: 0.002 ops/us
Iteration   4: 0.002 ops/us
Iteration   5: 0.002 ops/us
Iteration   6: 0.002 ops/us
Iteration   7: 0.002 ops/us
Iteration   8: 0.002 ops/us
Iteration   9: 0.002 ops/us
Iteration  10: 0.002 ops/us


Result "de.splatgames.aether.datafixers.benchmarks.format.CrossFormatBenchmark.jacksonJsonToYaml":
  0.002 ±(99.9%) 0.001 ops/us [Average]
  (min, avg, max) = (0.002, 0.002, 0.002), stdev = 0.001
  CI (99.9%): [0.002, 0.002] (assumes normal distribution)


# JMH version: 1.37
# VM version: JDK 17.0.18, OpenJDK 64-Bit Server VM, 17.0.18+8-Ubuntu-122.04.1
# VM invoker: /usr/lib/jvm/java-17-openjdk-amd64/bin/java
# VM options: -Xms4G -Xmx4G -XX:+UseG1GC -XX:+AlwaysPreTouch
# Blackhole mode: compiler (auto-detected, use -Djmh.blackhole.autoDetect=false to disable)
# Warmup: 5 iterations, 1 s each
# Measurement: 10 iterations, 1 s each
# Timeout: 10 min per iteration
# Threads: 1 thread, will synchronize iterations
# Benchmark mode: Throughput, ops/time
# Benchmark: de.splatgames.aether.datafixers.benchmarks.format.CrossFormatBenchmark.jacksonToGson
# Parameters: (payloadSize = SMALL)

# Run progress: 3.61% complete, ETA 02:05:27
# Fork: 1 of 3
# Warmup Iteration   1: 0.012 ops/us
# Warmup Iteration   2: 0.017 ops/us
# Warmup Iteration   3: 0.017 ops/us
# Warmup Iteration   4: 0.017 ops/us
# Warmup Iteration   5: 0.017 ops/us
Iteration   1: 0.017 ops/us
Iteration   2: 0.016 ops/us
Iteration   3: 0.017 ops/us
Iteration   4: 0.017 ops/us
Iteration   5: 0.017 ops/us
Iteration   6: 0.017 ops/us
Iteration   7: 0.017 ops/us
Iteration   8: 0.017 ops/us
Iteration   9: 0.017 ops/us
Iteration  10: 0.017 ops/us

# Run progress: 3.82% complete, ETA 02:05:11
# Fork: 2 of 3
# Warmup Iteration   1: 0.011 ops/us
# Warmup Iteration   2: 0.017 ops/us
# Warmup Iteration   3: 0.017 ops/us
# Warmup Iteration   4: 0.017 ops/us
# Warmup Iteration   5: 0.017 ops/us
Iteration   1: 0.017 ops/us
Iteration   2: 0.017 ops/us
Iteration   3: 0.017 ops/us
Iteration   4: 0.017 ops/us
Iteration   5: 0.017 ops/us
Iteration   6: 0.017 ops/us
Iteration   7: 0.016 ops/us
Iteration   8: 0.017 ops/us
Iteration   9: 0.017 ops/us
Iteration  10: 0.017 ops/us

# Run progress: 4.02% complete, ETA 02:04:55
# Fork: 3 of 3
# Warmup Iteration   1: 0.013 ops/us
# Warmup Iteration   2: 0.017 ops/us
# Warmup Iteration   3: 0.017 ops/us
# Warmup Iteration   4: 0.017 ops/us
# Warmup Iteration   5: 0.017 ops/us
Iteration   1: 0.017 ops/us
Iteration   2: 0.017 ops/us
Iteration   3: 0.016 ops/us
Iteration   4: 0.017 ops/us
Iteration   5: 0.017 ops/us
Iteration   6: 0.017 ops/us
Iteration   7: 0.017 ops/us
Iteration   8: 0.017 ops/us
Iteration   9: 0.017 ops/us
Iteration  10: 0.017 ops/us


Result "de.splatgames.aether.datafixers.benchmarks.format.CrossFormatBenchmark.jacksonToGson":
  0.017 ±(99.9%) 0.001 ops/us [Average]
  (min, avg, max) = (0.016, 0.017, 0.017), stdev = 0.001
  CI (99.9%): [0.017, 0.017] (assumes normal distribution)


# JMH version: 1.37
# VM version: JDK 17.0.18, OpenJDK 64-Bit Server VM, 17.0.18+8-Ubuntu-122.04.1
# VM invoker: /usr/lib/jvm/java-17-openjdk-amd64/bin/java
# VM options: -Xms4G -Xmx4G -XX:+UseG1GC -XX:+AlwaysPreTouch
# Blackhole mode: compiler (auto-detected, use -Djmh.blackhole.autoDetect=false to disable)
# Warmup: 5 iterations, 1 s each
# Measurement: 10 iterations, 1 s each
# Timeout: 10 min per iteration
# Threads: 1 thread, will synchronize iterations
# Benchmark mode: Throughput, ops/time
# Benchmark: de.splatgames.aether.datafixers.benchmarks.format.CrossFormatBenchmark.jacksonToGson
# Parameters: (payloadSize = MEDIUM)

# Run progress: 4.22% complete, ETA 02:04:39
# Fork: 1 of 3
# Warmup Iteration   1: 0.002 ops/us
# Warmup Iteration   2: 0.002 ops/us
# Warmup Iteration   3: 0.002 ops/us
# Warmup Iteration   4: 0.002 ops/us
# Warmup Iteration   5: 0.002 ops/us
Iteration   1: 0.002 ops/us
Iteration   2: 0.002 ops/us
Iteration   3: 0.002 ops/us
Iteration   4: 0.002 ops/us
Iteration   5: 0.002 ops/us
Iteration   6: 0.002 ops/us
Iteration   7: 0.002 ops/us
Iteration   8: 0.002 ops/us
Iteration   9: 0.002 ops/us
Iteration  10: 0.002 ops/us

# Run progress: 4.42% complete, ETA 02:04:23
# Fork: 2 of 3
# Warmup Iteration   1: 0.002 ops/us
# Warmup Iteration   2: 0.002 ops/us
# Warmup Iteration   3: 0.002 ops/us
# Warmup Iteration   4: 0.002 ops/us
# Warmup Iteration   5: 0.002 ops/us
Iteration   1: 0.002 ops/us
Iteration   2: 0.002 ops/us
Iteration   3: 0.002 ops/us
Iteration   4: 0.002 ops/us
Iteration   5: 0.002 ops/us
Iteration   6: 0.002 ops/us
Iteration   7: 0.002 ops/us
Iteration   8: 0.002 ops/us
Iteration   9: 0.002 ops/us
Iteration  10: 0.002 ops/us

# Run progress: 4.62% complete, ETA 02:04:08
# Fork: 3 of 3
# Warmup Iteration   1: 0.002 ops/us
# Warmup Iteration   2: 0.002 ops/us
# Warmup Iteration   3: 0.002 ops/us
# Warmup Iteration   4: 0.002 ops/us
# Warmup Iteration   5: 0.002 ops/us
Iteration   1: 0.002 ops/us
Iteration   2: 0.002 ops/us
Iteration   3: 0.002 ops/us
Iteration   4: 0.002 ops/us
Iteration   5: 0.002 ops/us
Iteration   6: 0.002 ops/us
Iteration   7: 0.002 ops/us
Iteration   8: 0.002 ops/us
Iteration   9: 0.002 ops/us
Iteration  10: 0.002 ops/us


Result "de.splatgames.aether.datafixers.benchmarks.format.CrossFormatBenchmark.jacksonToGson":
  0.002 ±(99.9%) 0.001 ops/us [Average]
  (min, avg, max) = (0.002, 0.002, 0.002), stdev = 0.001
  CI (99.9%): [0.002, 0.002] (assumes normal distribution)


# JMH version: 1.37
# VM version: JDK 17.0.18, OpenJDK 64-Bit Server VM, 17.0.18+8-Ubuntu-122.04.1
# VM invoker: /usr/lib/jvm/java-17-openjdk-amd64/bin/java
# VM options: -Xms4G -Xmx4G -XX:+UseG1GC -XX:+AlwaysPreTouch
# Blackhole mode: compiler (auto-detected, use -Djmh.blackhole.autoDetect=false to disable)
# Warmup: 5 iterations, 1 s each
# Measurement: 10 iterations, 1 s each
# Timeout: 10 min per iteration
# Threads: 1 thread, will synchronize iterations
# Benchmark mode: Throughput, ops/time
# Benchmark: de.splatgames.aether.datafixers.benchmarks.format.CrossFormatBenchmark.jacksonYamlToJson
# Parameters: (payloadSize = SMALL)

# Run progress: 4.82% complete, ETA 02:03:52
# Fork: 1 of 3
# Warmup Iteration   1: 0.012 ops/us
# Warmup Iteration   2: 0.017 ops/us
# Warmup Iteration   3: 0.017 ops/us
# Warmup Iteration   4: 0.017 ops/us
# Warmup Iteration   5: 0.017 ops/us
Iteration   1: 0.017 ops/us
Iteration   2: 0.017 ops/us
Iteration   3: 0.017 ops/us
Iteration   4: 0.017 ops/us
Iteration   5: 0.017 ops/us
Iteration   6: 0.017 ops/us
Iteration   7: 0.017 ops/us
Iteration   8: 0.017 ops/us
Iteration   9: 0.017 ops/us
Iteration  10: 0.017 ops/us

# Run progress: 5.02% complete, ETA 02:03:36
# Fork: 2 of 3
# Warmup Iteration   1: 0.012 ops/us
# Warmup Iteration   2: 0.017 ops/us
# Warmup Iteration   3: 0.017 ops/us
# Warmup Iteration   4: 0.017 ops/us
# Warmup Iteration   5: 0.017 ops/us
Iteration   1: 0.017 ops/us
Iteration   2: 0.017 ops/us
Iteration   3: 0.017 ops/us
Iteration   4: 0.017 ops/us
Iteration   5: 0.017 ops/us
Iteration   6: 0.017 ops/us
Iteration   7: 0.017 ops/us
Iteration   8: 0.017 ops/us
Iteration   9: 0.017 ops/us
Iteration  10: 0.017 ops/us

# Run progress: 5.22% complete, ETA 02:03:21
# Fork: 3 of 3
# Warmup Iteration   1: 0.012 ops/us
# Warmup Iteration   2: 0.017 ops/us
# Warmup Iteration   3: 0.017 ops/us
# Warmup Iteration   4: 0.017 ops/us
# Warmup Iteration   5: 0.017 ops/us
Iteration   1: 0.017 ops/us
Iteration   2: 0.017 ops/us
Iteration   3: 0.017 ops/us
Iteration   4: 0.017 ops/us
Iteration   5: 0.017 ops/us
Iteration   6: 0.017 ops/us
Iteration   7: 0.017 ops/us
Iteration   8: 0.017 ops/us
Iteration   9: 0.017 ops/us
Iteration  10: 0.017 ops/us


Result "de.splatgames.aether.datafixers.benchmarks.format.CrossFormatBenchmark.jacksonYamlToJson":
  0.017 ±(99.9%) 0.001 ops/us [Average]
  (min, avg, max) = (0.017, 0.017, 0.017), stdev = 0.001
  CI (99.9%): [0.017, 0.017] (assumes normal distribution)


# JMH version: 1.37
# VM version: JDK 17.0.18, OpenJDK 64-Bit Server VM, 17.0.18+8-Ubuntu-122.04.1
# VM invoker: /usr/lib/jvm/java-17-openjdk-amd64/bin/java
# VM options: -Xms4G -Xmx4G -XX:+UseG1GC -XX:+AlwaysPreTouch
# Blackhole mode: compiler (auto-detected, use -Djmh.blackhole.autoDetect=false to disable)
# Warmup: 5 iterations, 1 s each
# Measurement: 10 iterations, 1 s each
# Timeout: 10 min per iteration
# Threads: 1 thread, will synchronize iterations
# Benchmark mode: Throughput, ops/time
# Benchmark: de.splatgames.aether.datafixers.benchmarks.format.CrossFormatBenchmark.jacksonYamlToJson
# Parameters: (payloadSize = MEDIUM)

# Run progress: 5.42% complete, ETA 02:03:05
# Fork: 1 of 3
# Warmup Iteration   1: 0.002 ops/us
# Warmup Iteration   2: 0.002 ops/us
# Warmup Iteration   3: 0.002 ops/us
# Warmup Iteration   4: 0.002 ops/us
# Warmup Iteration   5: 0.002 ops/us
Iteration   1: 0.002 ops/us
Iteration   2: 0.002 ops/us
Iteration   3: 0.002 ops/us
Iteration   4: 0.002 ops/us
Iteration   5: 0.002 ops/us
Iteration   6: 0.002 ops/us
Iteration   7: 0.002 ops/us
Iteration   8: 0.002 ops/us
Iteration   9: 0.002 ops/us
Iteration  10: 0.002 ops/us

# Run progress: 5.62% complete, ETA 02:02:49
# Fork: 2 of 3
# Warmup Iteration   1: 0.002 ops/us
# Warmup Iteration   2: 0.002 ops/us
# Warmup Iteration   3: 0.002 ops/us
# Warmup Iteration   4: 0.002 ops/us
# Warmup Iteration   5: 0.002 ops/us
Iteration   1: 0.002 ops/us
Iteration   2: 0.002 ops/us
Iteration   3: 0.002 ops/us
Iteration   4: 0.002 ops/us
Iteration   5: 0.002 ops/us
Iteration   6: 0.002 ops/us
Iteration   7: 0.002 ops/us
Iteration   8: 0.002 ops/us
Iteration   9: 0.002 ops/us
Iteration  10: 0.002 ops/us

# Run progress: 5.82% complete, ETA 02:02:34
# Fork: 3 of 3
# Warmup Iteration   1: 0.002 ops/us
# Warmup Iteration   2: 0.002 ops/us
# Warmup Iteration   3: 0.002 ops/us
# Warmup Iteration   4: 0.002 ops/us
# Warmup Iteration   5: 0.002 ops/us
Iteration   1: 0.002 ops/us
Iteration   2: 0.002 ops/us
Iteration   3: 0.002 ops/us
Iteration   4: 0.002 ops/us
Iteration   5: 0.002 ops/us
Iteration   6: 0.002 ops/us
Iteration   7: 0.002 ops/us
Iteration   8: 0.002 ops/us
Iteration   9: 0.002 ops/us
Iteration  10: 0.002 ops/us


Result "de.splatgames.aether.datafixers.benchmarks.format.CrossFormatBenchmark.jacksonYamlToJson":
  0.002 ±(99.9%) 0.001 ops/us [Average]
  (min, avg, max) = (0.002, 0.002, 0.002), stdev = 0.001
  CI (99.9%): [0.002, 0.002] (assumes normal distribution)


# JMH version: 1.37
# VM version: JDK 17.0.18, OpenJDK 64-Bit Server VM, 17.0.18+8-Ubuntu-122.04.1
# VM invoker: /usr/lib/jvm/java-17-openjdk-amd64/bin/java
# VM options: -Xms4G -Xmx4G -XX:+UseG1GC -XX:+AlwaysPreTouch
# Blackhole mode: compiler (auto-detected, use -Djmh.blackhole.autoDetect=false to disable)
# Warmup: 5 iterations, 1 s each
# Measurement: 10 iterations, 1 s each
# Timeout: 10 min per iteration
# Threads: 1 thread, will synchronize iterations
# Benchmark mode: Throughput, ops/time
# Benchmark: de.splatgames.aether.datafixers.benchmarks.format.CrossFormatBenchmark.jacksonYamlToSnakeYaml
# Parameters: (payloadSize = SMALL)

# Run progress: 6.02% complete, ETA 02:02:18
# Fork: 1 of 3
# Warmup Iteration   1: 0.012 ops/us
# Warmup Iteration   2: 0.017 ops/us
# Warmup Iteration   3: 0.017 ops/us
# Warmup Iteration   4: 0.017 ops/us
# Warmup Iteration   5: 0.017 ops/us
Iteration   1: 0.017 ops/us
Iteration   2: 0.017 ops/us
Iteration   3: 0.018 ops/us
Iteration   4: 0.017 ops/us
Iteration   5: 0.017 ops/us
Iteration   6: 0.017 ops/us
Iteration   7: 0.017 ops/us
Iteration   8: 0.017 ops/us
Iteration   9: 0.017 ops/us
Iteration  10: 0.017 ops/us

# Run progress: 6.22% complete, ETA 02:02:03
# Fork: 2 of 3
# Warmup Iteration   1: 0.012 ops/us
# Warmup Iteration   2: 0.017 ops/us
# Warmup Iteration   3: 0.017 ops/us
# Warmup Iteration   4: 0.018 ops/us
# Warmup Iteration   5: 0.018 ops/us
Iteration   1: 0.017 ops/us
Iteration   2: 0.017 ops/us
Iteration   3: 0.018 ops/us
Iteration   4: 0.018 ops/us
Iteration   5: 0.017 ops/us
Iteration   6: 0.017 ops/us
Iteration   7: 0.017 ops/us
Iteration   8: 0.017 ops/us
Iteration   9: 0.018 ops/us
Iteration  10: 0.018 ops/us

# Run progress: 6.43% complete, ETA 02:01:47
# Fork: 3 of 3
# Warmup Iteration   1: 0.012 ops/us
# Warmup Iteration   2: 0.017 ops/us
# Warmup Iteration   3: 0.017 ops/us
# Warmup Iteration   4: 0.018 ops/us
# Warmup Iteration   5: 0.018 ops/us
Iteration   1: 0.017 ops/us
Iteration   2: 0.017 ops/us
Iteration   3: 0.017 ops/us
Iteration   4: 0.017 ops/us
Iteration   5: 0.017 ops/us
Iteration   6: 0.018 ops/us
Iteration   7: 0.017 ops/us
Iteration   8: 0.017 ops/us
Iteration   9: 0.018 ops/us
Iteration  10: 0.017 ops/us


Result "de.splatgames.aether.datafixers.benchmarks.format.CrossFormatBenchmark.jacksonYamlToSnakeYaml":
  0.017 ±(99.9%) 0.001 ops/us [Average]
  (min, avg, max) = (0.017, 0.017, 0.018), stdev = 0.001
  CI (99.9%): [0.017, 0.018] (assumes normal distribution)


# JMH version: 1.37
# VM version: JDK 17.0.18, OpenJDK 64-Bit Server VM, 17.0.18+8-Ubuntu-122.04.1
# VM invoker: /usr/lib/jvm/java-17-openjdk-amd64/bin/java
# VM options: -Xms4G -Xmx4G -XX:+UseG1GC -XX:+AlwaysPreTouch
# Blackhole mode: compiler (auto-detected, use -Djmh.blackhole.autoDetect=false to disable)
# Warmup: 5 iterations, 1 s each
# Measurement: 10 iterations, 1 s each
# Timeout: 10 min per iteration
# Threads: 1 thread, will synchronize iterations
# Benchmark mode: Throughput, ops/time
# Benchmark: de.splatgames.aether.datafixers.benchmarks.format.CrossFormatBenchmark.jacksonYamlToSnakeYaml
# Parameters: (payloadSize = MEDIUM)

# Run progress: 6.63% complete, ETA 02:01:31
# Fork: 1 of 3
# Warmup Iteration   1: 0.002 ops/us
# Warmup Iteration   2: 0.002 ops/us
# Warmup Iteration   3: 0.002 ops/us
# Warmup Iteration   4: 0.002 ops/us
# Warmup Iteration   5: 0.002 ops/us
Iteration   1: 0.002 ops/us
Iteration   2: 0.002 ops/us
Iteration   3: 0.002 ops/us
Iteration   4: 0.002 ops/us
Iteration   5: 0.002 ops/us
Iteration   6: 0.002 ops/us
Iteration   7: 0.002 ops/us
Iteration   8: 0.002 ops/us
Iteration   9: 0.002 ops/us
Iteration  10: 0.002 ops/us

# Run progress: 6.83% complete, ETA 02:01:16
# Fork: 2 of 3
# Warmup Iteration   1: 0.002 ops/us
# Warmup Iteration   2: 0.002 ops/us
# Warmup Iteration   3: 0.002 ops/us
# Warmup Iteration   4: 0.002 ops/us
# Warmup Iteration   5: 0.002 ops/us
Iteration   1: 0.002 ops/us
Iteration   2: 0.002 ops/us
Iteration   3: 0.002 ops/us
Iteration   4: 0.002 ops/us
Iteration   5: 0.002 ops/us
Iteration   6: 0.002 ops/us
Iteration   7: 0.002 ops/us
Iteration   8: 0.002 ops/us
Iteration   9: 0.002 ops/us
Iteration  10: 0.002 ops/us

# Run progress: 7.03% complete, ETA 02:01:00
# Fork: 3 of 3
# Warmup Iteration   1: 0.002 ops/us
# Warmup Iteration   2: 0.002 ops/us
# Warmup Iteration   3: 0.002 ops/us
# Warmup Iteration   4: 0.002 ops/us
# Warmup Iteration   5: 0.002 ops/us
Iteration   1: 0.002 ops/us
Iteration   2: 0.002 ops/us
Iteration   3: 0.002 ops/us
Iteration   4: 0.002 ops/us
Iteration   5: 0.002 ops/us
Iteration   6: 0.002 ops/us
Iteration   7: 0.002 ops/us
Iteration   8: 0.002 ops/us
Iteration   9: 0.002 ops/us
Iteration  10: 0.002 ops/us


Result "de.splatgames.aether.datafixers.benchmarks.format.CrossFormatBenchmark.jacksonYamlToSnakeYaml":
  0.002 ±(99.9%) 0.001 ops/us [Average]
  (min, avg, max) = (0.002, 0.002, 0.002), stdev = 0.001
  CI (99.9%): [0.002, 0.002] (assumes normal distribution)


# JMH version: 1.37
# VM version: JDK 17.0.18, OpenJDK 64-Bit Server VM, 17.0.18+8-Ubuntu-122.04.1
# VM invoker: /usr/lib/jvm/java-17-openjdk-amd64/bin/java
# VM options: -Xms4G -Xmx4G -XX:+UseG1GC -XX:+AlwaysPreTouch
# Blackhole mode: compiler (auto-detected, use -Djmh.blackhole.autoDetect=false to disable)
# Warmup: 5 iterations, 1 s each
# Measurement: 10 iterations, 1 s each
# Timeout: 10 min per iteration
# Threads: 1 thread, will synchronize iterations
# Benchmark mode: Throughput, ops/time
# Benchmark: de.splatgames.aether.datafixers.benchmarks.format.CrossFormatBenchmark.snakeYamlToGson
# Parameters: (payloadSize = SMALL)

# Run progress: 7.23% complete, ETA 02:00:45
# Fork: 1 of 3
# Warmup Iteration   1: 0.032 ops/us
# Warmup Iteration   2: 0.036 ops/us
# Warmup Iteration   3: 0.036 ops/us
# Warmup Iteration   4: 0.037 ops/us
# Warmup Iteration   5: 0.036 ops/us
Iteration   1: 0.036 ops/us
Iteration   2: 0.036 ops/us
Iteration   3: 0.037 ops/us
Iteration   4: 0.036 ops/us
Iteration   5: 0.036 ops/us
Iteration   6: 0.036 ops/us
Iteration   7: 0.035 ops/us
Iteration   8: 0.036 ops/us
Iteration   9: 0.035 ops/us
Iteration  10: 0.035 ops/us

# Run progress: 7.43% complete, ETA 02:00:29
# Fork: 2 of 3
# Warmup Iteration   1: 0.033 ops/us
# Warmup Iteration   2: 0.036 ops/us
# Warmup Iteration   3: 0.036 ops/us
# Warmup Iteration   4: 0.036 ops/us
# Warmup Iteration   5: 0.036 ops/us
Iteration   1: 0.036 ops/us
Iteration   2: 0.036 ops/us
Iteration   3: 0.036 ops/us
Iteration   4: 0.036 ops/us
Iteration   5: 0.035 ops/us
Iteration   6: 0.035 ops/us
Iteration   7: 0.036 ops/us
Iteration   8: 0.036 ops/us
Iteration   9: 0.036 ops/us
Iteration  10: 0.036 ops/us

# Run progress: 7.63% complete, ETA 02:00:13
# Fork: 3 of 3
# Warmup Iteration   1: 0.033 ops/us
# Warmup Iteration   2: 0.036 ops/us
# Warmup Iteration   3: 0.037 ops/us
# Warmup Iteration   4: 0.036 ops/us
# Warmup Iteration   5: 0.036 ops/us
Iteration   1: 0.037 ops/us
Iteration   2: 0.037 ops/us
Iteration   3: 0.036 ops/us
Iteration   4: 0.037 ops/us
Iteration   5: 0.037 ops/us
Iteration   6: 0.036 ops/us
Iteration   7: 0.036 ops/us
Iteration   8: 0.036 ops/us
Iteration   9: 0.036 ops/us
Iteration  10: 0.036 ops/us


Result "de.splatgames.aether.datafixers.benchmarks.format.CrossFormatBenchmark.snakeYamlToGson":
  0.036 ±(99.9%) 0.001 ops/us [Average]
  (min, avg, max) = (0.035, 0.036, 0.037), stdev = 0.001
  CI (99.9%): [0.036, 0.036] (assumes normal distribution)


# JMH version: 1.37
# VM version: JDK 17.0.18, OpenJDK 64-Bit Server VM, 17.0.18+8-Ubuntu-122.04.1
# VM invoker: /usr/lib/jvm/java-17-openjdk-amd64/bin/java
# VM options: -Xms4G -Xmx4G -XX:+UseG1GC -XX:+AlwaysPreTouch
# Blackhole mode: compiler (auto-detected, use -Djmh.blackhole.autoDetect=false to disable)
# Warmup: 5 iterations, 1 s each
# Measurement: 10 iterations, 1 s each
# Timeout: 10 min per iteration
# Threads: 1 thread, will synchronize iterations
# Benchmark mode: Throughput, ops/time
# Benchmark: de.splatgames.aether.datafixers.benchmarks.format.CrossFormatBenchmark.snakeYamlToGson
# Parameters: (payloadSize = MEDIUM)

# Run progress: 7.83% complete, ETA 01:59:58
# Fork: 1 of 3
# Warmup Iteration   1: 0.004 ops/us
# Warmup Iteration   2: 0.004 ops/us
# Warmup Iteration   3: 0.004 ops/us
# Warmup Iteration   4: 0.004 ops/us
# Warmup Iteration   5: 0.004 ops/us
Iteration   1: 0.004 ops/us
Iteration   2: 0.004 ops/us
Iteration   3: 0.004 ops/us
Iteration   4: 0.004 ops/us
Iteration   5: 0.004 ops/us
Iteration   6: 0.004 ops/us
Iteration   7: 0.004 ops/us
Iteration   8: 0.004 ops/us
Iteration   9: 0.004 ops/us
Iteration  10: 0.004 ops/us

# Run progress: 8.03% complete, ETA 01:59:42
# Fork: 2 of 3
# Warmup Iteration   1: 0.004 ops/us
# Warmup Iteration   2: 0.004 ops/us
# Warmup Iteration   3: 0.004 ops/us
# Warmup Iteration   4: 0.004 ops/us
# Warmup Iteration   5: 0.004 ops/us
Iteration   1: 0.004 ops/us
Iteration   2: 0.004 ops/us
Iteration   3: 0.005 ops/us
Iteration   4: 0.005 ops/us
Iteration   5: 0.004 ops/us
Iteration   6: 0.005 ops/us
Iteration   7: 0.004 ops/us
Iteration   8: 0.004 ops/us
Iteration   9: 0.004 ops/us
Iteration  10: 0.004 ops/us

# Run progress: 8.23% complete, ETA 01:59:26
# Fork: 3 of 3
# Warmup Iteration   1: 0.004 ops/us
# Warmup Iteration   2: 0.004 ops/us
# Warmup Iteration   3: 0.004 ops/us
# Warmup Iteration   4: 0.005 ops/us
# Warmup Iteration   5: 0.004 ops/us
Iteration   1: 0.005 ops/us
Iteration   2: 0.004 ops/us
Iteration   3: 0.005 ops/us
Iteration   4: 0.004 ops/us
Iteration   5: 0.005 ops/us
Iteration   6: 0.005 ops/us
Iteration   7: 0.005 ops/us
Iteration   8: 0.005 ops/us
Iteration   9: 0.005 ops/us
Iteration  10: 0.004 ops/us


Result "de.splatgames.aether.datafixers.benchmarks.format.CrossFormatBenchmark.snakeYamlToGson":
  0.004 ±(99.9%) 0.001 ops/us [Average]
  (min, avg, max) = (0.004, 0.004, 0.005), stdev = 0.001
  CI (99.9%): [0.004, 0.004] (assumes normal distribution)


# JMH version: 1.37
# VM version: JDK 17.0.18, OpenJDK 64-Bit Server VM, 17.0.18+8-Ubuntu-122.04.1
# VM invoker: /usr/lib/jvm/java-17-openjdk-amd64/bin/java
# VM options: -Xms4G -Xmx4G -XX:+UseG1GC -XX:+AlwaysPreTouch
# Blackhole mode: compiler (auto-detected, use -Djmh.blackhole.autoDetect=false to disable)
# Warmup: 5 iterations, 1 s each
# Measurement: 10 iterations, 1 s each
# Timeout: 10 min per iteration
# Threads: 1 thread, will synchronize iterations
# Benchmark mode: Throughput, ops/time
# Benchmark: de.splatgames.aether.datafixers.benchmarks.format.CrossFormatBenchmark.snakeYamlToJacksonYaml
# Parameters: (payloadSize = SMALL)

# Run progress: 8.43% complete, ETA 01:59:11
# Fork: 1 of 3
# Warmup Iteration   1: 0.034 ops/us
# Warmup Iteration   2: 0.037 ops/us
# Warmup Iteration   3: 0.037 ops/us
# Warmup Iteration   4: 0.037 ops/us
# Warmup Iteration   5: 0.037 ops/us
Iteration   1: 0.037 ops/us
Iteration   2: 0.037 ops/us
Iteration   3: 0.037 ops/us
Iteration   4: 0.036 ops/us
Iteration   5: 0.037 ops/us
Iteration   6: 0.036 ops/us
Iteration   7: 0.037 ops/us
Iteration   8: 0.037 ops/us
Iteration   9: 0.037 ops/us
Iteration  10: 0.037 ops/us

# Run progress: 8.63% complete, ETA 01:58:55
# Fork: 2 of 3
# Warmup Iteration   1: 0.034 ops/us
# Warmup Iteration   2: 0.037 ops/us
# Warmup Iteration   3: 0.037 ops/us
# Warmup Iteration   4: 0.037 ops/us
# Warmup Iteration   5: 0.037 ops/us
Iteration   1: 0.036 ops/us
Iteration   2: 0.037 ops/us
Iteration   3: 0.036 ops/us
Iteration   4: 0.037 ops/us
Iteration   5: 0.037 ops/us
Iteration   6: 0.037 ops/us
Iteration   7: 0.037 ops/us
Iteration   8: 0.036 ops/us
Iteration   9: 0.037 ops/us
Iteration  10: 0.037 ops/us

# Run progress: 8.84% complete, ETA 01:58:39
# Fork: 3 of 3
# Warmup Iteration   1: 0.034 ops/us
# Warmup Iteration   2: 0.037 ops/us
# Warmup Iteration   3: 0.037 ops/us
# Warmup Iteration   4: 0.037 ops/us
# Warmup Iteration   5: 0.037 ops/us
Iteration   1: 0.037 ops/us
Iteration   2: 0.037 ops/us
Iteration   3: 0.037 ops/us
Iteration   4: 0.037 ops/us
Iteration   5: 0.036 ops/us
Iteration   6: 0.037 ops/us
Iteration   7: 0.037 ops/us
Iteration   8: 0.037 ops/us
Iteration   9: 0.036 ops/us
Iteration  10: 0.036 ops/us


Result "de.splatgames.aether.datafixers.benchmarks.format.CrossFormatBenchmark.snakeYamlToJacksonYaml":
  0.037 ±(99.9%) 0.001 ops/us [Average]
  (min, avg, max) = (0.036, 0.037, 0.037), stdev = 0.001
  CI (99.9%): [0.036, 0.037] (assumes normal distribution)


# JMH version: 1.37
# VM version: JDK 17.0.18, OpenJDK 64-Bit Server VM, 17.0.18+8-Ubuntu-122.04.1
# VM invoker: /usr/lib/jvm/java-17-openjdk-amd64/bin/java
# VM options: -Xms4G -Xmx4G -XX:+UseG1GC -XX:+AlwaysPreTouch
# Blackhole mode: compiler (auto-detected, use -Djmh.blackhole.autoDetect=false to disable)
# Warmup: 5 iterations, 1 s each
# Measurement: 10 iterations, 1 s each
# Timeout: 10 min per iteration
# Threads: 1 thread, will synchronize iterations
# Benchmark mode: Throughput, ops/time
# Benchmark: de.splatgames.aether.datafixers.benchmarks.format.CrossFormatBenchmark.snakeYamlToJacksonYaml
# Parameters: (payloadSize = MEDIUM)

# Run progress: 9.04% complete, ETA 01:58:23
# Fork: 1 of 3
# Warmup Iteration   1: 0.004 ops/us
# Warmup Iteration   2: 0.005 ops/us
# Warmup Iteration   3: 0.005 ops/us
# Warmup Iteration   4: 0.005 ops/us
# Warmup Iteration   5: 0.005 ops/us
Iteration   1: 0.005 ops/us
Iteration   2: 0.005 ops/us
Iteration   3: 0.005 ops/us
Iteration   4: 0.005 ops/us
Iteration   5: 0.005 ops/us
Iteration   6: 0.005 ops/us
Iteration   7: 0.005 ops/us
Iteration   8: 0.005 ops/us
Iteration   9: 0.005 ops/us
Iteration  10: 0.005 ops/us

# Run progress: 9.24% complete, ETA 01:58:08
# Fork: 2 of 3
# Warmup Iteration   1: 0.004 ops/us
# Warmup Iteration   2: 0.005 ops/us
# Warmup Iteration   3: 0.005 ops/us
# Warmup Iteration   4: 0.005 ops/us
# Warmup Iteration   5: 0.005 ops/us
Iteration   1: 0.005 ops/us
Iteration   2: 0.005 ops/us
Iteration   3: 0.005 ops/us
Iteration   4: 0.004 ops/us
Iteration   5: 0.005 ops/us
Iteration   6: 0.005 ops/us
Iteration   7: 0.005 ops/us
Iteration   8: 0.005 ops/us
Iteration   9: 0.005 ops/us
Iteration  10: 0.005 ops/us

# Run progress: 9.44% complete, ETA 01:57:52
# Fork: 3 of 3
# Warmup Iteration   1: 0.004 ops/us
# Warmup Iteration   2: 0.005 ops/us
# Warmup Iteration   3: 0.005 ops/us
# Warmup Iteration   4: 0.005 ops/us
# Warmup Iteration   5: 0.005 ops/us
Iteration   1: 0.005 ops/us
Iteration   2: 0.005 ops/us
Iteration   3: 0.005 ops/us
Iteration   4: 0.005 ops/us
Iteration   5: 0.005 ops/us
Iteration   6: 0.005 ops/us
Iteration   7: 0.005 ops/us
Iteration   8: 0.005 ops/us
Iteration   9: 0.005 ops/us
Iteration  10: 0.005 ops/us


Result "de.splatgames.aether.datafixers.benchmarks.format.CrossFormatBenchmark.snakeYamlToJacksonYaml":
  0.005 ±(99.9%) 0.001 ops/us [Average]
  (min, avg, max) = (0.004, 0.005, 0.005), stdev = 0.001
  CI (99.9%): [0.005, 0.005] (assumes normal distribution)


# JMH version: 1.37
# VM version: JDK 17.0.18, OpenJDK 64-Bit Server VM, 17.0.18+8-Ubuntu-122.04.1
# VM invoker: /usr/lib/jvm/java-17-openjdk-amd64/bin/java
# VM options: -Xms4G -Xmx4G -XX:+UseG1GC -XX:+AlwaysPreTouch
# Blackhole mode: compiler (auto-detected, use -Djmh.blackhole.autoDetect=false to disable)
# Warmup: 5 iterations, 1 s each
# Measurement: 10 iterations, 1 s each
# Timeout: 10 min per iteration
# Threads: 1 thread, will synchronize iterations
# Benchmark mode: Throughput, ops/time
# Benchmark: de.splatgames.aether.datafixers.benchmarks.format.JsonBenchmark.crossFormatMigrationJacksonInput
# Parameters: (payloadSize = SMALL)

# Run progress: 9.64% complete, ETA 01:57:36
# Fork: 1 of 3
# Warmup Iteration   1: 3.238 ops/us
# Warmup Iteration   2: 3.748 ops/us
# Warmup Iteration   3: 3.776 ops/us
# Warmup Iteration   4: 3.768 ops/us
# Warmup Iteration   5: 3.743 ops/us
Iteration   1: 3.768 ops/us
Iteration   2: 3.749 ops/us
Iteration   3: 3.775 ops/us
Iteration   4: 3.792 ops/us
Iteration   5: 3.792 ops/us
Iteration   6: 3.785 ops/us
Iteration   7: 3.817 ops/us
Iteration   8: 3.797 ops/us
Iteration   9: 3.780 ops/us
Iteration  10: 3.742 ops/us

# Run progress: 9.84% complete, ETA 01:57:20
# Fork: 2 of 3
# Warmup Iteration   1: 3.267 ops/us
# Warmup Iteration   2: 3.677 ops/us
# Warmup Iteration   3: 3.710 ops/us
# Warmup Iteration   4: 3.567 ops/us
# Warmup Iteration   5: 3.690 ops/us
Iteration   1: 3.676 ops/us
Iteration   2: 3.676 ops/us
Iteration   3: 3.657 ops/us
Iteration   4: 3.687 ops/us
Iteration   5: 3.695 ops/us
Iteration   6: 3.653 ops/us
Iteration   7: 3.696 ops/us
Iteration   8: 3.732 ops/us
Iteration   9: 3.673 ops/us
Iteration  10: 3.674 ops/us

# Run progress: 10.04% complete, ETA 01:57:05
# Fork: 3 of 3
# Warmup Iteration   1: 3.269 ops/us
# Warmup Iteration   2: 3.701 ops/us
# Warmup Iteration   3: 3.710 ops/us
# Warmup Iteration   4: 3.707 ops/us
# Warmup Iteration   5: 3.683 ops/us
Iteration   1: 3.638 ops/us
Iteration   2: 3.687 ops/us
Iteration   3: 3.731 ops/us
Iteration   4: 3.766 ops/us
Iteration   5: 3.748 ops/us
Iteration   6: 3.740 ops/us
Iteration   7: 3.735 ops/us
Iteration   8: 3.736 ops/us
Iteration   9: 3.709 ops/us
Iteration  10: 3.731 ops/us


Result "de.splatgames.aether.datafixers.benchmarks.format.JsonBenchmark.crossFormatMigrationJacksonInput":
  3.728 ±(99.9%) 0.033 ops/us [Average]
  (min, avg, max) = (3.638, 3.728, 3.817), stdev = 0.049
  CI (99.9%): [3.695, 3.761] (assumes normal distribution)


# JMH version: 1.37
# VM version: JDK 17.0.18, OpenJDK 64-Bit Server VM, 17.0.18+8-Ubuntu-122.04.1
# VM invoker: /usr/lib/jvm/java-17-openjdk-amd64/bin/java
# VM options: -Xms4G -Xmx4G -XX:+UseG1GC -XX:+AlwaysPreTouch
# Blackhole mode: compiler (auto-detected, use -Djmh.blackhole.autoDetect=false to disable)
# Warmup: 5 iterations, 1 s each
# Measurement: 10 iterations, 1 s each
# Timeout: 10 min per iteration
# Threads: 1 thread, will synchronize iterations
# Benchmark mode: Throughput, ops/time
# Benchmark: de.splatgames.aether.datafixers.benchmarks.format.JsonBenchmark.crossFormatMigrationJacksonInput
# Parameters: (payloadSize = MEDIUM)

# Run progress: 10.24% complete, ETA 01:56:49
# Fork: 1 of 3
# Warmup Iteration   1: 3.373 ops/us
# Warmup Iteration   2: 3.720 ops/us
# Warmup Iteration   3: 3.756 ops/us
# Warmup Iteration   4: 3.740 ops/us
# Warmup Iteration   5: 3.730 ops/us
Iteration   1: 3.739 ops/us
Iteration   2: 3.794 ops/us
Iteration   3: 3.712 ops/us
Iteration   4: 3.692 ops/us
Iteration   5: 3.717 ops/us
Iteration   6: 3.692 ops/us
Iteration   7: 3.750 ops/us
Iteration   8: 3.709 ops/us
Iteration   9: 3.631 ops/us
Iteration  10: 3.685 ops/us

# Run progress: 10.44% complete, ETA 01:56:33
# Fork: 2 of 3
# Warmup Iteration   1: 3.398 ops/us
# Warmup Iteration   2: 3.743 ops/us
# Warmup Iteration   3: 3.743 ops/us
# Warmup Iteration   4: 3.756 ops/us
# Warmup Iteration   5: 3.739 ops/us
Iteration   1: 3.796 ops/us
Iteration   2: 3.794 ops/us
Iteration   3: 3.733 ops/us
Iteration   4: 3.800 ops/us
Iteration   5: 3.802 ops/us
Iteration   6: 3.721 ops/us
Iteration   7: 3.784 ops/us
Iteration   8: 3.788 ops/us
Iteration   9: 3.719 ops/us
Iteration  10: 3.823 ops/us

# Run progress: 10.64% complete, ETA 01:56:18
# Fork: 3 of 3
# Warmup Iteration   1: 3.330 ops/us
# Warmup Iteration   2: 3.558 ops/us
# Warmup Iteration   3: 3.737 ops/us
# Warmup Iteration   4: 3.746 ops/us
# Warmup Iteration   5: 3.705 ops/us
Iteration   1: 3.710 ops/us
Iteration   2: 3.705 ops/us
Iteration   3: 3.716 ops/us
Iteration   4: 3.698 ops/us
Iteration   5: 3.741 ops/us
Iteration   6: 3.737 ops/us
Iteration   7: 3.749 ops/us
Iteration   8: 3.636 ops/us
Iteration   9: 3.747 ops/us
Iteration  10: 3.643 ops/us


Result "de.splatgames.aether.datafixers.benchmarks.format.JsonBenchmark.crossFormatMigrationJacksonInput":
  3.732 ±(99.9%) 0.034 ops/us [Average]
  (min, avg, max) = (3.631, 3.732, 3.823), stdev = 0.050
  CI (99.9%): [3.699, 3.766] (assumes normal distribution)


# JMH version: 1.37
# VM version: JDK 17.0.18, OpenJDK 64-Bit Server VM, 17.0.18+8-Ubuntu-122.04.1
# VM invoker: /usr/lib/jvm/java-17-openjdk-amd64/bin/java
# VM options: -Xms4G -Xmx4G -XX:+UseG1GC -XX:+AlwaysPreTouch
# Blackhole mode: compiler (auto-detected, use -Djmh.blackhole.autoDetect=false to disable)
# Warmup: 5 iterations, 1 s each
# Measurement: 10 iterations, 1 s each
# Timeout: 10 min per iteration
# Threads: 1 thread, will synchronize iterations
# Benchmark mode: Throughput, ops/time
# Benchmark: de.splatgames.aether.datafixers.benchmarks.format.JsonBenchmark.crossFormatMigrationJacksonInput
# Parameters: (payloadSize = LARGE)

# Run progress: 10.84% complete, ETA 01:56:02
# Fork: 1 of 3
# Warmup Iteration   1: 3.280 ops/us
# Warmup Iteration   2: 3.704 ops/us
# Warmup Iteration   3: 3.675 ops/us
# Warmup Iteration   4: 3.707 ops/us
# Warmup Iteration   5: 3.737 ops/us
Iteration   1: 3.768 ops/us
Iteration   2: 3.739 ops/us
Iteration   3: 3.729 ops/us
Iteration   4: 3.660 ops/us
Iteration   5: 3.681 ops/us
Iteration   6: 3.638 ops/us
Iteration   7: 3.662 ops/us
Iteration   8: 3.617 ops/us
Iteration   9: 3.691 ops/us
Iteration  10: 3.678 ops/us

# Run progress: 11.04% complete, ETA 01:55:46
# Fork: 2 of 3
# Warmup Iteration   1: 3.368 ops/us
# Warmup Iteration   2: 3.684 ops/us
# Warmup Iteration   3: 3.742 ops/us
# Warmup Iteration   4: 3.672 ops/us
# Warmup Iteration   5: 3.687 ops/us
Iteration   1: 3.705 ops/us
Iteration   2: 3.680 ops/us
Iteration   3: 3.651 ops/us
Iteration   4: 3.737 ops/us
Iteration   5: 3.729 ops/us
Iteration   6: 3.639 ops/us
Iteration   7: 3.666 ops/us
Iteration   8: 3.691 ops/us
Iteration   9: 3.687 ops/us
Iteration  10: 3.673 ops/us

# Run progress: 11.24% complete, ETA 01:55:31
# Fork: 3 of 3
# Warmup Iteration   1: 2.997 ops/us
# Warmup Iteration   2: 3.311 ops/us
# Warmup Iteration   3: 3.407 ops/us
# Warmup Iteration   4: 3.386 ops/us
# Warmup Iteration   5: 3.399 ops/us
Iteration   1: 3.424 ops/us
Iteration   2: 3.408 ops/us
Iteration   3: 3.376 ops/us
Iteration   4: 3.408 ops/us
Iteration   5: 3.361 ops/us
Iteration   6: 3.369 ops/us
Iteration   7: 3.357 ops/us
Iteration   8: 3.398 ops/us
Iteration   9: 3.383 ops/us
Iteration  10: 3.279 ops/us


Result "de.splatgames.aether.datafixers.benchmarks.format.JsonBenchmark.crossFormatMigrationJacksonInput":
  3.583 ±(99.9%) 0.103 ops/us [Average]
  (min, avg, max) = (3.279, 3.583, 3.768), stdev = 0.153
  CI (99.9%): [3.480, 3.685] (assumes normal distribution)


# JMH version: 1.37
# VM version: JDK 17.0.18, OpenJDK 64-Bit Server VM, 17.0.18+8-Ubuntu-122.04.1
# VM invoker: /usr/lib/jvm/java-17-openjdk-amd64/bin/java
# VM options: -Xms4G -Xmx4G -XX:+UseG1GC -XX:+AlwaysPreTouch
# Blackhole mode: compiler (auto-detected, use -Djmh.blackhole.autoDetect=false to disable)
# Warmup: 5 iterations, 1 s each
# Measurement: 10 iterations, 1 s each
# Timeout: 10 min per iteration
# Threads: 1 thread, will synchronize iterations
# Benchmark mode: Throughput, ops/time
# Benchmark: de.splatgames.aether.datafixers.benchmarks.format.JsonBenchmark.gsonFieldRead
# Parameters: (payloadSize = SMALL)

# Run progress: 11.45% complete, ETA 01:55:15
# Fork: 1 of 3
# Warmup Iteration   1: 35.840 ops/us
# Warmup Iteration   2: 36.900 ops/us
# Warmup Iteration   3: 37.846 ops/us
# Warmup Iteration   4: 37.226 ops/us
# Warmup Iteration   5: 37.044 ops/us
Iteration   1: 36.543 ops/us
Iteration   2: 37.666 ops/us
Iteration   3: 38.393 ops/us
Iteration   4: 38.351 ops/us
Iteration   5: 37.269 ops/us
Iteration   6: 37.070 ops/us
Iteration   7: 37.092 ops/us
Iteration   8: 37.303 ops/us
Iteration   9: 37.431 ops/us
Iteration  10: 38.003 ops/us

# Run progress: 11.65% complete, ETA 01:55:00
# Fork: 2 of 3
# Warmup Iteration   1: 35.095 ops/us
# Warmup Iteration   2: 36.968 ops/us
# Warmup Iteration   3: 36.416 ops/us
# Warmup Iteration   4: 36.607 ops/us
# Warmup Iteration   5: 36.488 ops/us
Iteration   1: 36.457 ops/us
Iteration   2: 36.359 ops/us
Iteration   3: 36.306 ops/us
Iteration   4: 37.017 ops/us
Iteration   5: 36.348 ops/us
Iteration   6: 36.499 ops/us
Iteration   7: 36.644 ops/us
Iteration   8: 35.299 ops/us
Iteration   9: 36.536 ops/us
Iteration  10: 36.614 ops/us

# Run progress: 11.85% complete, ETA 01:54:44
# Fork: 3 of 3
# Warmup Iteration   1: 35.962 ops/us
# Warmup Iteration   2: 37.459 ops/us
# Warmup Iteration   3: 37.047 ops/us
# Warmup Iteration   4: 37.045 ops/us
# Warmup Iteration   5: 35.988 ops/us
Iteration   1: 36.834 ops/us
Iteration   2: 37.612 ops/us
Iteration   3: 37.717 ops/us
Iteration   4: 37.702 ops/us
Iteration   5: 37.886 ops/us
Iteration   6: 37.580 ops/us
Iteration   7: 37.744 ops/us
Iteration   8: 37.284 ops/us
Iteration   9: 37.801 ops/us
Iteration  10: 37.103 ops/us


Result "de.splatgames.aether.datafixers.benchmarks.format.JsonBenchmark.gsonFieldRead":
  37.149 ±(99.9%) 0.467 ops/us [Average]
  (min, avg, max) = (35.299, 37.149, 38.393), stdev = 0.699
  CI (99.9%): [36.681, 37.616] (assumes normal distribution)


# JMH version: 1.37
# VM version: JDK 17.0.18, OpenJDK 64-Bit Server VM, 17.0.18+8-Ubuntu-122.04.1
# VM invoker: /usr/lib/jvm/java-17-openjdk-amd64/bin/java
# VM options: -Xms4G -Xmx4G -XX:+UseG1GC -XX:+AlwaysPreTouch
# Blackhole mode: compiler (auto-detected, use -Djmh.blackhole.autoDetect=false to disable)
# Warmup: 5 iterations, 1 s each
# Measurement: 10 iterations, 1 s each
# Timeout: 10 min per iteration
# Threads: 1 thread, will synchronize iterations
# Benchmark mode: Throughput, ops/time
# Benchmark: de.splatgames.aether.datafixers.benchmarks.format.JsonBenchmark.gsonFieldRead
# Parameters: (payloadSize = MEDIUM)

# Run progress: 12.05% complete, ETA 01:54:28
# Fork: 1 of 3
# Warmup Iteration   1: 49.346 ops/us
# Warmup Iteration   2: 36.911 ops/us
# Warmup Iteration   3: 36.771 ops/us
# Warmup Iteration   4: 36.550 ops/us
# Warmup Iteration   5: 36.096 ops/us
Iteration   1: 36.509 ops/us
Iteration   2: 36.400 ops/us
Iteration   3: 36.135 ops/us
Iteration   4: 36.929 ops/us
Iteration   5: 36.978 ops/us
Iteration   6: 36.338 ops/us
Iteration   7: 36.712 ops/us
Iteration   8: 34.072 ops/us
Iteration   9: 36.316 ops/us
Iteration  10: 36.314 ops/us

# Run progress: 12.25% complete, ETA 01:54:13
# Fork: 2 of 3
# Warmup Iteration   1: 50.383 ops/us
# Warmup Iteration   2: 36.456 ops/us
# Warmup Iteration   3: 36.372 ops/us
# Warmup Iteration   4: 36.710 ops/us
# Warmup Iteration   5: 36.805 ops/us
Iteration   1: 36.744 ops/us
Iteration   2: 36.586 ops/us
Iteration   3: 36.781 ops/us
Iteration   4: 36.701 ops/us
Iteration   5: 36.570 ops/us
Iteration   6: 36.391 ops/us
Iteration   7: 36.804 ops/us
Iteration   8: 35.916 ops/us
Iteration   9: 36.492 ops/us
Iteration  10: 36.361 ops/us

# Run progress: 12.45% complete, ETA 01:53:57
# Fork: 3 of 3
# Warmup Iteration   1: 36.790 ops/us
# Warmup Iteration   2: 42.097 ops/us
# Warmup Iteration   3: 44.249 ops/us
# Warmup Iteration   4: 43.540 ops/us
# Warmup Iteration   5: 44.257 ops/us
Iteration   1: 44.068 ops/us
Iteration   2: 43.644 ops/us
Iteration   3: 43.545 ops/us
Iteration   4: 44.236 ops/us
Iteration   5: 43.681 ops/us
Iteration   6: 43.736 ops/us
Iteration   7: 43.909 ops/us
Iteration   8: 43.575 ops/us
Iteration   9: 43.942 ops/us
Iteration  10: 44.398 ops/us


Result "de.splatgames.aether.datafixers.benchmarks.format.JsonBenchmark.gsonFieldRead":
  38.893 ±(99.9%) 2.418 ops/us [Average]
  (min, avg, max) = (34.072, 38.893, 44.398), stdev = 3.620
  CI (99.9%): [36.474, 41.311] (assumes normal distribution)


# JMH version: 1.37
# VM version: JDK 17.0.18, OpenJDK 64-Bit Server VM, 17.0.18+8-Ubuntu-122.04.1
# VM invoker: /usr/lib/jvm/java-17-openjdk-amd64/bin/java
# VM options: -Xms4G -Xmx4G -XX:+UseG1GC -XX:+AlwaysPreTouch
# Blackhole mode: compiler (auto-detected, use -Djmh.blackhole.autoDetect=false to disable)
# Warmup: 5 iterations, 1 s each
# Measurement: 10 iterations, 1 s each
# Timeout: 10 min per iteration
# Threads: 1 thread, will synchronize iterations
# Benchmark mode: Throughput, ops/time
# Benchmark: de.splatgames.aether.datafixers.benchmarks.format.JsonBenchmark.gsonFieldRead
# Parameters: (payloadSize = LARGE)

# Run progress: 12.65% complete, ETA 01:53:41
# Fork: 1 of 3
# Warmup Iteration   1: 29.000 ops/us
# Warmup Iteration   2: 30.406 ops/us
# Warmup Iteration   3: 31.210 ops/us
# Warmup Iteration   4: 31.277 ops/us
# Warmup Iteration   5: 31.005 ops/us
Iteration   1: 31.029 ops/us
Iteration   2: 31.416 ops/us
Iteration   3: 30.778 ops/us
Iteration   4: 28.738 ops/us
Iteration   5: 28.533 ops/us
Iteration   6: 28.495 ops/us
Iteration   7: 29.464 ops/us
Iteration   8: 31.482 ops/us
Iteration   9: 31.420 ops/us
Iteration  10: 31.397 ops/us

# Run progress: 12.85% complete, ETA 01:53:26
# Fork: 2 of 3
# Warmup Iteration   1: 34.311 ops/us
# Warmup Iteration   2: 34.433 ops/us
# Warmup Iteration   3: 35.146 ops/us
# Warmup Iteration   4: 34.860 ops/us
# Warmup Iteration   5: 35.137 ops/us
Iteration   1: 34.854 ops/us
Iteration   2: 34.976 ops/us
Iteration   3: 35.068 ops/us
Iteration   4: 35.147 ops/us
Iteration   5: 34.776 ops/us
Iteration   6: 34.505 ops/us
Iteration   7: 35.143 ops/us
Iteration   8: 34.763 ops/us
Iteration   9: 34.870 ops/us
Iteration  10: 34.968 ops/us

# Run progress: 13.05% complete, ETA 01:53:10
# Fork: 3 of 3
# Warmup Iteration   1: 33.759 ops/us
# Warmup Iteration   2: 34.393 ops/us
# Warmup Iteration   3: 34.949 ops/us
# Warmup Iteration   4: 34.912 ops/us
# Warmup Iteration   5: 35.188 ops/us
Iteration   1: 34.976 ops/us
Iteration   2: 34.414 ops/us
Iteration   3: 34.746 ops/us
Iteration   4: 35.122 ops/us
Iteration   5: 34.880 ops/us
Iteration   6: 35.233 ops/us
Iteration   7: 35.524 ops/us
Iteration   8: 35.403 ops/us
Iteration   9: 35.354 ops/us
Iteration  10: 35.300 ops/us


Result "de.splatgames.aether.datafixers.benchmarks.format.JsonBenchmark.gsonFieldRead":
  33.426 ±(99.9%) 1.598 ops/us [Average]
  (min, avg, max) = (28.495, 33.426, 35.524), stdev = 2.391
  CI (99.9%): [31.828, 35.024] (assumes normal distribution)


# JMH version: 1.37
# VM version: JDK 17.0.18, OpenJDK 64-Bit Server VM, 17.0.18+8-Ubuntu-122.04.1
# VM invoker: /usr/lib/jvm/java-17-openjdk-amd64/bin/java
# VM options: -Xms4G -Xmx4G -XX:+UseG1GC -XX:+AlwaysPreTouch
# Blackhole mode: compiler (auto-detected, use -Djmh.blackhole.autoDetect=false to disable)
# Warmup: 5 iterations, 1 s each
# Measurement: 10 iterations, 1 s each
# Timeout: 10 min per iteration
# Threads: 1 thread, will synchronize iterations
# Benchmark mode: Throughput, ops/time
# Benchmark: de.splatgames.aether.datafixers.benchmarks.format.JsonBenchmark.gsonFieldSet
# Parameters: (payloadSize = SMALL)

# Run progress: 13.25% complete, ETA 01:52:55
# Fork: 1 of 3
# Warmup Iteration   1: 0.616 ops/us
# Warmup Iteration   2: 0.656 ops/us
# Warmup Iteration   3: 0.658 ops/us
# Warmup Iteration   4: 0.651 ops/us
# Warmup Iteration   5: 0.638 ops/us
Iteration   1: 0.658 ops/us
Iteration   2: 0.659 ops/us
Iteration   3: 0.655 ops/us
Iteration   4: 0.656 ops/us
Iteration   5: 0.645 ops/us
Iteration   6: 0.651 ops/us
Iteration   7: 0.653 ops/us
Iteration   8: 0.655 ops/us
Iteration   9: 0.651 ops/us
Iteration  10: 0.645 ops/us

# Run progress: 13.45% complete, ETA 01:52:39
# Fork: 2 of 3
# Warmup Iteration   1: 0.622 ops/us
# Warmup Iteration   2: 0.652 ops/us
# Warmup Iteration   3: 0.642 ops/us
# Warmup Iteration   4: 0.641 ops/us
# Warmup Iteration   5: 0.656 ops/us
Iteration   1: 0.650 ops/us
Iteration   2: 0.644 ops/us
Iteration   3: 0.656 ops/us
Iteration   4: 0.648 ops/us
Iteration   5: 0.652 ops/us
Iteration   6: 0.656 ops/us
Iteration   7: 0.655 ops/us
Iteration   8: 0.656 ops/us
Iteration   9: 0.655 ops/us
Iteration  10: 0.658 ops/us

# Run progress: 13.65% complete, ETA 01:52:23
# Fork: 3 of 3
# Warmup Iteration   1: 0.628 ops/us
# Warmup Iteration   2: 0.652 ops/us
# Warmup Iteration   3: 0.650 ops/us
# Warmup Iteration   4: 0.644 ops/us
# Warmup Iteration   5: 0.656 ops/us
Iteration   1: 0.649 ops/us
Iteration   2: 0.640 ops/us
Iteration   3: 0.628 ops/us
Iteration   4: 0.651 ops/us
Iteration   5: 0.647 ops/us
Iteration   6: 0.636 ops/us
Iteration   7: 0.652 ops/us
Iteration   8: 0.642 ops/us
Iteration   9: 0.652 ops/us
Iteration  10: 0.655 ops/us


Result "de.splatgames.aether.datafixers.benchmarks.format.JsonBenchmark.gsonFieldSet":
  0.650 ±(99.9%) 0.005 ops/us [Average]
  (min, avg, max) = (0.628, 0.650, 0.659), stdev = 0.007
  CI (99.9%): [0.646, 0.655] (assumes normal distribution)


# JMH version: 1.37
# VM version: JDK 17.0.18, OpenJDK 64-Bit Server VM, 17.0.18+8-Ubuntu-122.04.1
# VM invoker: /usr/lib/jvm/java-17-openjdk-amd64/bin/java
# VM options: -Xms4G -Xmx4G -XX:+UseG1GC -XX:+AlwaysPreTouch
# Blackhole mode: compiler (auto-detected, use -Djmh.blackhole.autoDetect=false to disable)
# Warmup: 5 iterations, 1 s each
# Measurement: 10 iterations, 1 s each
# Timeout: 10 min per iteration
# Threads: 1 thread, will synchronize iterations
# Benchmark mode: Throughput, ops/time
# Benchmark: de.splatgames.aether.datafixers.benchmarks.format.JsonBenchmark.gsonFieldSet
# Parameters: (payloadSize = MEDIUM)

# Run progress: 13.86% complete, ETA 01:52:08
# Fork: 1 of 3
# Warmup Iteration   1: 0.084 ops/us
# Warmup Iteration   2: 0.087 ops/us
# Warmup Iteration   3: 0.087 ops/us
# Warmup Iteration   4: 0.087 ops/us
# Warmup Iteration   5: 0.087 ops/us
Iteration   1: 0.087 ops/us
Iteration   2: 0.085 ops/us
Iteration   3: 0.084 ops/us
Iteration   4: 0.086 ops/us
Iteration   5: 0.086 ops/us
Iteration   6: 0.087 ops/us
Iteration   7: 0.088 ops/us
Iteration   8: 0.087 ops/us
Iteration   9: 0.087 ops/us
Iteration  10: 0.087 ops/us

# Run progress: 14.06% complete, ETA 01:51:52
# Fork: 2 of 3
# Warmup Iteration   1: 0.081 ops/us
# Warmup Iteration   2: 0.085 ops/us
# Warmup Iteration   3: 0.086 ops/us
# Warmup Iteration   4: 0.085 ops/us
# Warmup Iteration   5: 0.085 ops/us
Iteration   1: 0.087 ops/us
Iteration   2: 0.086 ops/us
Iteration   3: 0.085 ops/us
Iteration   4: 0.085 ops/us
Iteration   5: 0.085 ops/us
Iteration   6: 0.086 ops/us
Iteration   7: 0.085 ops/us
Iteration   8: 0.086 ops/us
Iteration   9: 0.086 ops/us
Iteration  10: 0.085 ops/us

# Run progress: 14.26% complete, ETA 01:51:36
# Fork: 3 of 3
# Warmup Iteration   1: 0.081 ops/us
# Warmup Iteration   2: 0.085 ops/us
# Warmup Iteration   3: 0.087 ops/us
# Warmup Iteration   4: 0.087 ops/us
# Warmup Iteration   5: 0.087 ops/us
Iteration   1: 0.085 ops/us
Iteration   2: 0.085 ops/us
Iteration   3: 0.087 ops/us
Iteration   4: 0.086 ops/us
Iteration   5: 0.087 ops/us
Iteration   6: 0.086 ops/us
Iteration   7: 0.086 ops/us
Iteration   8: 0.086 ops/us
Iteration   9: 0.085 ops/us
Iteration  10: 0.085 ops/us


Result "de.splatgames.aether.datafixers.benchmarks.format.JsonBenchmark.gsonFieldSet":
  0.086 ±(99.9%) 0.001 ops/us [Average]
  (min, avg, max) = (0.084, 0.086, 0.088), stdev = 0.001
  CI (99.9%): [0.085, 0.087] (assumes normal distribution)


# JMH version: 1.37
# VM version: JDK 17.0.18, OpenJDK 64-Bit Server VM, 17.0.18+8-Ubuntu-122.04.1
# VM invoker: /usr/lib/jvm/java-17-openjdk-amd64/bin/java
# VM options: -Xms4G -Xmx4G -XX:+UseG1GC -XX:+AlwaysPreTouch
# Blackhole mode: compiler (auto-detected, use -Djmh.blackhole.autoDetect=false to disable)
# Warmup: 5 iterations, 1 s each
# Measurement: 10 iterations, 1 s each
# Timeout: 10 min per iteration
# Threads: 1 thread, will synchronize iterations
# Benchmark mode: Throughput, ops/time
# Benchmark: de.splatgames.aether.datafixers.benchmarks.format.JsonBenchmark.gsonFieldSet
# Parameters: (payloadSize = LARGE)

# Run progress: 14.46% complete, ETA 01:51:21
# Fork: 1 of 3
# Warmup Iteration   1: 0.010 ops/us
# Warmup Iteration   2: 0.011 ops/us
# Warmup Iteration   3: 0.011 ops/us
# Warmup Iteration   4: 0.011 ops/us
# Warmup Iteration   5: 0.010 ops/us
Iteration   1: 0.010 ops/us
Iteration   2: 0.011 ops/us
Iteration   3: 0.011 ops/us
Iteration   4: 0.011 ops/us
Iteration   5: 0.011 ops/us
Iteration   6: 0.010 ops/us
Iteration   7: 0.011 ops/us
Iteration   8: 0.010 ops/us
Iteration   9: 0.011 ops/us
Iteration  10: 0.010 ops/us

# Run progress: 14.66% complete, ETA 01:51:05
# Fork: 2 of 3
# Warmup Iteration   1: 0.010 ops/us
# Warmup Iteration   2: 0.011 ops/us
# Warmup Iteration   3: 0.011 ops/us
# Warmup Iteration   4: 0.011 ops/us
# Warmup Iteration   5: 0.011 ops/us
Iteration   1: 0.011 ops/us
Iteration   2: 0.011 ops/us
Iteration   3: 0.011 ops/us
Iteration   4: 0.011 ops/us
Iteration   5: 0.011 ops/us
Iteration   6: 0.011 ops/us
Iteration   7: 0.010 ops/us
Iteration   8: 0.010 ops/us
Iteration   9: 0.010 ops/us
Iteration  10: 0.010 ops/us

# Run progress: 14.86% complete, ETA 01:50:49
# Fork: 3 of 3
# Warmup Iteration   1: 0.010 ops/us
# Warmup Iteration   2: 0.011 ops/us
# Warmup Iteration   3: 0.011 ops/us
# Warmup Iteration   4: 0.011 ops/us
# Warmup Iteration   5: 0.011 ops/us
Iteration   1: 0.011 ops/us
Iteration   2: 0.011 ops/us
Iteration   3: 0.011 ops/us
Iteration   4: 0.011 ops/us
Iteration   5: 0.011 ops/us
Iteration   6: 0.011 ops/us
Iteration   7: 0.011 ops/us
Iteration   8: 0.010 ops/us
Iteration   9: 0.010 ops/us
Iteration  10: 0.010 ops/us


Result "de.splatgames.aether.datafixers.benchmarks.format.JsonBenchmark.gsonFieldSet":
  0.011 ±(99.9%) 0.001 ops/us [Average]
  (min, avg, max) = (0.010, 0.011, 0.011), stdev = 0.001
  CI (99.9%): [0.010, 0.011] (assumes normal distribution)


# JMH version: 1.37
# VM version: JDK 17.0.18, OpenJDK 64-Bit Server VM, 17.0.18+8-Ubuntu-122.04.1
# VM invoker: /usr/lib/jvm/java-17-openjdk-amd64/bin/java
# VM options: -Xms4G -Xmx4G -XX:+UseG1GC -XX:+AlwaysPreTouch
# Blackhole mode: compiler (auto-detected, use -Djmh.blackhole.autoDetect=false to disable)
# Warmup: 5 iterations, 1 s each
# Measurement: 10 iterations, 1 s each
# Timeout: 10 min per iteration
# Threads: 1 thread, will synchronize iterations
# Benchmark mode: Throughput, ops/time
# Benchmark: de.splatgames.aether.datafixers.benchmarks.format.JsonBenchmark.gsonGenerate
# Parameters: (payloadSize = SMALL)

# Run progress: 15.06% complete, ETA 01:50:34
# Fork: 1 of 3
# Warmup Iteration   1: 0.094 ops/us
# Warmup Iteration   2: 0.104 ops/us
# Warmup Iteration   3: 0.105 ops/us
# Warmup Iteration   4: 0.103 ops/us
# Warmup Iteration   5: 0.105 ops/us
Iteration   1: 0.104 ops/us
Iteration   2: 0.105 ops/us
Iteration   3: 0.105 ops/us
Iteration   4: 0.105 ops/us
Iteration   5: 0.104 ops/us
Iteration   6: 0.104 ops/us
Iteration   7: 0.106 ops/us
Iteration   8: 0.106 ops/us
Iteration   9: 0.103 ops/us
Iteration  10: 0.105 ops/us

# Run progress: 15.26% complete, ETA 01:50:18
# Fork: 2 of 3
# Warmup Iteration   1: 0.096 ops/us
# Warmup Iteration   2: 0.108 ops/us
# Warmup Iteration   3: 0.106 ops/us
# Warmup Iteration   4: 0.106 ops/us
# Warmup Iteration   5: 0.108 ops/us
Iteration   1: 0.108 ops/us
Iteration   2: 0.108 ops/us
Iteration   3: 0.106 ops/us
Iteration   4: 0.109 ops/us
Iteration   5: 0.108 ops/us
Iteration   6: 0.109 ops/us
Iteration   7: 0.108 ops/us
Iteration   8: 0.109 ops/us
Iteration   9: 0.108 ops/us
Iteration  10: 0.105 ops/us

# Run progress: 15.46% complete, ETA 01:50:02
# Fork: 3 of 3
# Warmup Iteration   1: 0.093 ops/us
# Warmup Iteration   2: 0.104 ops/us
# Warmup Iteration   3: 0.103 ops/us
# Warmup Iteration   4: 0.106 ops/us
# Warmup Iteration   5: 0.105 ops/us
Iteration   1: 0.105 ops/us
Iteration   2: 0.106 ops/us
Iteration   3: 0.106 ops/us
Iteration   4: 0.105 ops/us
Iteration   5: 0.104 ops/us
Iteration   6: 0.106 ops/us
Iteration   7: 0.104 ops/us
Iteration   8: 0.105 ops/us
Iteration   9: 0.106 ops/us
Iteration  10: 0.106 ops/us


Result "de.splatgames.aether.datafixers.benchmarks.format.JsonBenchmark.gsonGenerate":
  0.106 ±(99.9%) 0.001 ops/us [Average]
  (min, avg, max) = (0.103, 0.106, 0.109), stdev = 0.002
  CI (99.9%): [0.105, 0.107] (assumes normal distribution)


# JMH version: 1.37
# VM version: JDK 17.0.18, OpenJDK 64-Bit Server VM, 17.0.18+8-Ubuntu-122.04.1
# VM invoker: /usr/lib/jvm/java-17-openjdk-amd64/bin/java
# VM options: -Xms4G -Xmx4G -XX:+UseG1GC -XX:+AlwaysPreTouch
# Blackhole mode: compiler (auto-detected, use -Djmh.blackhole.autoDetect=false to disable)
# Warmup: 5 iterations, 1 s each
# Measurement: 10 iterations, 1 s each
# Timeout: 10 min per iteration
# Threads: 1 thread, will synchronize iterations
# Benchmark mode: Throughput, ops/time
# Benchmark: de.splatgames.aether.datafixers.benchmarks.format.JsonBenchmark.gsonGenerate
# Parameters: (payloadSize = MEDIUM)

# Run progress: 15.66% complete, ETA 01:49:47
# Fork: 1 of 3
# Warmup Iteration   1: 0.006 ops/us
# Warmup Iteration   2: 0.007 ops/us
# Warmup Iteration   3: 0.007 ops/us
# Warmup Iteration   4: 0.007 ops/us
# Warmup Iteration   5: 0.007 ops/us
Iteration   1: 0.007 ops/us
Iteration   2: 0.007 ops/us
Iteration   3: 0.007 ops/us
Iteration   4: 0.007 ops/us
Iteration   5: 0.007 ops/us
Iteration   6: 0.007 ops/us
Iteration   7: 0.007 ops/us
Iteration   8: 0.007 ops/us
Iteration   9: 0.007 ops/us
Iteration  10: 0.007 ops/us

# Run progress: 15.86% complete, ETA 01:49:31
# Fork: 2 of 3
# Warmup Iteration   1: 0.006 ops/us
# Warmup Iteration   2: 0.007 ops/us
# Warmup Iteration   3: 0.007 ops/us
# Warmup Iteration   4: 0.007 ops/us
# Warmup Iteration   5: 0.007 ops/us
Iteration   1: 0.007 ops/us
Iteration   2: 0.007 ops/us
Iteration   3: 0.007 ops/us
Iteration   4: 0.007 ops/us
Iteration   5: 0.007 ops/us
Iteration   6: 0.007 ops/us
Iteration   7: 0.007 ops/us
Iteration   8: 0.007 ops/us
Iteration   9: 0.007 ops/us
Iteration  10: 0.007 ops/us

# Run progress: 16.06% complete, ETA 01:49:16
# Fork: 3 of 3
# Warmup Iteration   1: 0.006 ops/us
# Warmup Iteration   2: 0.007 ops/us
# Warmup Iteration   3: 0.007 ops/us
# Warmup Iteration   4: 0.007 ops/us
# Warmup Iteration   5: 0.006 ops/us
Iteration   1: 0.007 ops/us
Iteration   2: 0.007 ops/us
Iteration   3: 0.007 ops/us
Iteration   4: 0.007 ops/us
Iteration   5: 0.007 ops/us
Iteration   6: 0.007 ops/us
Iteration   7: 0.007 ops/us
Iteration   8: 0.007 ops/us
Iteration   9: 0.007 ops/us
Iteration  10: 0.007 ops/us


Result "de.splatgames.aether.datafixers.benchmarks.format.JsonBenchmark.gsonGenerate":
  0.007 ±(99.9%) 0.001 ops/us [Average]
  (min, avg, max) = (0.007, 0.007, 0.007), stdev = 0.001
  CI (99.9%): [0.007, 0.007] (assumes normal distribution)


# JMH version: 1.37
# VM version: JDK 17.0.18, OpenJDK 64-Bit Server VM, 17.0.18+8-Ubuntu-122.04.1
# VM invoker: /usr/lib/jvm/java-17-openjdk-amd64/bin/java
# VM options: -Xms4G -Xmx4G -XX:+UseG1GC -XX:+AlwaysPreTouch
# Blackhole mode: compiler (auto-detected, use -Djmh.blackhole.autoDetect=false to disable)
# Warmup: 5 iterations, 1 s each
# Measurement: 10 iterations, 1 s each
# Timeout: 10 min per iteration
# Threads: 1 thread, will synchronize iterations
# Benchmark mode: Throughput, ops/time
# Benchmark: de.splatgames.aether.datafixers.benchmarks.format.JsonBenchmark.gsonGenerate
# Parameters: (payloadSize = LARGE)

# Run progress: 16.27% complete, ETA 01:49:00
# Fork: 1 of 3
# Warmup Iteration   1: 0.001 ops/us
# Warmup Iteration   2: 0.001 ops/us
# Warmup Iteration   3: 0.001 ops/us
# Warmup Iteration   4: 0.001 ops/us
# Warmup Iteration   5: 0.001 ops/us
Iteration   1: 0.001 ops/us
Iteration   2: 0.001 ops/us
Iteration   3: 0.001 ops/us
Iteration   4: 0.001 ops/us
Iteration   5: 0.001 ops/us
Iteration   6: 0.001 ops/us
Iteration   7: 0.001 ops/us
Iteration   8: 0.001 ops/us
Iteration   9: 0.001 ops/us
Iteration  10: 0.001 ops/us

# Run progress: 16.47% complete, ETA 01:48:44
# Fork: 2 of 3
# Warmup Iteration   1: 0.001 ops/us
# Warmup Iteration   2: 0.001 ops/us
# Warmup Iteration   3: 0.001 ops/us
# Warmup Iteration   4: 0.001 ops/us
# Warmup Iteration   5: 0.001 ops/us
Iteration   1: 0.001 ops/us
Iteration   2: 0.001 ops/us
Iteration   3: 0.001 ops/us
Iteration   4: 0.001 ops/us
Iteration   5: 0.001 ops/us
Iteration   6: 0.001 ops/us
Iteration   7: 0.001 ops/us
Iteration   8: 0.001 ops/us
Iteration   9: 0.001 ops/us
Iteration  10: 0.001 ops/us

# Run progress: 16.67% complete, ETA 01:48:29
# Fork: 3 of 3
# Warmup Iteration   1: 0.001 ops/us
# Warmup Iteration   2: 0.001 ops/us
# Warmup Iteration   3: 0.001 ops/us
# Warmup Iteration   4: 0.001 ops/us
# Warmup Iteration   5: 0.001 ops/us
Iteration   1: 0.001 ops/us
Iteration   2: 0.001 ops/us
Iteration   3: 0.001 ops/us
Iteration   4: 0.001 ops/us
Iteration   5: 0.001 ops/us
Iteration   6: 0.001 ops/us
Iteration   7: 0.001 ops/us
Iteration   8: 0.001 ops/us
Iteration   9: 0.001 ops/us
Iteration  10: 0.001 ops/us


Result "de.splatgames.aether.datafixers.benchmarks.format.JsonBenchmark.gsonGenerate":
  0.001 ±(99.9%) 0.001 ops/us [Average]
  (min, avg, max) = (0.001, 0.001, 0.001), stdev = 0.001
  CI (99.9%): [0.001, 0.001] (assumes normal distribution)


# JMH version: 1.37
# VM version: JDK 17.0.18, OpenJDK 64-Bit Server VM, 17.0.18+8-Ubuntu-122.04.1
# VM invoker: /usr/lib/jvm/java-17-openjdk-amd64/bin/java
# VM options: -Xms4G -Xmx4G -XX:+UseG1GC -XX:+AlwaysPreTouch
# Blackhole mode: compiler (auto-detected, use -Djmh.blackhole.autoDetect=false to disable)
# Warmup: 5 iterations, 1 s each
# Measurement: 10 iterations, 1 s each
# Timeout: 10 min per iteration
# Threads: 1 thread, will synchronize iterations
# Benchmark mode: Throughput, ops/time
# Benchmark: de.splatgames.aether.datafixers.benchmarks.format.JsonBenchmark.gsonMigration
# Parameters: (payloadSize = SMALL)

# Run progress: 16.87% complete, ETA 01:48:13
# Fork: 1 of 3
# Warmup Iteration   1: 3.225 ops/us
# Warmup Iteration   2: 3.547 ops/us
# Warmup Iteration   3: 3.647 ops/us
# Warmup Iteration   4: 3.630 ops/us
# Warmup Iteration   5: 3.564 ops/us
Iteration   1: 3.651 ops/us
Iteration   2: 3.636 ops/us
Iteration   3: 3.646 ops/us
Iteration   4: 3.585 ops/us
Iteration   5: 3.625 ops/us
Iteration   6: 3.578 ops/us
Iteration   7: 3.602 ops/us
Iteration   8: 3.578 ops/us
Iteration   9: 3.601 ops/us
Iteration  10: 3.625 ops/us

# Run progress: 17.07% complete, ETA 01:47:57
# Fork: 2 of 3
# Warmup Iteration   1: 3.244 ops/us
# Warmup Iteration   2: 3.625 ops/us
# Warmup Iteration   3: 3.668 ops/us
# Warmup Iteration   4: 3.669 ops/us
# Warmup Iteration   5: 3.650 ops/us
Iteration   1: 3.642 ops/us
Iteration   2: 3.613 ops/us
Iteration   3: 3.631 ops/us
Iteration   4: 3.591 ops/us
Iteration   5: 3.633 ops/us
Iteration   6: 3.636 ops/us
Iteration   7: 3.663 ops/us
Iteration   8: 3.677 ops/us
Iteration   9: 3.595 ops/us
Iteration  10: 3.644 ops/us

# Run progress: 17.27% complete, ETA 01:47:42
# Fork: 3 of 3
# Warmup Iteration   1: 3.243 ops/us
# Warmup Iteration   2: 3.609 ops/us
# Warmup Iteration   3: 3.620 ops/us
# Warmup Iteration   4: 3.619 ops/us
# Warmup Iteration   5: 3.619 ops/us
Iteration   1: 3.635 ops/us
Iteration   2: 3.660 ops/us
Iteration   3: 3.655 ops/us
Iteration   4: 3.655 ops/us
Iteration   5: 3.639 ops/us
Iteration   6: 3.470 ops/us
Iteration   7: 3.634 ops/us
Iteration   8: 3.669 ops/us
Iteration   9: 3.690 ops/us
Iteration  10: 3.669 ops/us


Result "de.splatgames.aether.datafixers.benchmarks.format.JsonBenchmark.gsonMigration":
  3.628 ±(99.9%) 0.028 ops/us [Average]
  (min, avg, max) = (3.470, 3.628, 3.690), stdev = 0.042
  CI (99.9%): [3.600, 3.656] (assumes normal distribution)


# JMH version: 1.37
# VM version: JDK 17.0.18, OpenJDK 64-Bit Server VM, 17.0.18+8-Ubuntu-122.04.1
# VM invoker: /usr/lib/jvm/java-17-openjdk-amd64/bin/java
# VM options: -Xms4G -Xmx4G -XX:+UseG1GC -XX:+AlwaysPreTouch
# Blackhole mode: compiler (auto-detected, use -Djmh.blackhole.autoDetect=false to disable)
# Warmup: 5 iterations, 1 s each
# Measurement: 10 iterations, 1 s each
# Timeout: 10 min per iteration
# Threads: 1 thread, will synchronize iterations
# Benchmark mode: Throughput, ops/time
# Benchmark: de.splatgames.aether.datafixers.benchmarks.format.JsonBenchmark.gsonMigration
# Parameters: (payloadSize = MEDIUM)

# Run progress: 17.47% complete, ETA 01:47:26
# Fork: 1 of 3
# Warmup Iteration   1: 2.845 ops/us
# Warmup Iteration   2: 3.322 ops/us
# Warmup Iteration   3: 3.268 ops/us
# Warmup Iteration   4: 3.273 ops/us
# Warmup Iteration   5: 3.248 ops/us
Iteration   1: 3.264 ops/us
Iteration   2: 3.308 ops/us
Iteration   3: 3.335 ops/us
Iteration   4: 3.245 ops/us
Iteration   5: 3.312 ops/us
Iteration   6: 3.326 ops/us
Iteration   7: 3.174 ops/us
Iteration   8: 3.337 ops/us
Iteration   9: 3.277 ops/us
Iteration  10: 3.258 ops/us

# Run progress: 17.67% complete, ETA 01:47:10
# Fork: 2 of 3
# Warmup Iteration   1: 3.072 ops/us
# Warmup Iteration   2: 3.332 ops/us
# Warmup Iteration   3: 3.444 ops/us
# Warmup Iteration   4: 3.359 ops/us
# Warmup Iteration   5: 3.375 ops/us
Iteration   1: 3.302 ops/us
Iteration   2: 3.323 ops/us
Iteration   3: 3.281 ops/us
Iteration   4: 3.307 ops/us
Iteration   5: 3.176 ops/us
Iteration   6: 3.350 ops/us
Iteration   7: 3.285 ops/us
Iteration   8: 3.322 ops/us
Iteration   9: 3.277 ops/us
Iteration  10: 3.363 ops/us

# Run progress: 17.87% complete, ETA 01:46:55
# Fork: 3 of 3
# Warmup Iteration   1: 2.970 ops/us
# Warmup Iteration   2: 3.384 ops/us
# Warmup Iteration   3: 3.333 ops/us
# Warmup Iteration   4: 3.320 ops/us
# Warmup Iteration   5: 3.310 ops/us
Iteration   1: 3.337 ops/us
Iteration   2: 3.403 ops/us
Iteration   3: 3.328 ops/us
Iteration   4: 3.405 ops/us
Iteration   5: 3.354 ops/us
Iteration   6: 3.353 ops/us
Iteration   7: 3.378 ops/us
Iteration   8: 3.335 ops/us
Iteration   9: 3.350 ops/us
Iteration  10: 3.368 ops/us


Result "de.splatgames.aether.datafixers.benchmarks.format.JsonBenchmark.gsonMigration":
  3.314 ±(99.9%) 0.037 ops/us [Average]
  (min, avg, max) = (3.174, 3.314, 3.405), stdev = 0.055
  CI (99.9%): [3.278, 3.351] (assumes normal distribution)


# JMH version: 1.37
# VM version: JDK 17.0.18, OpenJDK 64-Bit Server VM, 17.0.18+8-Ubuntu-122.04.1
# VM invoker: /usr/lib/jvm/java-17-openjdk-amd64/bin/java
# VM options: -Xms4G -Xmx4G -XX:+UseG1GC -XX:+AlwaysPreTouch
# Blackhole mode: compiler (auto-detected, use -Djmh.blackhole.autoDetect=false to disable)
# Warmup: 5 iterations, 1 s each
# Measurement: 10 iterations, 1 s each
# Timeout: 10 min per iteration
# Threads: 1 thread, will synchronize iterations
# Benchmark mode: Throughput, ops/time
# Benchmark: de.splatgames.aether.datafixers.benchmarks.format.JsonBenchmark.gsonMigration
# Parameters: (payloadSize = LARGE)

# Run progress: 18.07% complete, ETA 01:46:39
# Fork: 1 of 3
# Warmup Iteration   1: 2.948 ops/us
# Warmup Iteration   2: 3.197 ops/us
# Warmup Iteration   3: 3.269 ops/us
# Warmup Iteration   4: 3.278 ops/us
# Warmup Iteration   5: 3.244 ops/us
Iteration   1: 3.269 ops/us
Iteration   2: 3.243 ops/us
Iteration   3: 3.216 ops/us
Iteration   4: 3.210 ops/us
Iteration   5: 3.257 ops/us
Iteration   6: 3.265 ops/us
Iteration   7: 3.271 ops/us
Iteration   8: 3.246 ops/us
Iteration   9: 3.244 ops/us
Iteration  10: 3.221 ops/us

# Run progress: 18.27% complete, ETA 01:46:23
# Fork: 2 of 3
# Warmup Iteration   1: 2.894 ops/us
# Warmup Iteration   2: 3.206 ops/us
# Warmup Iteration   3: 3.258 ops/us
# Warmup Iteration   4: 3.290 ops/us
# Warmup Iteration   5: 3.264 ops/us
Iteration   1: 3.235 ops/us
Iteration   2: 3.145 ops/us
Iteration   3: 3.171 ops/us
Iteration   4: 3.209 ops/us
Iteration   5: 3.179 ops/us
Iteration   6: 3.261 ops/us
Iteration   7: 3.249 ops/us
Iteration   8: 3.192 ops/us
Iteration   9: 3.254 ops/us
Iteration  10: 3.243 ops/us

# Run progress: 18.47% complete, ETA 01:46:08
# Fork: 3 of 3
# Warmup Iteration   1: 2.962 ops/us
# Warmup Iteration   2: 3.269 ops/us
# Warmup Iteration   3: 3.181 ops/us
# Warmup Iteration   4: 3.266 ops/us
# Warmup Iteration   5: 3.261 ops/us
Iteration   1: 3.238 ops/us
Iteration   2: 3.114 ops/us
Iteration   3: 3.239 ops/us
Iteration   4: 3.240 ops/us
Iteration   5: 3.234 ops/us
Iteration   6: 3.260 ops/us
Iteration   7: 3.270 ops/us
Iteration   8: 3.241 ops/us
Iteration   9: 3.247 ops/us
Iteration  10: 3.279 ops/us


Result "de.splatgames.aether.datafixers.benchmarks.format.JsonBenchmark.gsonMigration":
  3.231 ±(99.9%) 0.026 ops/us [Average]
  (min, avg, max) = (3.114, 3.231, 3.279), stdev = 0.038
  CI (99.9%): [3.206, 3.257] (assumes normal distribution)


# JMH version: 1.37
# VM version: JDK 17.0.18, OpenJDK 64-Bit Server VM, 17.0.18+8-Ubuntu-122.04.1
# VM invoker: /usr/lib/jvm/java-17-openjdk-amd64/bin/java
# VM options: -Xms4G -Xmx4G -XX:+UseG1GC -XX:+AlwaysPreTouch
# Blackhole mode: compiler (auto-detected, use -Djmh.blackhole.autoDetect=false to disable)
# Warmup: 5 iterations, 1 s each
# Measurement: 10 iterations, 1 s each
# Timeout: 10 min per iteration
# Threads: 1 thread, will synchronize iterations
# Benchmark mode: Throughput, ops/time
# Benchmark: de.splatgames.aether.datafixers.benchmarks.format.JsonBenchmark.jacksonFieldRead
# Parameters: (payloadSize = SMALL)

# Run progress: 18.67% complete, ETA 01:45:52
# Fork: 1 of 3
# Warmup Iteration   1: 56.122 ops/us
# Warmup Iteration   2: 61.269 ops/us
# Warmup Iteration   3: 61.633 ops/us
# Warmup Iteration   4: 62.378 ops/us
# Warmup Iteration   5: 62.141 ops/us
Iteration   1: 61.891 ops/us
Iteration   2: 62.285 ops/us
Iteration   3: 61.375 ops/us
Iteration   4: 62.239 ops/us
Iteration   5: 60.074 ops/us
Iteration   6: 60.491 ops/us
Iteration   7: 61.887 ops/us
Iteration   8: 62.308 ops/us
Iteration   9: 62.017 ops/us
Iteration  10: 61.843 ops/us

# Run progress: 18.88% complete, ETA 01:45:36
# Fork: 2 of 3
# Warmup Iteration   1: 56.893 ops/us
# Warmup Iteration   2: 61.412 ops/us
# Warmup Iteration   3: 61.744 ops/us
# Warmup Iteration   4: 59.974 ops/us
# Warmup Iteration   5: 59.211 ops/us
Iteration   1: 60.167 ops/us
Iteration   2: 62.991 ops/us
Iteration   3: 61.203 ops/us
Iteration   4: 61.896 ops/us
Iteration   5: 62.114 ops/us
Iteration   6: 62.121 ops/us
Iteration   7: 61.920 ops/us
Iteration   8: 61.982 ops/us
Iteration   9: 61.794 ops/us
Iteration  10: 58.834 ops/us

# Run progress: 19.08% complete, ETA 01:45:20
# Fork: 3 of 3
# Warmup Iteration   1: 55.182 ops/us
# Warmup Iteration   2: 55.470 ops/us
# Warmup Iteration   3: 57.555 ops/us
# Warmup Iteration   4: 57.891 ops/us
# Warmup Iteration   5: 57.845 ops/us
Iteration   1: 57.449 ops/us
Iteration   2: 55.870 ops/us
Iteration   3: 56.833 ops/us
Iteration   4: 56.866 ops/us
Iteration   5: 56.888 ops/us
Iteration   6: 57.477 ops/us
Iteration   7: 57.374 ops/us
Iteration   8: 57.536 ops/us
Iteration   9: 57.491 ops/us
Iteration  10: 57.279 ops/us


Result "de.splatgames.aether.datafixers.benchmarks.format.JsonBenchmark.jacksonFieldRead":
  60.083 ±(99.9%) 1.537 ops/us [Average]
  (min, avg, max) = (55.870, 60.083, 62.991), stdev = 2.300
  CI (99.9%): [58.546, 61.620] (assumes normal distribution)


# JMH version: 1.37
# VM version: JDK 17.0.18, OpenJDK 64-Bit Server VM, 17.0.18+8-Ubuntu-122.04.1
# VM invoker: /usr/lib/jvm/java-17-openjdk-amd64/bin/java
# VM options: -Xms4G -Xmx4G -XX:+UseG1GC -XX:+AlwaysPreTouch
# Blackhole mode: compiler (auto-detected, use -Djmh.blackhole.autoDetect=false to disable)
# Warmup: 5 iterations, 1 s each
# Measurement: 10 iterations, 1 s each
# Timeout: 10 min per iteration
# Threads: 1 thread, will synchronize iterations
# Benchmark mode: Throughput, ops/time
# Benchmark: de.splatgames.aether.datafixers.benchmarks.format.JsonBenchmark.jacksonFieldRead
# Parameters: (payloadSize = MEDIUM)

# Run progress: 19.28% complete, ETA 01:45:05
# Fork: 1 of 3
# Warmup Iteration   1: 62.682 ops/us
# Warmup Iteration   2: 61.647 ops/us
# Warmup Iteration   3: 61.777 ops/us
# Warmup Iteration   4: 60.915 ops/us
# Warmup Iteration   5: 62.641 ops/us
Iteration   1: 62.183 ops/us
Iteration   2: 62.241 ops/us
Iteration   3: 62.639 ops/us
Iteration   4: 62.724 ops/us
Iteration   5: 62.858 ops/us
Iteration   6: 62.458 ops/us
Iteration   7: 63.162 ops/us
Iteration   8: 62.770 ops/us
Iteration   9: 60.151 ops/us
Iteration  10: 62.813 ops/us

# Run progress: 19.48% complete, ETA 01:44:49
# Fork: 2 of 3
# Warmup Iteration   1: 57.051 ops/us
# Warmup Iteration   2: 55.478 ops/us
# Warmup Iteration   3: 57.285 ops/us
# Warmup Iteration   4: 57.881 ops/us
# Warmup Iteration   5: 57.521 ops/us
Iteration   1: 57.817 ops/us
Iteration   2: 56.982 ops/us
Iteration   3: 56.832 ops/us
Iteration   4: 55.753 ops/us
Iteration   5: 57.506 ops/us
Iteration   6: 56.954 ops/us
Iteration   7: 56.777 ops/us
Iteration   8: 57.554 ops/us
Iteration   9: 57.904 ops/us
Iteration  10: 57.829 ops/us

# Run progress: 19.68% complete, ETA 01:44:33
# Fork: 3 of 3
# Warmup Iteration   1: 63.652 ops/us
# Warmup Iteration   2: 61.278 ops/us
# Warmup Iteration   3: 61.677 ops/us
# Warmup Iteration   4: 62.281 ops/us
# Warmup Iteration   5: 59.866 ops/us
Iteration   1: 61.040 ops/us
Iteration   2: 63.234 ops/us
Iteration   3: 62.926 ops/us
Iteration   4: 63.405 ops/us
Iteration   5: 63.232 ops/us
Iteration   6: 62.781 ops/us
Iteration   7: 61.153 ops/us
Iteration   8: 62.293 ops/us
Iteration   9: 63.433 ops/us
Iteration  10: 62.902 ops/us


Result "de.splatgames.aether.datafixers.benchmarks.format.JsonBenchmark.jacksonFieldRead":
  60.744 ±(99.9%) 1.785 ops/us [Average]
  (min, avg, max) = (55.753, 60.744, 63.433), stdev = 2.672
  CI (99.9%): [58.959, 62.528] (assumes normal distribution)


# JMH version: 1.37
# VM version: JDK 17.0.18, OpenJDK 64-Bit Server VM, 17.0.18+8-Ubuntu-122.04.1
# VM invoker: /usr/lib/jvm/java-17-openjdk-amd64/bin/java
# VM options: -Xms4G -Xmx4G -XX:+UseG1GC -XX:+AlwaysPreTouch
# Blackhole mode: compiler (auto-detected, use -Djmh.blackhole.autoDetect=false to disable)
# Warmup: 5 iterations, 1 s each
# Measurement: 10 iterations, 1 s each
# Timeout: 10 min per iteration
# Threads: 1 thread, will synchronize iterations
# Benchmark mode: Throughput, ops/time
# Benchmark: de.splatgames.aether.datafixers.benchmarks.format.JsonBenchmark.jacksonFieldRead
# Parameters: (payloadSize = LARGE)

# Run progress: 19.88% complete, ETA 01:44:18
# Fork: 1 of 3
# Warmup Iteration   1: 53.275 ops/us
# Warmup Iteration   2: 61.498 ops/us
# Warmup Iteration   3: 60.315 ops/us
# Warmup Iteration   4: 59.329 ops/us
# Warmup Iteration   5: 58.639 ops/us
Iteration   1: 62.743 ops/us
Iteration   2: 62.004 ops/us
Iteration   3: 62.894 ops/us
Iteration   4: 62.857 ops/us
Iteration   5: 62.506 ops/us
Iteration   6: 63.123 ops/us
Iteration   7: 63.367 ops/us
Iteration   8: 62.879 ops/us
Iteration   9: 62.720 ops/us
Iteration  10: 61.381 ops/us

# Run progress: 20.08% complete, ETA 01:44:02
# Fork: 2 of 3
# Warmup Iteration   1: 59.605 ops/us
# Warmup Iteration   2: 63.219 ops/us
# Warmup Iteration   3: 61.230 ops/us
# Warmup Iteration   4: 60.925 ops/us
# Warmup Iteration   5: 61.486 ops/us
Iteration   1: 61.075 ops/us
Iteration   2: 61.400 ops/us
Iteration   3: 60.923 ops/us
Iteration   4: 61.459 ops/us
Iteration   5: 61.467 ops/us
Iteration   6: 60.757 ops/us
Iteration   7: 60.356 ops/us
Iteration   8: 58.912 ops/us
Iteration   9: 60.817 ops/us
Iteration  10: 60.859 ops/us

# Run progress: 20.28% complete, ETA 01:43:46
# Fork: 3 of 3
# Warmup Iteration   1: 56.104 ops/us
# Warmup Iteration   2: 62.030 ops/us
# Warmup Iteration   3: 62.301 ops/us
# Warmup Iteration   4: 62.707 ops/us
# Warmup Iteration   5: 62.348 ops/us
Iteration   1: 61.853 ops/us
Iteration   2: 63.267 ops/us
Iteration   3: 62.428 ops/us
Iteration   4: 61.917 ops/us
Iteration   5: 62.042 ops/us
Iteration   6: 62.264 ops/us
Iteration   7: 63.155 ops/us
Iteration   8: 62.603 ops/us
Iteration   9: 63.060 ops/us
Iteration  10: 61.724 ops/us


Result "de.splatgames.aether.datafixers.benchmarks.format.JsonBenchmark.jacksonFieldRead":
  61.960 ±(99.9%) 0.694 ops/us [Average]
  (min, avg, max) = (58.912, 61.960, 63.367), stdev = 1.039
  CI (99.9%): [61.266, 62.655] (assumes normal distribution)


# JMH version: 1.37
# VM version: JDK 17.0.18, OpenJDK 64-Bit Server VM, 17.0.18+8-Ubuntu-122.04.1
# VM invoker: /usr/lib/jvm/java-17-openjdk-amd64/bin/java
# VM options: -Xms4G -Xmx4G -XX:+UseG1GC -XX:+AlwaysPreTouch
# Blackhole mode: compiler (auto-detected, use -Djmh.blackhole.autoDetect=false to disable)
# Warmup: 5 iterations, 1 s each
# Measurement: 10 iterations, 1 s each
# Timeout: 10 min per iteration
# Threads: 1 thread, will synchronize iterations
# Benchmark mode: Throughput, ops/time
# Benchmark: de.splatgames.aether.datafixers.benchmarks.format.JsonBenchmark.jacksonFieldSet
# Parameters: (payloadSize = SMALL)

# Run progress: 20.48% complete, ETA 01:43:31
# Fork: 1 of 3
# Warmup Iteration   1: 0.832 ops/us
# Warmup Iteration   2: 0.907 ops/us
# Warmup Iteration   3: 0.897 ops/us
# Warmup Iteration   4: 0.888 ops/us
# Warmup Iteration   5: 0.912 ops/us
Iteration   1: 0.906 ops/us
Iteration   2: 0.905 ops/us
Iteration   3: 0.899 ops/us
Iteration   4: 0.899 ops/us
Iteration   5: 0.898 ops/us
Iteration   6: 0.906 ops/us
Iteration   7: 0.908 ops/us
Iteration   8: 0.903 ops/us
Iteration   9: 0.906 ops/us
Iteration  10: 0.899 ops/us

# Run progress: 20.68% complete, ETA 01:43:15
# Fork: 2 of 3
# Warmup Iteration   1: 0.778 ops/us
# Warmup Iteration   2: 0.822 ops/us
# Warmup Iteration   3: 0.814 ops/us
# Warmup Iteration   4: 0.832 ops/us
# Warmup Iteration   5: 0.852 ops/us
Iteration   1: 0.849 ops/us
Iteration   2: 0.847 ops/us
Iteration   3: 0.844 ops/us
Iteration   4: 0.843 ops/us
Iteration   5: 0.854 ops/us
Iteration   6: 0.838 ops/us
Iteration   7: 0.847 ops/us
Iteration   8: 0.849 ops/us
Iteration   9: 0.827 ops/us
Iteration  10: 0.836 ops/us

# Run progress: 20.88% complete, ETA 01:42:59
# Fork: 3 of 3
# Warmup Iteration   1: 0.855 ops/us
# Warmup Iteration   2: 0.891 ops/us
# Warmup Iteration   3: 0.912 ops/us
# Warmup Iteration   4: 0.907 ops/us
# Warmup Iteration   5: 0.904 ops/us
Iteration   1: 0.893 ops/us
Iteration   2: 0.911 ops/us
Iteration   3: 0.897 ops/us
Iteration   4: 0.883 ops/us
Iteration   5: 0.905 ops/us
Iteration   6: 0.904 ops/us
Iteration   7: 0.909 ops/us
Iteration   8: 0.904 ops/us
Iteration   9: 0.913 ops/us
Iteration  10: 0.907 ops/us


Result "de.splatgames.aether.datafixers.benchmarks.format.JsonBenchmark.jacksonFieldSet":
  0.883 ±(99.9%) 0.020 ops/us [Average]
  (min, avg, max) = (0.827, 0.883, 0.913), stdev = 0.029
  CI (99.9%): [0.863, 0.903] (assumes normal distribution)


# JMH version: 1.37
# VM version: JDK 17.0.18, OpenJDK 64-Bit Server VM, 17.0.18+8-Ubuntu-122.04.1
# VM invoker: /usr/lib/jvm/java-17-openjdk-amd64/bin/java
# VM options: -Xms4G -Xmx4G -XX:+UseG1GC -XX:+AlwaysPreTouch
# Blackhole mode: compiler (auto-detected, use -Djmh.blackhole.autoDetect=false to disable)
# Warmup: 5 iterations, 1 s each
# Measurement: 10 iterations, 1 s each
# Timeout: 10 min per iteration
# Threads: 1 thread, will synchronize iterations
# Benchmark mode: Throughput, ops/time
# Benchmark: de.splatgames.aether.datafixers.benchmarks.format.JsonBenchmark.jacksonFieldSet
# Parameters: (payloadSize = MEDIUM)

# Run progress: 21.08% complete, ETA 01:42:44
# Fork: 1 of 3
# Warmup Iteration   1: 0.126 ops/us
# Warmup Iteration   2: 0.127 ops/us
# Warmup Iteration   3: 0.127 ops/us
# Warmup Iteration   4: 0.128 ops/us
# Warmup Iteration   5: 0.125 ops/us
Iteration   1: 0.127 ops/us
Iteration   2: 0.127 ops/us
Iteration   3: 0.130 ops/us
Iteration   4: 0.125 ops/us
Iteration   5: 0.124 ops/us
Iteration   6: 0.126 ops/us
Iteration   7: 0.123 ops/us
Iteration   8: 0.122 ops/us
Iteration   9: 0.122 ops/us
Iteration  10: 0.124 ops/us

# Run progress: 21.29% complete, ETA 01:42:28
# Fork: 2 of 3
# Warmup Iteration   1: 0.123 ops/us
# Warmup Iteration   2: 0.127 ops/us
# Warmup Iteration   3: 0.127 ops/us
# Warmup Iteration   4: 0.126 ops/us
# Warmup Iteration   5: 0.125 ops/us
Iteration   1: 0.127 ops/us
Iteration   2: 0.126 ops/us
Iteration   3: 0.126 ops/us
Iteration   4: 0.127 ops/us
Iteration   5: 0.126 ops/us
Iteration   6: 0.127 ops/us
Iteration   7: 0.127 ops/us
Iteration   8: 0.127 ops/us
Iteration   9: 0.125 ops/us
Iteration  10: 0.127 ops/us

# Run progress: 21.49% complete, ETA 01:42:12
# Fork: 3 of 3
# Warmup Iteration   1: 0.120 ops/us
# Warmup Iteration   2: 0.122 ops/us
# Warmup Iteration   3: 0.127 ops/us
# Warmup Iteration   4: 0.125 ops/us
# Warmup Iteration   5: 0.127 ops/us
Iteration   1: 0.127 ops/us
Iteration   2: 0.125 ops/us
Iteration   3: 0.127 ops/us
Iteration   4: 0.125 ops/us
Iteration   5: 0.126 ops/us
Iteration   6: 0.124 ops/us
Iteration   7: 0.123 ops/us
Iteration   8: 0.125 ops/us
Iteration   9: 0.126 ops/us
Iteration  10: 0.125 ops/us


Result "de.splatgames.aether.datafixers.benchmarks.format.JsonBenchmark.jacksonFieldSet":
  0.126 ±(99.9%) 0.001 ops/us [Average]
  (min, avg, max) = (0.122, 0.126, 0.130), stdev = 0.002
  CI (99.9%): [0.124, 0.127] (assumes normal distribution)


# JMH version: 1.37
# VM version: JDK 17.0.18, OpenJDK 64-Bit Server VM, 17.0.18+8-Ubuntu-122.04.1
# VM invoker: /usr/lib/jvm/java-17-openjdk-amd64/bin/java
# VM options: -Xms4G -Xmx4G -XX:+UseG1GC -XX:+AlwaysPreTouch
# Blackhole mode: compiler (auto-detected, use -Djmh.blackhole.autoDetect=false to disable)
# Warmup: 5 iterations, 1 s each
# Measurement: 10 iterations, 1 s each
# Timeout: 10 min per iteration
# Threads: 1 thread, will synchronize iterations
# Benchmark mode: Throughput, ops/time
# Benchmark: de.splatgames.aether.datafixers.benchmarks.format.JsonBenchmark.jacksonFieldSet
# Parameters: (payloadSize = LARGE)

# Run progress: 21.69% complete, ETA 01:41:57
# Fork: 1 of 3
# Warmup Iteration   1: 0.014 ops/us
# Warmup Iteration   2: 0.014 ops/us
# Warmup Iteration   3: 0.014 ops/us
# Warmup Iteration   4: 0.014 ops/us
# Warmup Iteration   5: 0.014 ops/us
Iteration   1: 0.014 ops/us
Iteration   2: 0.014 ops/us
Iteration   3: 0.014 ops/us
Iteration   4: 0.014 ops/us
Iteration   5: 0.014 ops/us
Iteration   6: 0.013 ops/us
Iteration   7: 0.014 ops/us
Iteration   8: 0.013 ops/us
Iteration   9: 0.013 ops/us
Iteration  10: 0.014 ops/us

# Run progress: 21.89% complete, ETA 01:41:41
# Fork: 2 of 3
# Warmup Iteration   1: 0.014 ops/us
# Warmup Iteration   2: 0.015 ops/us
# Warmup Iteration   3: 0.015 ops/us
# Warmup Iteration   4: 0.015 ops/us
# Warmup Iteration   5: 0.015 ops/us
Iteration   1: 0.015 ops/us
Iteration   2: 0.015 ops/us
Iteration   3: 0.015 ops/us
Iteration   4: 0.015 ops/us
Iteration   5: 0.014 ops/us
Iteration   6: 0.014 ops/us
Iteration   7: 0.015 ops/us
Iteration   8: 0.015 ops/us
Iteration   9: 0.015 ops/us
Iteration  10: 0.015 ops/us

# Run progress: 22.09% complete, ETA 01:41:25
# Fork: 3 of 3
# Warmup Iteration   1: 0.014 ops/us
# Warmup Iteration   2: 0.014 ops/us
# Warmup Iteration   3: 0.014 ops/us
# Warmup Iteration   4: 0.014 ops/us
# Warmup Iteration   5: 0.014 ops/us
Iteration   1: 0.014 ops/us
Iteration   2: 0.014 ops/us
Iteration   3: 0.014 ops/us
Iteration   4: 0.013 ops/us
Iteration   5: 0.014 ops/us
Iteration   6: 0.013 ops/us
Iteration   7: 0.013 ops/us
Iteration   8: 0.013 ops/us
Iteration   9: 0.013 ops/us
Iteration  10: 0.013 ops/us


Result "de.splatgames.aether.datafixers.benchmarks.format.JsonBenchmark.jacksonFieldSet":
  0.014 ±(99.9%) 0.001 ops/us [Average]
  (min, avg, max) = (0.013, 0.014, 0.015), stdev = 0.001
  CI (99.9%): [0.014, 0.014] (assumes normal distribution)


# JMH version: 1.37
# VM version: JDK 17.0.18, OpenJDK 64-Bit Server VM, 17.0.18+8-Ubuntu-122.04.1
# VM invoker: /usr/lib/jvm/java-17-openjdk-amd64/bin/java
# VM options: -Xms4G -Xmx4G -XX:+UseG1GC -XX:+AlwaysPreTouch
# Blackhole mode: compiler (auto-detected, use -Djmh.blackhole.autoDetect=false to disable)
# Warmup: 5 iterations, 1 s each
# Measurement: 10 iterations, 1 s each
# Timeout: 10 min per iteration
# Threads: 1 thread, will synchronize iterations
# Benchmark mode: Throughput, ops/time
# Benchmark: de.splatgames.aether.datafixers.benchmarks.format.JsonBenchmark.jacksonGenerate
# Parameters: (payloadSize = SMALL)

# Run progress: 22.29% complete, ETA 01:41:10
# Fork: 1 of 3
# Warmup Iteration   1: 0.133 ops/us
# Warmup Iteration   2: 0.148 ops/us
# Warmup Iteration   3: 0.149 ops/us
# Warmup Iteration   4: 0.148 ops/us
# Warmup Iteration   5: 0.146 ops/us
Iteration   1: 0.146 ops/us
Iteration   2: 0.149 ops/us
Iteration   3: 0.146 ops/us
Iteration   4: 0.147 ops/us
Iteration   5: 0.146 ops/us
Iteration   6: 0.148 ops/us
Iteration   7: 0.149 ops/us
Iteration   8: 0.150 ops/us
Iteration   9: 0.149 ops/us
Iteration  10: 0.149 ops/us

# Run progress: 22.49% complete, ETA 01:40:54
# Fork: 2 of 3
# Warmup Iteration   1: 0.132 ops/us
# Warmup Iteration   2: 0.149 ops/us
# Warmup Iteration   3: 0.146 ops/us
# Warmup Iteration   4: 0.145 ops/us
# Warmup Iteration   5: 0.149 ops/us
Iteration   1: 0.148 ops/us
Iteration   2: 0.149 ops/us
Iteration   3: 0.149 ops/us
Iteration   4: 0.148 ops/us
Iteration   5: 0.150 ops/us
Iteration   6: 0.150 ops/us
Iteration   7: 0.149 ops/us
Iteration   8: 0.147 ops/us
Iteration   9: 0.147 ops/us
Iteration  10: 0.149 ops/us

# Run progress: 22.69% complete, ETA 01:40:38
# Fork: 3 of 3
# Warmup Iteration   1: 0.134 ops/us
# Warmup Iteration   2: 0.148 ops/us
# Warmup Iteration   3: 0.148 ops/us
# Warmup Iteration   4: 0.147 ops/us
# Warmup Iteration   5: 0.146 ops/us
Iteration   1: 0.148 ops/us
Iteration   2: 0.146 ops/us
Iteration   3: 0.145 ops/us
Iteration   4: 0.147 ops/us
Iteration   5: 0.146 ops/us
Iteration   6: 0.147 ops/us
Iteration   7: 0.147 ops/us
Iteration   8: 0.148 ops/us
Iteration   9: 0.148 ops/us
Iteration  10: 0.147 ops/us


Result "de.splatgames.aether.datafixers.benchmarks.format.JsonBenchmark.jacksonGenerate":
  0.148 ±(99.9%) 0.001 ops/us [Average]
  (min, avg, max) = (0.145, 0.148, 0.150), stdev = 0.001
  CI (99.9%): [0.147, 0.149] (assumes normal distribution)


# JMH version: 1.37
# VM version: JDK 17.0.18, OpenJDK 64-Bit Server VM, 17.0.18+8-Ubuntu-122.04.1
# VM invoker: /usr/lib/jvm/java-17-openjdk-amd64/bin/java
# VM options: -Xms4G -Xmx4G -XX:+UseG1GC -XX:+AlwaysPreTouch
# Blackhole mode: compiler (auto-detected, use -Djmh.blackhole.autoDetect=false to disable)
# Warmup: 5 iterations, 1 s each
# Measurement: 10 iterations, 1 s each
# Timeout: 10 min per iteration
# Threads: 1 thread, will synchronize iterations
# Benchmark mode: Throughput, ops/time
# Benchmark: de.splatgames.aether.datafixers.benchmarks.format.JsonBenchmark.jacksonGenerate
# Parameters: (payloadSize = MEDIUM)

# Run progress: 22.89% complete, ETA 01:40:23
# Fork: 1 of 3
# Warmup Iteration   1: 0.014 ops/us
# Warmup Iteration   2: 0.015 ops/us
# Warmup Iteration   3: 0.015 ops/us
# Warmup Iteration   4: 0.015 ops/us
# Warmup Iteration   5: 0.015 ops/us
Iteration   1: 0.015 ops/us
Iteration   2: 0.015 ops/us
Iteration   3: 0.015 ops/us
Iteration   4: 0.015 ops/us
Iteration   5: 0.015 ops/us
Iteration   6: 0.014 ops/us
Iteration   7: 0.015 ops/us
Iteration   8: 0.015 ops/us
Iteration   9: 0.015 ops/us
Iteration  10: 0.015 ops/us

# Run progress: 23.09% complete, ETA 01:40:07
# Fork: 2 of 3
# Warmup Iteration   1: 0.014 ops/us
# Warmup Iteration   2: 0.014 ops/us
# Warmup Iteration   3: 0.015 ops/us
# Warmup Iteration   4: 0.015 ops/us
# Warmup Iteration   5: 0.015 ops/us
Iteration   1: 0.014 ops/us
Iteration   2: 0.015 ops/us
Iteration   3: 0.015 ops/us
Iteration   4: 0.015 ops/us
Iteration   5: 0.015 ops/us
Iteration   6: 0.015 ops/us
Iteration   7: 0.015 ops/us
Iteration   8: 0.015 ops/us
Iteration   9: 0.014 ops/us
Iteration  10: 0.015 ops/us

# Run progress: 23.29% complete, ETA 01:39:51
# Fork: 3 of 3
# Warmup Iteration   1: 0.014 ops/us
# Warmup Iteration   2: 0.015 ops/us
# Warmup Iteration   3: 0.015 ops/us
# Warmup Iteration   4: 0.015 ops/us
# Warmup Iteration   5: 0.015 ops/us
Iteration   1: 0.015 ops/us
Iteration   2: 0.015 ops/us
Iteration   3: 0.015 ops/us
Iteration   4: 0.015 ops/us
Iteration   5: 0.015 ops/us
Iteration   6: 0.015 ops/us
Iteration   7: 0.015 ops/us
Iteration   8: 0.015 ops/us
Iteration   9: 0.015 ops/us
Iteration  10: 0.015 ops/us


Result "de.splatgames.aether.datafixers.benchmarks.format.JsonBenchmark.jacksonGenerate":
  0.015 ±(99.9%) 0.001 ops/us [Average]
  (min, avg, max) = (0.014, 0.015, 0.015), stdev = 0.001
  CI (99.9%): [0.015, 0.015] (assumes normal distribution)


# JMH version: 1.37
# VM version: JDK 17.0.18, OpenJDK 64-Bit Server VM, 17.0.18+8-Ubuntu-122.04.1
# VM invoker: /usr/lib/jvm/java-17-openjdk-amd64/bin/java
# VM options: -Xms4G -Xmx4G -XX:+UseG1GC -XX:+AlwaysPreTouch
# Blackhole mode: compiler (auto-detected, use -Djmh.blackhole.autoDetect=false to disable)
# Warmup: 5 iterations, 1 s each
# Measurement: 10 iterations, 1 s each
# Timeout: 10 min per iteration
# Threads: 1 thread, will synchronize iterations
# Benchmark mode: Throughput, ops/time
# Benchmark: de.splatgames.aether.datafixers.benchmarks.format.JsonBenchmark.jacksonGenerate
# Parameters: (payloadSize = LARGE)

# Run progress: 23.49% complete, ETA 01:39:35
# Fork: 1 of 3
# Warmup Iteration   1: 0.002 ops/us
# Warmup Iteration   2: 0.002 ops/us
# Warmup Iteration   3: 0.002 ops/us
# Warmup Iteration   4: 0.002 ops/us
# Warmup Iteration   5: 0.002 ops/us
Iteration   1: 0.002 ops/us
Iteration   2: 0.002 ops/us
Iteration   3: 0.002 ops/us
Iteration   4: 0.002 ops/us
Iteration   5: 0.002 ops/us
Iteration   6: 0.002 ops/us
Iteration   7: 0.002 ops/us
Iteration   8: 0.002 ops/us
Iteration   9: 0.002 ops/us
Iteration  10: 0.002 ops/us

# Run progress: 23.69% complete, ETA 01:39:20
# Fork: 2 of 3
# Warmup Iteration   1: 0.002 ops/us
# Warmup Iteration   2: 0.002 ops/us
# Warmup Iteration   3: 0.002 ops/us
# Warmup Iteration   4: 0.002 ops/us
# Warmup Iteration   5: 0.002 ops/us
Iteration   1: 0.002 ops/us
Iteration   2: 0.002 ops/us
Iteration   3: 0.002 ops/us
Iteration   4: 0.002 ops/us
Iteration   5: 0.002 ops/us
Iteration   6: 0.002 ops/us
Iteration   7: 0.002 ops/us
Iteration   8: 0.002 ops/us
Iteration   9: 0.002 ops/us
Iteration  10: 0.002 ops/us

# Run progress: 23.90% complete, ETA 01:39:04
# Fork: 3 of 3
# Warmup Iteration   1: 0.002 ops/us
# Warmup Iteration   2: 0.002 ops/us
# Warmup Iteration   3: 0.002 ops/us
# Warmup Iteration   4: 0.002 ops/us
# Warmup Iteration   5: 0.002 ops/us
Iteration   1: 0.002 ops/us
Iteration   2: 0.002 ops/us
Iteration   3: 0.002 ops/us
Iteration   4: 0.002 ops/us
Iteration   5: 0.002 ops/us
Iteration   6: 0.002 ops/us
Iteration   7: 0.002 ops/us
Iteration   8: 0.002 ops/us
Iteration   9: 0.002 ops/us
Iteration  10: 0.002 ops/us


Result "de.splatgames.aether.datafixers.benchmarks.format.JsonBenchmark.jacksonGenerate":
  0.002 ±(99.9%) 0.001 ops/us [Average]
  (min, avg, max) = (0.002, 0.002, 0.002), stdev = 0.001
  CI (99.9%): [0.002, 0.002] (assumes normal distribution)


# JMH version: 1.37
# VM version: JDK 17.0.18, OpenJDK 64-Bit Server VM, 17.0.18+8-Ubuntu-122.04.1
# VM invoker: /usr/lib/jvm/java-17-openjdk-amd64/bin/java
# VM options: -Xms4G -Xmx4G -XX:+UseG1GC -XX:+AlwaysPreTouch
# Blackhole mode: compiler (auto-detected, use -Djmh.blackhole.autoDetect=false to disable)
# Warmup: 5 iterations, 1 s each
# Measurement: 10 iterations, 1 s each
# Timeout: 10 min per iteration
# Threads: 1 thread, will synchronize iterations
# Benchmark mode: Throughput, ops/time
# Benchmark: de.splatgames.aether.datafixers.benchmarks.format.JsonBenchmark.jacksonMigration
# Parameters: (payloadSize = SMALL)

# Run progress: 24.10% complete, ETA 01:38:48
# Fork: 1 of 3
# Warmup Iteration   1: 3.322 ops/us
# Warmup Iteration   2: 3.681 ops/us
# Warmup Iteration   3: 3.716 ops/us
# Warmup Iteration   4: 3.727 ops/us
# Warmup Iteration   5: 3.704 ops/us
Iteration   1: 3.716 ops/us
Iteration   2: 3.698 ops/us
Iteration   3: 3.705 ops/us
Iteration   4: 3.703 ops/us
Iteration   5: 3.700 ops/us
Iteration   6: 3.680 ops/us
Iteration   7: 3.694 ops/us
Iteration   8: 3.663 ops/us
Iteration   9: 3.680 ops/us
Iteration  10: 3.711 ops/us

# Run progress: 24.30% complete, ETA 01:38:33
# Fork: 2 of 3
# Warmup Iteration   1: 3.409 ops/us
# Warmup Iteration   2: 3.611 ops/us
# Warmup Iteration   3: 3.697 ops/us
# Warmup Iteration   4: 3.673 ops/us
# Warmup Iteration   5: 3.718 ops/us
Iteration   1: 3.762 ops/us
Iteration   2: 3.743 ops/us
Iteration   3: 3.746 ops/us
Iteration   4: 3.738 ops/us
Iteration   5: 3.758 ops/us
Iteration   6: 3.735 ops/us
Iteration   7: 3.693 ops/us
Iteration   8: 3.765 ops/us
Iteration   9: 3.748 ops/us
Iteration  10: 3.750 ops/us

# Run progress: 24.50% complete, ETA 01:38:17
# Fork: 3 of 3
# Warmup Iteration   1: 3.317 ops/us
# Warmup Iteration   2: 3.702 ops/us
# Warmup Iteration   3: 3.658 ops/us
# Warmup Iteration   4: 3.699 ops/us
# Warmup Iteration   5: 3.717 ops/us
Iteration   1: 3.700 ops/us
Iteration   2: 3.517 ops/us
Iteration   3: 3.710 ops/us
Iteration   4: 3.691 ops/us
Iteration   5: 3.703 ops/us
Iteration   6: 3.706 ops/us
Iteration   7: 3.723 ops/us
Iteration   8: 3.730 ops/us
Iteration   9: 3.680 ops/us
Iteration  10: 3.724 ops/us


Result "de.splatgames.aether.datafixers.benchmarks.format.JsonBenchmark.jacksonMigration":
  3.709 ±(99.9%) 0.030 ops/us [Average]
  (min, avg, max) = (3.517, 3.709, 3.765), stdev = 0.045
  CI (99.9%): [3.679, 3.739] (assumes normal distribution)


# JMH version: 1.37
# VM version: JDK 17.0.18, OpenJDK 64-Bit Server VM, 17.0.18+8-Ubuntu-122.04.1
# VM invoker: /usr/lib/jvm/java-17-openjdk-amd64/bin/java
# VM options: -Xms4G -Xmx4G -XX:+UseG1GC -XX:+AlwaysPreTouch
# Blackhole mode: compiler (auto-detected, use -Djmh.blackhole.autoDetect=false to disable)
# Warmup: 5 iterations, 1 s each
# Measurement: 10 iterations, 1 s each
# Timeout: 10 min per iteration
# Threads: 1 thread, will synchronize iterations
# Benchmark mode: Throughput, ops/time
# Benchmark: de.splatgames.aether.datafixers.benchmarks.format.JsonBenchmark.jacksonMigration
# Parameters: (payloadSize = MEDIUM)

# Run progress: 24.70% complete, ETA 01:38:01
# Fork: 1 of 3
# Warmup Iteration   1: 3.294 ops/us
# Warmup Iteration   2: 3.683 ops/us
# Warmup Iteration   3: 3.751 ops/us
# Warmup Iteration   4: 3.768 ops/us
# Warmup Iteration   5: 3.769 ops/us
Iteration   1: 3.812 ops/us
Iteration   2: 3.781 ops/us
Iteration   3: 3.777 ops/us
Iteration   4: 3.793 ops/us
Iteration   5: 3.725 ops/us
Iteration   6: 3.689 ops/us
Iteration   7: 3.733 ops/us
Iteration   8: 3.709 ops/us
Iteration   9: 3.751 ops/us
Iteration  10: 3.778 ops/us

# Run progress: 24.90% complete, ETA 01:37:46
# Fork: 2 of 3
# Warmup Iteration   1: 3.410 ops/us
# Warmup Iteration   2: 3.780 ops/us
# Warmup Iteration   3: 3.792 ops/us
# Warmup Iteration   4: 3.768 ops/us
# Warmup Iteration   5: 3.714 ops/us
Iteration   1: 3.789 ops/us
Iteration   2: 3.772 ops/us
Iteration   3: 3.773 ops/us
Iteration   4: 3.785 ops/us
Iteration   5: 3.793 ops/us
Iteration   6: 3.799 ops/us
Iteration   7: 3.809 ops/us
Iteration   8: 3.780 ops/us
Iteration   9: 3.788 ops/us
Iteration  10: 3.709 ops/us

# Run progress: 25.10% complete, ETA 01:37:30
# Fork: 3 of 3
# Warmup Iteration   1: 3.362 ops/us
# Warmup Iteration   2: 3.716 ops/us
# Warmup Iteration   3: 3.746 ops/us
# Warmup Iteration   4: 3.725 ops/us
# Warmup Iteration   5: 3.730 ops/us
Iteration   1: 3.758 ops/us
Iteration   2: 3.657 ops/us
Iteration   3: 3.747 ops/us
Iteration   4: 3.691 ops/us
Iteration   5: 3.779 ops/us
Iteration   6: 3.748 ops/us
Iteration   7: 3.743 ops/us
Iteration   8: 3.774 ops/us
Iteration   9: 3.736 ops/us
Iteration  10: 3.796 ops/us


Result "de.splatgames.aether.datafixers.benchmarks.format.JsonBenchmark.jacksonMigration":
  3.759 ±(99.9%) 0.026 ops/us [Average]
  (min, avg, max) = (3.657, 3.759, 3.812), stdev = 0.039
  CI (99.9%): [3.733, 3.785] (assumes normal distribution)


# JMH version: 1.37
# VM version: JDK 17.0.18, OpenJDK 64-Bit Server VM, 17.0.18+8-Ubuntu-122.04.1
# VM invoker: /usr/lib/jvm/java-17-openjdk-amd64/bin/java
# VM options: -Xms4G -Xmx4G -XX:+UseG1GC -XX:+AlwaysPreTouch
# Blackhole mode: compiler (auto-detected, use -Djmh.blackhole.autoDetect=false to disable)
# Warmup: 5 iterations, 1 s each
# Measurement: 10 iterations, 1 s each
# Timeout: 10 min per iteration
# Threads: 1 thread, will synchronize iterations
# Benchmark mode: Throughput, ops/time
# Benchmark: de.splatgames.aether.datafixers.benchmarks.format.JsonBenchmark.jacksonMigration
# Parameters: (payloadSize = LARGE)

# Run progress: 25.30% complete, ETA 01:37:14
# Fork: 1 of 3
# Warmup Iteration   1: 3.365 ops/us
# Warmup Iteration   2: 3.738 ops/us
# Warmup Iteration   3: 3.760 ops/us
# Warmup Iteration   4: 3.658 ops/us
# Warmup Iteration   5: 3.706 ops/us
Iteration   1: 3.803 ops/us
Iteration   2: 3.790 ops/us
Iteration   3: 3.755 ops/us
Iteration   4: 3.749 ops/us
Iteration   5: 3.705 ops/us
Iteration   6: 3.767 ops/us
Iteration   7: 3.804 ops/us
Iteration   8: 3.717 ops/us
Iteration   9: 3.805 ops/us
Iteration  10: 3.738 ops/us

# Run progress: 25.50% complete, ETA 01:36:59
# Fork: 2 of 3
# Warmup Iteration   1: 3.317 ops/us
# Warmup Iteration   2: 3.709 ops/us
# Warmup Iteration   3: 3.742 ops/us
# Warmup Iteration   4: 3.760 ops/us
# Warmup Iteration   5: 3.583 ops/us
Iteration   1: 3.722 ops/us
Iteration   2: 3.706 ops/us
Iteration   3: 3.694 ops/us
Iteration   4: 3.738 ops/us
Iteration   5: 3.730 ops/us
Iteration   6: 3.728 ops/us
Iteration   7: 3.742 ops/us
Iteration   8: 3.705 ops/us
Iteration   9: 3.714 ops/us
Iteration  10: 3.719 ops/us

# Run progress: 25.70% complete, ETA 01:36:43
# Fork: 3 of 3
# Warmup Iteration   1: 3.359 ops/us
# Warmup Iteration   2: 3.676 ops/us
# Warmup Iteration   3: 3.758 ops/us
# Warmup Iteration   4: 3.657 ops/us
# Warmup Iteration   5: 3.736 ops/us
Iteration   1: 3.671 ops/us
Iteration   2: 3.753 ops/us
Iteration   3: 3.741 ops/us
Iteration   4: 3.765 ops/us
Iteration   5: 3.725 ops/us
Iteration   6: 3.727 ops/us
Iteration   7: 3.632 ops/us
Iteration   8: 3.736 ops/us
Iteration   9: 3.691 ops/us
Iteration  10: 3.734 ops/us


Result "de.splatgames.aether.datafixers.benchmarks.format.JsonBenchmark.jacksonMigration":
  3.733 ±(99.9%) 0.026 ops/us [Average]
  (min, avg, max) = (3.632, 3.733, 3.805), stdev = 0.038
  CI (99.9%): [3.708, 3.759] (assumes normal distribution)


# JMH version: 1.37
# VM version: JDK 17.0.18, OpenJDK 64-Bit Server VM, 17.0.18+8-Ubuntu-122.04.1
# VM invoker: /usr/lib/jvm/java-17-openjdk-amd64/bin/java
# VM options: -Xms4G -Xmx4G -XX:+UseG1GC -XX:+AlwaysPreTouch
# Blackhole mode: compiler (auto-detected, use -Djmh.blackhole.autoDetect=false to disable)
# Warmup: 5 iterations, 1 s each
# Measurement: 10 iterations, 1 s each
# Timeout: 10 min per iteration
# Threads: 1 thread, will synchronize iterations
# Benchmark mode: Throughput, ops/time
# Benchmark: de.splatgames.aether.datafixers.benchmarks.format.TomlXmlBenchmark.tomlFieldRead
# Parameters: (payloadSize = SMALL)

# Run progress: 25.90% complete, ETA 01:36:27
# Fork: 1 of 3
# Warmup Iteration   1: 64.980 ops/us
# Warmup Iteration   2: 62.677 ops/us
# Warmup Iteration   3: 62.711 ops/us
# Warmup Iteration   4: 62.999 ops/us
# Warmup Iteration   5: 63.114 ops/us
Iteration   1: 62.212 ops/us
Iteration   2: 62.809 ops/us
Iteration   3: 63.186 ops/us
Iteration   4: 62.849 ops/us
Iteration   5: 62.754 ops/us
Iteration   6: 62.866 ops/us
Iteration   7: 63.133 ops/us
Iteration   8: 62.811 ops/us
Iteration   9: 62.619 ops/us
Iteration  10: 62.918 ops/us

# Run progress: 26.10% complete, ETA 01:36:12
# Fork: 2 of 3
# Warmup Iteration   1: 63.999 ops/us
# Warmup Iteration   2: 59.645 ops/us
# Warmup Iteration   3: 62.145 ops/us
# Warmup Iteration   4: 63.423 ops/us
# Warmup Iteration   5: 63.480 ops/us
Iteration   1: 63.118 ops/us
Iteration   2: 62.319 ops/us
Iteration   3: 63.074 ops/us
Iteration   4: 62.973 ops/us
Iteration   5: 63.269 ops/us
Iteration   6: 62.016 ops/us
Iteration   7: 63.742 ops/us
Iteration   8: 63.037 ops/us
Iteration   9: 63.266 ops/us
Iteration  10: 64.069 ops/us

# Run progress: 26.31% complete, ETA 01:35:56
# Fork: 3 of 3
# Warmup Iteration   1: 64.504 ops/us
# Warmup Iteration   2: 60.370 ops/us
# Warmup Iteration   3: 61.041 ops/us
# Warmup Iteration   4: 60.880 ops/us
# Warmup Iteration   5: 60.631 ops/us
Iteration   1: 61.064 ops/us
Iteration   2: 61.436 ops/us
Iteration   3: 59.949 ops/us
Iteration   4: 60.303 ops/us
Iteration   5: 61.633 ops/us
Iteration   6: 61.331 ops/us
Iteration   7: 60.813 ops/us
Iteration   8: 61.446 ops/us
Iteration   9: 61.067 ops/us
Iteration  10: 61.047 ops/us


Result "de.splatgames.aether.datafixers.benchmarks.format.TomlXmlBenchmark.tomlFieldRead":
  62.304 ±(99.9%) 0.701 ops/us [Average]
  (min, avg, max) = (59.949, 62.304, 64.069), stdev = 1.050
  CI (99.9%): [61.603, 63.006] (assumes normal distribution)


# JMH version: 1.37
# VM version: JDK 17.0.18, OpenJDK 64-Bit Server VM, 17.0.18+8-Ubuntu-122.04.1
# VM invoker: /usr/lib/jvm/java-17-openjdk-amd64/bin/java
# VM options: -Xms4G -Xmx4G -XX:+UseG1GC -XX:+AlwaysPreTouch
# Blackhole mode: compiler (auto-detected, use -Djmh.blackhole.autoDetect=false to disable)
# Warmup: 5 iterations, 1 s each
# Measurement: 10 iterations, 1 s each
# Timeout: 10 min per iteration
# Threads: 1 thread, will synchronize iterations
# Benchmark mode: Throughput, ops/time
# Benchmark: de.splatgames.aether.datafixers.benchmarks.format.TomlXmlBenchmark.tomlFieldRead
# Parameters: (payloadSize = MEDIUM)

# Run progress: 26.51% complete, ETA 01:35:40
# Fork: 1 of 3
# Warmup Iteration   1: 56.998 ops/us
# Warmup Iteration   2: 60.817 ops/us
# Warmup Iteration   3: 62.268 ops/us
# Warmup Iteration   4: 63.054 ops/us
# Warmup Iteration   5: 63.217 ops/us
Iteration   1: 62.654 ops/us
Iteration   2: 63.508 ops/us
Iteration   3: 63.327 ops/us
Iteration   4: 62.080 ops/us
Iteration   5: 62.278 ops/us
Iteration   6: 62.665 ops/us
Iteration   7: 62.310 ops/us
Iteration   8: 62.278 ops/us
Iteration   9: 62.891 ops/us
Iteration  10: 62.336 ops/us

# Run progress: 26.71% complete, ETA 01:35:25
# Fork: 2 of 3
# Warmup Iteration   1: 55.725 ops/us
# Warmup Iteration   2: 60.977 ops/us
# Warmup Iteration   3: 62.598 ops/us
# Warmup Iteration   4: 62.374 ops/us
# Warmup Iteration   5: 63.709 ops/us
Iteration   1: 61.674 ops/us
Iteration   2: 63.091 ops/us
Iteration   3: 62.396 ops/us
Iteration   4: 62.869 ops/us
Iteration   5: 62.792 ops/us
Iteration   6: 62.806 ops/us
Iteration   7: 62.858 ops/us
Iteration   8: 62.388 ops/us
Iteration   9: 61.723 ops/us
Iteration  10: 59.526 ops/us

# Run progress: 26.91% complete, ETA 01:35:09
# Fork: 3 of 3
# Warmup Iteration   1: 55.644 ops/us
# Warmup Iteration   2: 61.806 ops/us
# Warmup Iteration   3: 62.536 ops/us
# Warmup Iteration   4: 63.042 ops/us
# Warmup Iteration   5: 62.543 ops/us
Iteration   1: 61.870 ops/us
Iteration   2: 62.149 ops/us
Iteration   3: 61.240 ops/us
Iteration   4: 62.734 ops/us
Iteration   5: 61.830 ops/us
Iteration   6: 62.875 ops/us
Iteration   7: 62.894 ops/us
Iteration   8: 62.995 ops/us
Iteration   9: 63.418 ops/us
Iteration  10: 62.693 ops/us


Result "de.splatgames.aether.datafixers.benchmarks.format.TomlXmlBenchmark.tomlFieldRead":
  62.438 ±(99.9%) 0.513 ops/us [Average]
  (min, avg, max) = (59.526, 62.438, 63.508), stdev = 0.768
  CI (99.9%): [61.925, 62.951] (assumes normal distribution)


# JMH version: 1.37
# VM version: JDK 17.0.18, OpenJDK 64-Bit Server VM, 17.0.18+8-Ubuntu-122.04.1
# VM invoker: /usr/lib/jvm/java-17-openjdk-amd64/bin/java
# VM options: -Xms4G -Xmx4G -XX:+UseG1GC -XX:+AlwaysPreTouch
# Blackhole mode: compiler (auto-detected, use -Djmh.blackhole.autoDetect=false to disable)
# Warmup: 5 iterations, 1 s each
# Measurement: 10 iterations, 1 s each
# Timeout: 10 min per iteration
# Threads: 1 thread, will synchronize iterations
# Benchmark mode: Throughput, ops/time
# Benchmark: de.splatgames.aether.datafixers.benchmarks.format.TomlXmlBenchmark.tomlFieldSet
# Parameters: (payloadSize = SMALL)

# Run progress: 27.11% complete, ETA 01:34:53
# Fork: 1 of 3
# Warmup Iteration   1: 0.853 ops/us
# Warmup Iteration   2: 0.885 ops/us
# Warmup Iteration   3: 0.870 ops/us
# Warmup Iteration   4: 0.888 ops/us
# Warmup Iteration   5: 0.881 ops/us
Iteration   1: 0.887 ops/us
Iteration   2: 0.892 ops/us
Iteration   3: 0.882 ops/us
Iteration   4: 0.887 ops/us
Iteration   5: 0.887 ops/us
Iteration   6: 0.887 ops/us
Iteration   7: 0.880 ops/us
Iteration   8: 0.886 ops/us
Iteration   9: 0.893 ops/us
Iteration  10: 0.857 ops/us

# Run progress: 27.31% complete, ETA 01:34:38
# Fork: 2 of 3
# Warmup Iteration   1: 0.847 ops/us
# Warmup Iteration   2: 0.886 ops/us
# Warmup Iteration   3: 0.871 ops/us
# Warmup Iteration   4: 0.880 ops/us
# Warmup Iteration   5: 0.875 ops/us
Iteration   1: 0.871 ops/us
Iteration   2: 0.865 ops/us
Iteration   3: 0.875 ops/us
Iteration   4: 0.881 ops/us
Iteration   5: 0.881 ops/us
Iteration   6: 0.890 ops/us
Iteration   7: 0.868 ops/us
Iteration   8: 0.886 ops/us
Iteration   9: 0.877 ops/us
Iteration  10: 0.885 ops/us

# Run progress: 27.51% complete, ETA 01:34:22
# Fork: 3 of 3
# Warmup Iteration   1: 0.829 ops/us
# Warmup Iteration   2: 0.883 ops/us
# Warmup Iteration   3: 0.869 ops/us
# Warmup Iteration   4: 0.888 ops/us
# Warmup Iteration   5: 0.891 ops/us
Iteration   1: 0.888 ops/us
Iteration   2: 0.888 ops/us
Iteration   3: 0.877 ops/us
Iteration   4: 0.883 ops/us
Iteration   5: 0.876 ops/us
Iteration   6: 0.879 ops/us
Iteration   7: 0.884 ops/us
Iteration   8: 0.849 ops/us
Iteration   9: 0.877 ops/us
Iteration  10: 0.888 ops/us


Result "de.splatgames.aether.datafixers.benchmarks.format.TomlXmlBenchmark.tomlFieldSet":
  0.880 ±(99.9%) 0.007 ops/us [Average]
  (min, avg, max) = (0.849, 0.880, 0.893), stdev = 0.010
  CI (99.9%): [0.873, 0.887] (assumes normal distribution)


# JMH version: 1.37
# VM version: JDK 17.0.18, OpenJDK 64-Bit Server VM, 17.0.18+8-Ubuntu-122.04.1
# VM invoker: /usr/lib/jvm/java-17-openjdk-amd64/bin/java
# VM options: -Xms4G -Xmx4G -XX:+UseG1GC -XX:+AlwaysPreTouch
# Blackhole mode: compiler (auto-detected, use -Djmh.blackhole.autoDetect=false to disable)
# Warmup: 5 iterations, 1 s each
# Measurement: 10 iterations, 1 s each
# Timeout: 10 min per iteration
# Threads: 1 thread, will synchronize iterations
# Benchmark mode: Throughput, ops/time
# Benchmark: de.splatgames.aether.datafixers.benchmarks.format.TomlXmlBenchmark.tomlFieldSet
# Parameters: (payloadSize = MEDIUM)

# Run progress: 27.71% complete, ETA 01:34:07
# Fork: 1 of 3
# Warmup Iteration   1: 0.125 ops/us
# Warmup Iteration   2: 0.131 ops/us
# Warmup Iteration   3: 0.132 ops/us
# Warmup Iteration   4: 0.131 ops/us
# Warmup Iteration   5: 0.130 ops/us
Iteration   1: 0.130 ops/us
Iteration   2: 0.131 ops/us
Iteration   3: 0.132 ops/us
Iteration   4: 0.132 ops/us
Iteration   5: 0.131 ops/us
Iteration   6: 0.130 ops/us
Iteration   7: 0.131 ops/us
Iteration   8: 0.130 ops/us
Iteration   9: 0.129 ops/us
Iteration  10: 0.124 ops/us

# Run progress: 27.91% complete, ETA 01:33:51
# Fork: 2 of 3
# Warmup Iteration   1: 0.121 ops/us
# Warmup Iteration   2: 0.127 ops/us
# Warmup Iteration   3: 0.129 ops/us
# Warmup Iteration   4: 0.128 ops/us
# Warmup Iteration   5: 0.124 ops/us
Iteration   1: 0.129 ops/us
Iteration   2: 0.129 ops/us
Iteration   3: 0.129 ops/us
Iteration   4: 0.127 ops/us
Iteration   5: 0.127 ops/us
Iteration   6: 0.129 ops/us
Iteration   7: 0.128 ops/us
Iteration   8: 0.126 ops/us
Iteration   9: 0.128 ops/us
Iteration  10: 0.128 ops/us

# Run progress: 28.11% complete, ETA 01:33:35
# Fork: 3 of 3
# Warmup Iteration   1: 0.126 ops/us
# Warmup Iteration   2: 0.131 ops/us
# Warmup Iteration   3: 0.128 ops/us
# Warmup Iteration   4: 0.129 ops/us
# Warmup Iteration   5: 0.131 ops/us
Iteration   1: 0.131 ops/us
Iteration   2: 0.130 ops/us
Iteration   3: 0.127 ops/us
Iteration   4: 0.131 ops/us
Iteration   5: 0.130 ops/us
Iteration   6: 0.130 ops/us
Iteration   7: 0.131 ops/us
Iteration   8: 0.127 ops/us
Iteration   9: 0.129 ops/us
Iteration  10: 0.129 ops/us


Result "de.splatgames.aether.datafixers.benchmarks.format.TomlXmlBenchmark.tomlFieldSet":
  0.129 ±(99.9%) 0.001 ops/us [Average]
  (min, avg, max) = (0.124, 0.129, 0.132), stdev = 0.002
  CI (99.9%): [0.128, 0.130] (assumes normal distribution)


# JMH version: 1.37
# VM version: JDK 17.0.18, OpenJDK 64-Bit Server VM, 17.0.18+8-Ubuntu-122.04.1
# VM invoker: /usr/lib/jvm/java-17-openjdk-amd64/bin/java
# VM options: -Xms4G -Xmx4G -XX:+UseG1GC -XX:+AlwaysPreTouch
# Blackhole mode: compiler (auto-detected, use -Djmh.blackhole.autoDetect=false to disable)
# Warmup: 5 iterations, 1 s each
# Measurement: 10 iterations, 1 s each
# Timeout: 10 min per iteration
# Threads: 1 thread, will synchronize iterations
# Benchmark mode: Throughput, ops/time
# Benchmark: de.splatgames.aether.datafixers.benchmarks.format.TomlXmlBenchmark.tomlGenerate
# Parameters: (payloadSize = SMALL)

# Run progress: 28.31% complete, ETA 01:33:20
# Fork: 1 of 3
# Warmup Iteration   1: 0.132 ops/us
# Warmup Iteration   2: 0.149 ops/us
# Warmup Iteration   3: 0.151 ops/us
# Warmup Iteration   4: 0.150 ops/us
# Warmup Iteration   5: 0.149 ops/us
Iteration   1: 0.150 ops/us
Iteration   2: 0.149 ops/us
Iteration   3: 0.149 ops/us
Iteration   4: 0.151 ops/us
Iteration   5: 0.144 ops/us
Iteration   6: 0.145 ops/us
Iteration   7: 0.151 ops/us
Iteration   8: 0.151 ops/us
Iteration   9: 0.147 ops/us
Iteration  10: 0.149 ops/us

# Run progress: 28.51% complete, ETA 01:33:04
# Fork: 2 of 3
# Warmup Iteration   1: 0.129 ops/us
# Warmup Iteration   2: 0.138 ops/us
# Warmup Iteration   3: 0.146 ops/us
# Warmup Iteration   4: 0.146 ops/us
# Warmup Iteration   5: 0.146 ops/us
Iteration   1: 0.147 ops/us
Iteration   2: 0.148 ops/us
Iteration   3: 0.148 ops/us
Iteration   4: 0.147 ops/us
Iteration   5: 0.146 ops/us
Iteration   6: 0.146 ops/us
Iteration   7: 0.143 ops/us
Iteration   8: 0.143 ops/us
Iteration   9: 0.144 ops/us
Iteration  10: 0.147 ops/us

# Run progress: 28.71% complete, ETA 01:32:48
# Fork: 3 of 3
# Warmup Iteration   1: 0.134 ops/us
# Warmup Iteration   2: 0.148 ops/us
# Warmup Iteration   3: 0.150 ops/us
# Warmup Iteration   4: 0.148 ops/us
# Warmup Iteration   5: 0.149 ops/us
Iteration   1: 0.146 ops/us
Iteration   2: 0.150 ops/us
Iteration   3: 0.150 ops/us
Iteration   4: 0.146 ops/us
Iteration   5: 0.146 ops/us
Iteration   6: 0.150 ops/us
Iteration   7: 0.150 ops/us
Iteration   8: 0.148 ops/us
Iteration   9: 0.149 ops/us
Iteration  10: 0.149 ops/us


Result "de.splatgames.aether.datafixers.benchmarks.format.TomlXmlBenchmark.tomlGenerate":
  0.148 ±(99.9%) 0.001 ops/us [Average]
  (min, avg, max) = (0.143, 0.148, 0.151), stdev = 0.002
  CI (99.9%): [0.146, 0.149] (assumes normal distribution)


# JMH version: 1.37
# VM version: JDK 17.0.18, OpenJDK 64-Bit Server VM, 17.0.18+8-Ubuntu-122.04.1
# VM invoker: /usr/lib/jvm/java-17-openjdk-amd64/bin/java
# VM options: -Xms4G -Xmx4G -XX:+UseG1GC -XX:+AlwaysPreTouch
# Blackhole mode: compiler (auto-detected, use -Djmh.blackhole.autoDetect=false to disable)
# Warmup: 5 iterations, 1 s each
# Measurement: 10 iterations, 1 s each
# Timeout: 10 min per iteration
# Threads: 1 thread, will synchronize iterations
# Benchmark mode: Throughput, ops/time
# Benchmark: de.splatgames.aether.datafixers.benchmarks.format.TomlXmlBenchmark.tomlGenerate
# Parameters: (payloadSize = MEDIUM)

# Run progress: 28.92% complete, ETA 01:32:33
# Fork: 1 of 3
# Warmup Iteration   1: 0.014 ops/us
# Warmup Iteration   2: 0.015 ops/us
# Warmup Iteration   3: 0.015 ops/us
# Warmup Iteration   4: 0.015 ops/us
# Warmup Iteration   5: 0.015 ops/us
Iteration   1: 0.016 ops/us
Iteration   2: 0.016 ops/us
Iteration   3: 0.015 ops/us
Iteration   4: 0.015 ops/us
Iteration   5: 0.015 ops/us
Iteration   6: 0.015 ops/us
Iteration   7: 0.016 ops/us
Iteration   8: 0.016 ops/us
Iteration   9: 0.016 ops/us
Iteration  10: 0.015 ops/us

# Run progress: 29.12% complete, ETA 01:32:17
# Fork: 2 of 3
# Warmup Iteration   1: 0.014 ops/us
# Warmup Iteration   2: 0.015 ops/us
# Warmup Iteration   3: 0.015 ops/us
# Warmup Iteration   4: 0.015 ops/us
# Warmup Iteration   5: 0.015 ops/us
Iteration   1: 0.015 ops/us
Iteration   2: 0.015 ops/us
Iteration   3: 0.015 ops/us
Iteration   4: 0.015 ops/us
Iteration   5: 0.015 ops/us
Iteration   6: 0.015 ops/us
Iteration   7: 0.015 ops/us
Iteration   8: 0.015 ops/us
Iteration   9: 0.015 ops/us
Iteration  10: 0.015 ops/us

# Run progress: 29.32% complete, ETA 01:32:01
# Fork: 3 of 3
# Warmup Iteration   1: 0.014 ops/us
# Warmup Iteration   2: 0.015 ops/us
# Warmup Iteration   3: 0.015 ops/us
# Warmup Iteration   4: 0.015 ops/us
# Warmup Iteration   5: 0.015 ops/us
Iteration   1: 0.015 ops/us
Iteration   2: 0.015 ops/us
Iteration   3: 0.015 ops/us
Iteration   4: 0.015 ops/us
Iteration   5: 0.015 ops/us
Iteration   6: 0.015 ops/us
Iteration   7: 0.015 ops/us
Iteration   8: 0.015 ops/us
Iteration   9: 0.015 ops/us
Iteration  10: 0.015 ops/us


Result "de.splatgames.aether.datafixers.benchmarks.format.TomlXmlBenchmark.tomlGenerate":
  0.015 ±(99.9%) 0.001 ops/us [Average]
  (min, avg, max) = (0.015, 0.015, 0.016), stdev = 0.001
  CI (99.9%): [0.015, 0.015] (assumes normal distribution)


# JMH version: 1.37
# VM version: JDK 17.0.18, OpenJDK 64-Bit Server VM, 17.0.18+8-Ubuntu-122.04.1
# VM invoker: /usr/lib/jvm/java-17-openjdk-amd64/bin/java
# VM options: -Xms4G -Xmx4G -XX:+UseG1GC -XX:+AlwaysPreTouch
# Blackhole mode: compiler (auto-detected, use -Djmh.blackhole.autoDetect=false to disable)
# Warmup: 5 iterations, 1 s each
# Measurement: 10 iterations, 1 s each
# Timeout: 10 min per iteration
# Threads: 1 thread, will synchronize iterations
# Benchmark mode: Throughput, ops/time
# Benchmark: de.splatgames.aether.datafixers.benchmarks.format.TomlXmlBenchmark.tomlMigration
# Parameters: (payloadSize = SMALL)

# Run progress: 29.52% complete, ETA 01:31:46
# Fork: 1 of 3
# Warmup Iteration   1: 3.249 ops/us
# Warmup Iteration   2: 3.617 ops/us
# Warmup Iteration   3: 3.588 ops/us
# Warmup Iteration   4: 3.526 ops/us
# Warmup Iteration   5: 3.627 ops/us
Iteration   1: 3.636 ops/us
Iteration   2: 3.591 ops/us
Iteration   3: 3.662 ops/us
Iteration   4: 3.663 ops/us
Iteration   5: 3.650 ops/us
Iteration   6: 3.683 ops/us
Iteration   7: 3.653 ops/us
Iteration   8: 3.615 ops/us
Iteration   9: 3.619 ops/us
Iteration  10: 3.666 ops/us

# Run progress: 29.72% complete, ETA 01:31:30
# Fork: 2 of 3
# Warmup Iteration   1: 3.182 ops/us
# Warmup Iteration   2: 3.605 ops/us
# Warmup Iteration   3: 3.657 ops/us
# Warmup Iteration   4: 3.679 ops/us
# Warmup Iteration   5: 3.669 ops/us
Iteration   1: 3.672 ops/us
Iteration   2: 3.644 ops/us
Iteration   3: 3.606 ops/us
Iteration   4: 3.641 ops/us
Iteration   5: 3.668 ops/us
Iteration   6: 3.681 ops/us
Iteration   7: 3.666 ops/us
Iteration   8: 3.671 ops/us
Iteration   9: 3.569 ops/us
Iteration  10: 3.626 ops/us

# Run progress: 29.92% complete, ETA 01:31:14
# Fork: 3 of 3
# Warmup Iteration   1: 3.284 ops/us
# Warmup Iteration   2: 3.584 ops/us
# Warmup Iteration   3: 3.625 ops/us
# Warmup Iteration   4: 3.644 ops/us
# Warmup Iteration   5: 3.588 ops/us
Iteration   1: 3.561 ops/us
Iteration   2: 3.650 ops/us
Iteration   3: 3.655 ops/us
Iteration   4: 3.543 ops/us
Iteration   5: 3.593 ops/us
Iteration   6: 3.662 ops/us
Iteration   7: 3.573 ops/us
Iteration   8: 3.607 ops/us
Iteration   9: 3.634 ops/us
Iteration  10: 3.634 ops/us


Result "de.splatgames.aether.datafixers.benchmarks.format.TomlXmlBenchmark.tomlMigration":
  3.633 ±(99.9%) 0.025 ops/us [Average]
  (min, avg, max) = (3.543, 3.633, 3.683), stdev = 0.038
  CI (99.9%): [3.608, 3.659] (assumes normal distribution)


# JMH version: 1.37
# VM version: JDK 17.0.18, OpenJDK 64-Bit Server VM, 17.0.18+8-Ubuntu-122.04.1
# VM invoker: /usr/lib/jvm/java-17-openjdk-amd64/bin/java
# VM options: -Xms4G -Xmx4G -XX:+UseG1GC -XX:+AlwaysPreTouch
# Blackhole mode: compiler (auto-detected, use -Djmh.blackhole.autoDetect=false to disable)
# Warmup: 5 iterations, 1 s each
# Measurement: 10 iterations, 1 s each
# Timeout: 10 min per iteration
# Threads: 1 thread, will synchronize iterations
# Benchmark mode: Throughput, ops/time
# Benchmark: de.splatgames.aether.datafixers.benchmarks.format.TomlXmlBenchmark.tomlMigration
# Parameters: (payloadSize = MEDIUM)

# Run progress: 30.12% complete, ETA 01:30:59
# Fork: 1 of 3
# Warmup Iteration   1: 3.314 ops/us
# Warmup Iteration   2: 3.622 ops/us
# Warmup Iteration   3: 3.574 ops/us
# Warmup Iteration   4: 3.619 ops/us
# Warmup Iteration   5: 3.565 ops/us
Iteration   1: 3.644 ops/us
Iteration   2: 3.541 ops/us
Iteration   3: 3.645 ops/us
Iteration   4: 3.647 ops/us
Iteration   5: 3.644 ops/us
Iteration   6: 3.644 ops/us
Iteration   7: 3.643 ops/us
Iteration   8: 3.645 ops/us
Iteration   9: 3.635 ops/us
Iteration  10: 3.651 ops/us

# Run progress: 30.32% complete, ETA 01:30:43
# Fork: 2 of 3
# Warmup Iteration   1: 3.187 ops/us
# Warmup Iteration   2: 3.620 ops/us
# Warmup Iteration   3: 3.607 ops/us
# Warmup Iteration   4: 3.535 ops/us
# Warmup Iteration   5: 3.522 ops/us
Iteration   1: 3.640 ops/us
Iteration   2: 3.652 ops/us
Iteration   3: 3.638 ops/us
Iteration   4: 3.633 ops/us
Iteration   5: 3.594 ops/us
Iteration   6: 3.552 ops/us
Iteration   7: 3.605 ops/us
Iteration   8: 3.652 ops/us
Iteration   9: 3.656 ops/us
Iteration  10: 3.645 ops/us

# Run progress: 30.52% complete, ETA 01:30:27
# Fork: 3 of 3
# Warmup Iteration   1: 3.263 ops/us
# Warmup Iteration   2: 3.607 ops/us
# Warmup Iteration   3: 3.623 ops/us
# Warmup Iteration   4: 3.642 ops/us
# Warmup Iteration   5: 3.539 ops/us
Iteration   1: 3.650 ops/us
Iteration   2: 3.674 ops/us
Iteration   3: 3.642 ops/us
Iteration   4: 3.628 ops/us
Iteration   5: 3.637 ops/us
Iteration   6: 3.658 ops/us
Iteration   7: 3.649 ops/us
Iteration   8: 3.681 ops/us
Iteration   9: 3.651 ops/us
Iteration  10: 3.595 ops/us


Result "de.splatgames.aether.datafixers.benchmarks.format.TomlXmlBenchmark.tomlMigration":
  3.636 ±(99.9%) 0.020 ops/us [Average]
  (min, avg, max) = (3.541, 3.636, 3.681), stdev = 0.030
  CI (99.9%): [3.615, 3.656] (assumes normal distribution)


# JMH version: 1.37
# VM version: JDK 17.0.18, OpenJDK 64-Bit Server VM, 17.0.18+8-Ubuntu-122.04.1
# VM invoker: /usr/lib/jvm/java-17-openjdk-amd64/bin/java
# VM options: -Xms4G -Xmx4G -XX:+UseG1GC -XX:+AlwaysPreTouch
# Blackhole mode: compiler (auto-detected, use -Djmh.blackhole.autoDetect=false to disable)
# Warmup: 5 iterations, 1 s each
# Measurement: 10 iterations, 1 s each
# Timeout: 10 min per iteration
# Threads: 1 thread, will synchronize iterations
# Benchmark mode: Throughput, ops/time
# Benchmark: de.splatgames.aether.datafixers.benchmarks.format.TomlXmlBenchmark.xmlFieldRead
# Parameters: (payloadSize = SMALL)

# Run progress: 30.72% complete, ETA 01:30:12
# Fork: 1 of 3
# Warmup Iteration   1: 65.453 ops/us
# Warmup Iteration   2: 59.465 ops/us
# Warmup Iteration   3: 55.911 ops/us
# Warmup Iteration   4: 60.303 ops/us
# Warmup Iteration   5: 61.212 ops/us
Iteration   1: 61.284 ops/us
Iteration   2: 61.379 ops/us
Iteration   3: 61.449 ops/us
Iteration   4: 60.633 ops/us
Iteration   5: 59.470 ops/us
Iteration   6: 60.428 ops/us
Iteration   7: 60.932 ops/us
Iteration   8: 61.076 ops/us
Iteration   9: 61.634 ops/us
Iteration  10: 60.091 ops/us

# Run progress: 30.92% complete, ETA 01:29:56
# Fork: 2 of 3
# Warmup Iteration   1: 64.730 ops/us
# Warmup Iteration   2: 60.969 ops/us
# Warmup Iteration   3: 60.530 ops/us
# Warmup Iteration   4: 58.792 ops/us
# Warmup Iteration   5: 60.948 ops/us
Iteration   1: 60.494 ops/us
Iteration   2: 60.958 ops/us
Iteration   3: 60.576 ops/us
Iteration   4: 61.641 ops/us
Iteration   5: 61.049 ops/us
Iteration   6: 61.281 ops/us
Iteration   7: 61.893 ops/us
Iteration   8: 61.296 ops/us
Iteration   9: 60.110 ops/us
Iteration  10: 60.978 ops/us

# Run progress: 31.12% complete, ETA 01:29:41
# Fork: 3 of 3
# Warmup Iteration   1: 64.264 ops/us
# Warmup Iteration   2: 58.970 ops/us
# Warmup Iteration   3: 61.285 ops/us
# Warmup Iteration   4: 61.734 ops/us
# Warmup Iteration   5: 61.261 ops/us
Iteration   1: 61.464 ops/us
Iteration   2: 61.127 ops/us
Iteration   3: 59.412 ops/us
Iteration   4: 59.366 ops/us
Iteration   5: 61.080 ops/us
Iteration   6: 61.932 ops/us
Iteration   7: 62.262 ops/us
Iteration   8: 61.751 ops/us
Iteration   9: 62.198 ops/us
Iteration  10: 61.922 ops/us


Result "de.splatgames.aether.datafixers.benchmarks.format.TomlXmlBenchmark.xmlFieldRead":
  61.039 ±(99.9%) 0.523 ops/us [Average]
  (min, avg, max) = (59.366, 61.039, 62.262), stdev = 0.783
  CI (99.9%): [60.516, 61.562] (assumes normal distribution)


# JMH version: 1.37
# VM version: JDK 17.0.18, OpenJDK 64-Bit Server VM, 17.0.18+8-Ubuntu-122.04.1
# VM invoker: /usr/lib/jvm/java-17-openjdk-amd64/bin/java
# VM options: -Xms4G -Xmx4G -XX:+UseG1GC -XX:+AlwaysPreTouch
# Blackhole mode: compiler (auto-detected, use -Djmh.blackhole.autoDetect=false to disable)
# Warmup: 5 iterations, 1 s each
# Measurement: 10 iterations, 1 s each
# Timeout: 10 min per iteration
# Threads: 1 thread, will synchronize iterations
# Benchmark mode: Throughput, ops/time
# Benchmark: de.splatgames.aether.datafixers.benchmarks.format.TomlXmlBenchmark.xmlFieldRead
# Parameters: (payloadSize = MEDIUM)

# Run progress: 31.33% complete, ETA 01:29:25
# Fork: 1 of 3
# Warmup Iteration   1: 56.623 ops/us
# Warmup Iteration   2: 61.225 ops/us
# Warmup Iteration   3: 62.895 ops/us
# Warmup Iteration   4: 63.724 ops/us
# Warmup Iteration   5: 63.160 ops/us
Iteration   1: 62.719 ops/us
Iteration   2: 62.839 ops/us
Iteration   3: 63.767 ops/us
Iteration   4: 63.187 ops/us
Iteration   5: 63.206 ops/us
Iteration   6: 63.151 ops/us
Iteration   7: 61.962 ops/us
Iteration   8: 62.650 ops/us
Iteration   9: 63.181 ops/us
Iteration  10: 63.013 ops/us

# Run progress: 31.53% complete, ETA 01:29:09
# Fork: 2 of 3
# Warmup Iteration   1: 52.054 ops/us
# Warmup Iteration   2: 62.454 ops/us
# Warmup Iteration   3: 62.577 ops/us
# Warmup Iteration   4: 61.475 ops/us
# Warmup Iteration   5: 62.882 ops/us
Iteration   1: 62.917 ops/us
Iteration   2: 61.494 ops/us
Iteration   3: 60.977 ops/us
Iteration   4: 59.617 ops/us
Iteration   5: 61.859 ops/us
Iteration   6: 62.466 ops/us
Iteration   7: 62.101 ops/us
Iteration   8: 63.009 ops/us
Iteration   9: 62.496 ops/us
Iteration  10: 62.911 ops/us

# Run progress: 31.73% complete, ETA 01:28:54
# Fork: 3 of 3
# Warmup Iteration   1: 54.036 ops/us
# Warmup Iteration   2: 61.573 ops/us
# Warmup Iteration   3: 61.029 ops/us
# Warmup Iteration   4: 62.846 ops/us
# Warmup Iteration   5: 55.724 ops/us
Iteration   1: 56.825 ops/us
Iteration   2: 62.752 ops/us
Iteration   3: 62.705 ops/us
Iteration   4: 62.492 ops/us
Iteration   5: 62.833 ops/us
Iteration   6: 62.554 ops/us
Iteration   7: 62.465 ops/us
Iteration   8: 62.350 ops/us
Iteration   9: 61.777 ops/us
Iteration  10: 62.170 ops/us


Result "de.splatgames.aether.datafixers.benchmarks.format.TomlXmlBenchmark.xmlFieldRead":
  62.282 ±(99.9%) 0.865 ops/us [Average]
  (min, avg, max) = (56.825, 62.282, 63.767), stdev = 1.295
  CI (99.9%): [61.416, 63.147] (assumes normal distribution)


# JMH version: 1.37
# VM version: JDK 17.0.18, OpenJDK 64-Bit Server VM, 17.0.18+8-Ubuntu-122.04.1
# VM invoker: /usr/lib/jvm/java-17-openjdk-amd64/bin/java
# VM options: -Xms4G -Xmx4G -XX:+UseG1GC -XX:+AlwaysPreTouch
# Blackhole mode: compiler (auto-detected, use -Djmh.blackhole.autoDetect=false to disable)
# Warmup: 5 iterations, 1 s each
# Measurement: 10 iterations, 1 s each
# Timeout: 10 min per iteration
# Threads: 1 thread, will synchronize iterations
# Benchmark mode: Throughput, ops/time
# Benchmark: de.splatgames.aether.datafixers.benchmarks.format.TomlXmlBenchmark.xmlFieldSet
# Parameters: (payloadSize = SMALL)

# Run progress: 31.93% complete, ETA 01:28:38
# Fork: 1 of 3
# Warmup Iteration   1: 0.849 ops/us
# Warmup Iteration   2: 0.890 ops/us
# Warmup Iteration   3: 0.906 ops/us
# Warmup Iteration   4: 0.892 ops/us
# Warmup Iteration   5: 0.891 ops/us
Iteration   1: 0.889 ops/us
Iteration   2: 0.907 ops/us
Iteration   3: 0.902 ops/us
Iteration   4: 0.900 ops/us
Iteration   5: 0.896 ops/us
Iteration   6: 0.902 ops/us
Iteration   7: 0.904 ops/us
Iteration   8: 0.905 ops/us
Iteration   9: 0.911 ops/us
Iteration  10: 0.882 ops/us

# Run progress: 32.13% complete, ETA 01:28:22
# Fork: 2 of 3
# Warmup Iteration   1: 0.861 ops/us
# Warmup Iteration   2: 0.907 ops/us
# Warmup Iteration   3: 0.888 ops/us
# Warmup Iteration   4: 0.883 ops/us
# Warmup Iteration   5: 0.891 ops/us
Iteration   1: 0.884 ops/us
Iteration   2: 0.892 ops/us
Iteration   3: 0.897 ops/us
Iteration   4: 0.881 ops/us
Iteration   5: 0.895 ops/us
Iteration   6: 0.901 ops/us
Iteration   7: 0.899 ops/us
Iteration   8: 0.893 ops/us
Iteration   9: 0.845 ops/us
Iteration  10: 0.898 ops/us

# Run progress: 32.33% complete, ETA 01:28:07
# Fork: 3 of 3
# Warmup Iteration   1: 0.854 ops/us
# Warmup Iteration   2: 0.904 ops/us
# Warmup Iteration   3: 0.888 ops/us
# Warmup Iteration   4: 0.876 ops/us
# Warmup Iteration   5: 0.880 ops/us
Iteration   1: 0.881 ops/us
Iteration   2: 0.878 ops/us
Iteration   3: 0.884 ops/us
Iteration   4: 0.888 ops/us
Iteration   5: 0.882 ops/us
Iteration   6: 0.883 ops/us
Iteration   7: 0.895 ops/us
Iteration   8: 0.889 ops/us
Iteration   9: 0.865 ops/us
Iteration  10: 0.891 ops/us


Result "de.splatgames.aether.datafixers.benchmarks.format.TomlXmlBenchmark.xmlFieldSet":
  0.891 ±(99.9%) 0.009 ops/us [Average]
  (min, avg, max) = (0.845, 0.891, 0.911), stdev = 0.013
  CI (99.9%): [0.882, 0.900] (assumes normal distribution)


# JMH version: 1.37
# VM version: JDK 17.0.18, OpenJDK 64-Bit Server VM, 17.0.18+8-Ubuntu-122.04.1
# VM invoker: /usr/lib/jvm/java-17-openjdk-amd64/bin/java
# VM options: -Xms4G -Xmx4G -XX:+UseG1GC -XX:+AlwaysPreTouch
# Blackhole mode: compiler (auto-detected, use -Djmh.blackhole.autoDetect=false to disable)
# Warmup: 5 iterations, 1 s each
# Measurement: 10 iterations, 1 s each
# Timeout: 10 min per iteration
# Threads: 1 thread, will synchronize iterations
# Benchmark mode: Throughput, ops/time
# Benchmark: de.splatgames.aether.datafixers.benchmarks.format.TomlXmlBenchmark.xmlFieldSet
# Parameters: (payloadSize = MEDIUM)

# Run progress: 32.53% complete, ETA 01:27:51
# Fork: 1 of 3
# Warmup Iteration   1: 0.125 ops/us
# Warmup Iteration   2: 0.127 ops/us
# Warmup Iteration   3: 0.130 ops/us
# Warmup Iteration   4: 0.130 ops/us
# Warmup Iteration   5: 0.129 ops/us
Iteration   1: 0.129 ops/us
Iteration   2: 0.129 ops/us
Iteration   3: 0.128 ops/us
Iteration   4: 0.127 ops/us
Iteration   5: 0.125 ops/us
Iteration   6: 0.127 ops/us
Iteration   7: 0.124 ops/us
Iteration   8: 0.125 ops/us
Iteration   9: 0.127 ops/us
Iteration  10: 0.126 ops/us

# Run progress: 32.73% complete, ETA 01:27:35
# Fork: 2 of 3
# Warmup Iteration   1: 0.128 ops/us
# Warmup Iteration   2: 0.131 ops/us
# Warmup Iteration   3: 0.130 ops/us
# Warmup Iteration   4: 0.132 ops/us
# Warmup Iteration   5: 0.128 ops/us
Iteration   1: 0.133 ops/us
Iteration   2: 0.131 ops/us
Iteration   3: 0.133 ops/us
Iteration   4: 0.130 ops/us
Iteration   5: 0.130 ops/us
Iteration   6: 0.131 ops/us
Iteration   7: 0.130 ops/us
Iteration   8: 0.128 ops/us
Iteration   9: 0.133 ops/us
Iteration  10: 0.128 ops/us

# Run progress: 32.93% complete, ETA 01:27:20
# Fork: 3 of 3
# Warmup Iteration   1: 0.124 ops/us
# Warmup Iteration   2: 0.128 ops/us
# Warmup Iteration   3: 0.132 ops/us
# Warmup Iteration   4: 0.131 ops/us
# Warmup Iteration   5: 0.131 ops/us
Iteration   1: 0.128 ops/us
Iteration   2: 0.128 ops/us
Iteration   3: 0.130 ops/us
Iteration   4: 0.122 ops/us
Iteration   5: 0.123 ops/us
Iteration   6: 0.121 ops/us
Iteration   7: 0.118 ops/us
Iteration   8: 0.122 ops/us
Iteration   9: 0.121 ops/us
Iteration  10: 0.121 ops/us


Result "de.splatgames.aether.datafixers.benchmarks.format.TomlXmlBenchmark.xmlFieldSet":
  0.127 ±(99.9%) 0.003 ops/us [Average]
  (min, avg, max) = (0.118, 0.127, 0.133), stdev = 0.004
  CI (99.9%): [0.124, 0.130] (assumes normal distribution)


# JMH version: 1.37
# VM version: JDK 17.0.18, OpenJDK 64-Bit Server VM, 17.0.18+8-Ubuntu-122.04.1
# VM invoker: /usr/lib/jvm/java-17-openjdk-amd64/bin/java
# VM options: -Xms4G -Xmx4G -XX:+UseG1GC -XX:+AlwaysPreTouch
# Blackhole mode: compiler (auto-detected, use -Djmh.blackhole.autoDetect=false to disable)
# Warmup: 5 iterations, 1 s each
# Measurement: 10 iterations, 1 s each
# Timeout: 10 min per iteration
# Threads: 1 thread, will synchronize iterations
# Benchmark mode: Throughput, ops/time
# Benchmark: de.splatgames.aether.datafixers.benchmarks.format.TomlXmlBenchmark.xmlGenerate
# Parameters: (payloadSize = SMALL)

# Run progress: 33.13% complete, ETA 01:27:04
# Fork: 1 of 3
# Warmup Iteration   1: 0.133 ops/us
# Warmup Iteration   2: 0.148 ops/us
# Warmup Iteration   3: 0.151 ops/us
# Warmup Iteration   4: 0.150 ops/us
# Warmup Iteration   5: 0.150 ops/us
Iteration   1: 0.150 ops/us
Iteration   2: 0.151 ops/us
Iteration   3: 0.151 ops/us
Iteration   4: 0.150 ops/us
Iteration   5: 0.151 ops/us
Iteration   6: 0.149 ops/us
Iteration   7: 0.151 ops/us
Iteration   8: 0.150 ops/us
Iteration   9: 0.150 ops/us
Iteration  10: 0.149 ops/us

# Run progress: 33.33% complete, ETA 01:26:48
# Fork: 2 of 3
# Warmup Iteration   1: 0.134 ops/us
# Warmup Iteration   2: 0.150 ops/us
# Warmup Iteration   3: 0.148 ops/us
# Warmup Iteration   4: 0.152 ops/us
# Warmup Iteration   5: 0.149 ops/us
Iteration   1: 0.150 ops/us
Iteration   2: 0.150 ops/us
Iteration   3: 0.150 ops/us
Iteration   4: 0.150 ops/us
Iteration   5: 0.152 ops/us
Iteration   6: 0.150 ops/us
Iteration   7: 0.151 ops/us
Iteration   8: 0.150 ops/us
Iteration   9: 0.152 ops/us
Iteration  10: 0.150 ops/us

# Run progress: 33.53% complete, ETA 01:26:33
# Fork: 3 of 3
# Warmup Iteration   1: 0.131 ops/us
# Warmup Iteration   2: 0.150 ops/us
# Warmup Iteration   3: 0.150 ops/us
# Warmup Iteration   4: 0.150 ops/us
# Warmup Iteration   5: 0.150 ops/us
Iteration   1: 0.151 ops/us
Iteration   2: 0.151 ops/us
Iteration   3: 0.151 ops/us
Iteration   4: 0.151 ops/us
Iteration   5: 0.149 ops/us
Iteration   6: 0.152 ops/us
Iteration   7: 0.150 ops/us
Iteration   8: 0.149 ops/us
Iteration   9: 0.150 ops/us
Iteration  10: 0.150 ops/us


Result "de.splatgames.aether.datafixers.benchmarks.format.TomlXmlBenchmark.xmlGenerate":
  0.150 ±(99.9%) 0.001 ops/us [Average]
  (min, avg, max) = (0.149, 0.150, 0.152), stdev = 0.001
  CI (99.9%): [0.150, 0.151] (assumes normal distribution)


# JMH version: 1.37
# VM version: JDK 17.0.18, OpenJDK 64-Bit Server VM, 17.0.18+8-Ubuntu-122.04.1
# VM invoker: /usr/lib/jvm/java-17-openjdk-amd64/bin/java
# VM options: -Xms4G -Xmx4G -XX:+UseG1GC -XX:+AlwaysPreTouch
# Blackhole mode: compiler (auto-detected, use -Djmh.blackhole.autoDetect=false to disable)
# Warmup: 5 iterations, 1 s each
# Measurement: 10 iterations, 1 s each
# Timeout: 10 min per iteration
# Threads: 1 thread, will synchronize iterations
# Benchmark mode: Throughput, ops/time
# Benchmark: de.splatgames.aether.datafixers.benchmarks.format.TomlXmlBenchmark.xmlGenerate
# Parameters: (payloadSize = MEDIUM)

# Run progress: 33.73% complete, ETA 01:26:17
# Fork: 1 of 3
# Warmup Iteration   1: 0.013 ops/us
# Warmup Iteration   2: 0.015 ops/us
# Warmup Iteration   3: 0.015 ops/us
# Warmup Iteration   4: 0.015 ops/us
# Warmup Iteration   5: 0.015 ops/us
Iteration   1: 0.015 ops/us
Iteration   2: 0.015 ops/us
Iteration   3: 0.015 ops/us
Iteration   4: 0.015 ops/us
Iteration   5: 0.015 ops/us
Iteration   6: 0.015 ops/us
Iteration   7: 0.015 ops/us
Iteration   8: 0.015 ops/us
Iteration   9: 0.015 ops/us
Iteration  10: 0.015 ops/us

# Run progress: 33.94% complete, ETA 01:26:01
# Fork: 2 of 3
# Warmup Iteration   1: 0.014 ops/us
# Warmup Iteration   2: 0.015 ops/us
# Warmup Iteration   3: 0.015 ops/us
# Warmup Iteration   4: 0.015 ops/us
# Warmup Iteration   5: 0.015 ops/us
Iteration   1: 0.015 ops/us
Iteration   2: 0.015 ops/us
Iteration   3: 0.015 ops/us
Iteration   4: 0.015 ops/us
Iteration   5: 0.015 ops/us
Iteration   6: 0.015 ops/us
Iteration   7: 0.015 ops/us
Iteration   8: 0.015 ops/us
Iteration   9: 0.015 ops/us
Iteration  10: 0.015 ops/us

# Run progress: 34.14% complete, ETA 01:25:46
# Fork: 3 of 3
# Warmup Iteration   1: 0.014 ops/us
# Warmup Iteration   2: 0.015 ops/us
# Warmup Iteration   3: 0.015 ops/us
# Warmup Iteration   4: 0.015 ops/us
# Warmup Iteration   5: 0.015 ops/us
Iteration   1: 0.015 ops/us
Iteration   2: 0.015 ops/us
Iteration   3: 0.015 ops/us
Iteration   4: 0.015 ops/us
Iteration   5: 0.015 ops/us
Iteration   6: 0.015 ops/us
Iteration   7: 0.015 ops/us
Iteration   8: 0.015 ops/us
Iteration   9: 0.015 ops/us
Iteration  10: 0.015 ops/us


Result "de.splatgames.aether.datafixers.benchmarks.format.TomlXmlBenchmark.xmlGenerate":
  0.015 ±(99.9%) 0.001 ops/us [Average]
  (min, avg, max) = (0.015, 0.015, 0.015), stdev = 0.001
  CI (99.9%): [0.015, 0.015] (assumes normal distribution)


# JMH version: 1.37
# VM version: JDK 17.0.18, OpenJDK 64-Bit Server VM, 17.0.18+8-Ubuntu-122.04.1
# VM invoker: /usr/lib/jvm/java-17-openjdk-amd64/bin/java
# VM options: -Xms4G -Xmx4G -XX:+UseG1GC -XX:+AlwaysPreTouch
# Blackhole mode: compiler (auto-detected, use -Djmh.blackhole.autoDetect=false to disable)
# Warmup: 5 iterations, 1 s each
# Measurement: 10 iterations, 1 s each
# Timeout: 10 min per iteration
# Threads: 1 thread, will synchronize iterations
# Benchmark mode: Throughput, ops/time
# Benchmark: de.splatgames.aether.datafixers.benchmarks.format.TomlXmlBenchmark.xmlMigration
# Parameters: (payloadSize = SMALL)

# Run progress: 34.34% complete, ETA 01:25:30
# Fork: 1 of 3
# Warmup Iteration   1: 3.249 ops/us
# Warmup Iteration   2: 3.618 ops/us
# Warmup Iteration   3: 3.636 ops/us
# Warmup Iteration   4: 3.657 ops/us
# Warmup Iteration   5: 3.631 ops/us
Iteration   1: 3.640 ops/us
Iteration   2: 3.577 ops/us
Iteration   3: 3.647 ops/us
Iteration   4: 3.644 ops/us
Iteration   5: 3.654 ops/us
Iteration   6: 3.614 ops/us
Iteration   7: 3.637 ops/us
Iteration   8: 3.636 ops/us
Iteration   9: 3.570 ops/us
Iteration  10: 3.665 ops/us

# Run progress: 34.54% complete, ETA 01:25:14
# Fork: 2 of 3
# Warmup Iteration   1: 3.196 ops/us
# Warmup Iteration   2: 3.601 ops/us
# Warmup Iteration   3: 3.634 ops/us
# Warmup Iteration   4: 3.620 ops/us
# Warmup Iteration   5: 3.621 ops/us
Iteration   1: 3.621 ops/us
Iteration   2: 3.387 ops/us
Iteration   3: 3.614 ops/us
Iteration   4: 3.624 ops/us
Iteration   5: 3.649 ops/us
Iteration   6: 3.600 ops/us
Iteration   7: 3.648 ops/us
Iteration   8: 3.638 ops/us
Iteration   9: 3.611 ops/us
Iteration  10: 3.646 ops/us

# Run progress: 34.74% complete, ETA 01:24:59
# Fork: 3 of 3
# Warmup Iteration   1: 3.266 ops/us
# Warmup Iteration   2: 3.598 ops/us
# Warmup Iteration   3: 3.625 ops/us
# Warmup Iteration   4: 3.656 ops/us
# Warmup Iteration   5: 3.551 ops/us
Iteration   1: 3.608 ops/us
Iteration   2: 3.643 ops/us
Iteration   3: 3.646 ops/us
Iteration   4: 3.639 ops/us
Iteration   5: 3.614 ops/us
Iteration   6: 3.635 ops/us
Iteration   7: 3.656 ops/us
Iteration   8: 3.652 ops/us
Iteration   9: 3.616 ops/us
Iteration  10: 3.562 ops/us


Result "de.splatgames.aether.datafixers.benchmarks.format.TomlXmlBenchmark.xmlMigration":
  3.620 ±(99.9%) 0.034 ops/us [Average]
  (min, avg, max) = (3.387, 3.620, 3.665), stdev = 0.051
  CI (99.9%): [3.586, 3.654] (assumes normal distribution)


# JMH version: 1.37
# VM version: JDK 17.0.18, OpenJDK 64-Bit Server VM, 17.0.18+8-Ubuntu-122.04.1
# VM invoker: /usr/lib/jvm/java-17-openjdk-amd64/bin/java
# VM options: -Xms4G -Xmx4G -XX:+UseG1GC -XX:+AlwaysPreTouch
# Blackhole mode: compiler (auto-detected, use -Djmh.blackhole.autoDetect=false to disable)
# Warmup: 5 iterations, 1 s each
# Measurement: 10 iterations, 1 s each
# Timeout: 10 min per iteration
# Threads: 1 thread, will synchronize iterations
# Benchmark mode: Throughput, ops/time
# Benchmark: de.splatgames.aether.datafixers.benchmarks.format.TomlXmlBenchmark.xmlMigration
# Parameters: (payloadSize = MEDIUM)

# Run progress: 34.94% complete, ETA 01:24:43
# Fork: 1 of 3
# Warmup Iteration   1: 3.239 ops/us
# Warmup Iteration   2: 3.655 ops/us
# Warmup Iteration   3: 3.626 ops/us
# Warmup Iteration   4: 3.636 ops/us
# Warmup Iteration   5: 3.624 ops/us
Iteration   1: 3.628 ops/us
Iteration   2: 3.668 ops/us
Iteration   3: 3.668 ops/us
Iteration   4: 3.629 ops/us
Iteration   5: 3.629 ops/us
Iteration   6: 3.644 ops/us
Iteration   7: 3.623 ops/us
Iteration   8: 3.638 ops/us
Iteration   9: 3.657 ops/us
Iteration  10: 3.677 ops/us

# Run progress: 35.14% complete, ETA 01:24:27
# Fork: 2 of 3
# Warmup Iteration   1: 3.274 ops/us
# Warmup Iteration   2: 3.627 ops/us
# Warmup Iteration   3: 3.638 ops/us
# Warmup Iteration   4: 3.603 ops/us
# Warmup Iteration   5: 3.578 ops/us
Iteration   1: 3.659 ops/us
Iteration   2: 3.623 ops/us
Iteration   3: 3.632 ops/us
Iteration   4: 3.630 ops/us
Iteration   5: 3.617 ops/us
Iteration   6: 3.630 ops/us
Iteration   7: 3.653 ops/us
Iteration   8: 3.636 ops/us
Iteration   9: 3.625 ops/us
Iteration  10: 3.635 ops/us

# Run progress: 35.34% complete, ETA 01:24:12
# Fork: 3 of 3
# Warmup Iteration   1: 3.224 ops/us
# Warmup Iteration   2: 3.638 ops/us
# Warmup Iteration   3: 3.613 ops/us
# Warmup Iteration   4: 3.528 ops/us
# Warmup Iteration   5: 3.610 ops/us
Iteration   1: 3.637 ops/us
Iteration   2: 3.665 ops/us
Iteration   3: 3.641 ops/us
Iteration   4: 3.631 ops/us
Iteration   5: 3.643 ops/us
Iteration   6: 3.647 ops/us
Iteration   7: 3.654 ops/us
Iteration   8: 3.665 ops/us
Iteration   9: 3.664 ops/us
Iteration  10: 3.670 ops/us


Result "de.splatgames.aether.datafixers.benchmarks.format.TomlXmlBenchmark.xmlMigration":
  3.644 ±(99.9%) 0.011 ops/us [Average]
  (min, avg, max) = (3.617, 3.644, 3.677), stdev = 0.017
  CI (99.9%): [3.632, 3.655] (assumes normal distribution)


# JMH version: 1.37
# VM version: JDK 17.0.18, OpenJDK 64-Bit Server VM, 17.0.18+8-Ubuntu-122.04.1
# VM invoker: /usr/lib/jvm/java-17-openjdk-amd64/bin/java
# VM options: -Xms4G -Xmx4G -XX:+UseG1GC -XX:+AlwaysPreTouch
# Blackhole mode: compiler (auto-detected, use -Djmh.blackhole.autoDetect=false to disable)
# Warmup: 5 iterations, 1 s each
# Measurement: 10 iterations, 1 s each
# Timeout: 10 min per iteration
# Threads: 1 thread, will synchronize iterations
# Benchmark mode: Throughput, ops/time
# Benchmark: de.splatgames.aether.datafixers.benchmarks.format.YamlBenchmark.jacksonYamlFieldRead
# Parameters: (payloadSize = SMALL)

# Run progress: 35.54% complete, ETA 01:23:56
# Fork: 1 of 3
# Warmup Iteration   1: 55.862 ops/us
# Warmup Iteration   2: 55.354 ops/us
# Warmup Iteration   3: 57.457 ops/us
# Warmup Iteration   4: 57.731 ops/us
# Warmup Iteration   5: 57.847 ops/us
Iteration   1: 58.234 ops/us
Iteration   2: 57.880 ops/us
Iteration   3: 57.828 ops/us
Iteration   4: 57.516 ops/us
Iteration   5: 57.401 ops/us
Iteration   6: 58.273 ops/us
Iteration   7: 56.593 ops/us
Iteration   8: 57.857 ops/us
Iteration   9: 57.947 ops/us
Iteration  10: 57.881 ops/us

# Run progress: 35.74% complete, ETA 01:23:40
# Fork: 2 of 3
# Warmup Iteration   1: 54.156 ops/us
# Warmup Iteration   2: 55.840 ops/us
# Warmup Iteration   3: 57.257 ops/us
# Warmup Iteration   4: 57.772 ops/us
# Warmup Iteration   5: 57.525 ops/us
Iteration   1: 57.728 ops/us
Iteration   2: 57.060 ops/us
Iteration   3: 57.927 ops/us
Iteration   4: 58.136 ops/us
Iteration   5: 57.978 ops/us
Iteration   6: 58.401 ops/us
Iteration   7: 58.313 ops/us
Iteration   8: 57.906 ops/us
Iteration   9: 57.088 ops/us
Iteration  10: 57.282 ops/us

# Run progress: 35.94% complete, ETA 01:23:25
# Fork: 3 of 3
# Warmup Iteration   1: 55.990 ops/us
# Warmup Iteration   2: 60.631 ops/us
# Warmup Iteration   3: 61.681 ops/us
# Warmup Iteration   4: 61.790 ops/us
# Warmup Iteration   5: 61.861 ops/us
Iteration   1: 61.362 ops/us
Iteration   2: 61.922 ops/us
Iteration   3: 61.645 ops/us
Iteration   4: 61.389 ops/us
Iteration   5: 61.648 ops/us
Iteration   6: 61.732 ops/us
Iteration   7: 62.103 ops/us
Iteration   8: 62.016 ops/us
Iteration   9: 62.094 ops/us
Iteration  10: 61.825 ops/us


Result "de.splatgames.aether.datafixers.benchmarks.format.YamlBenchmark.jacksonYamlFieldRead":
  59.099 ±(99.9%) 1.314 ops/us [Average]
  (min, avg, max) = (56.593, 59.099, 62.103), stdev = 1.967
  CI (99.9%): [57.785, 60.413] (assumes normal distribution)


# JMH version: 1.37
# VM version: JDK 17.0.18, OpenJDK 64-Bit Server VM, 17.0.18+8-Ubuntu-122.04.1
# VM invoker: /usr/lib/jvm/java-17-openjdk-amd64/bin/java
# VM options: -Xms4G -Xmx4G -XX:+UseG1GC -XX:+AlwaysPreTouch
# Blackhole mode: compiler (auto-detected, use -Djmh.blackhole.autoDetect=false to disable)
# Warmup: 5 iterations, 1 s each
# Measurement: 10 iterations, 1 s each
# Timeout: 10 min per iteration
# Threads: 1 thread, will synchronize iterations
# Benchmark mode: Throughput, ops/time
# Benchmark: de.splatgames.aether.datafixers.benchmarks.format.YamlBenchmark.jacksonYamlFieldRead
# Parameters: (payloadSize = MEDIUM)

# Run progress: 36.14% complete, ETA 01:23:09
# Fork: 1 of 3
# Warmup Iteration   1: 63.336 ops/us
# Warmup Iteration   2: 57.237 ops/us
# Warmup Iteration   3: 61.005 ops/us
# Warmup Iteration   4: 62.598 ops/us
# Warmup Iteration   5: 62.612 ops/us
Iteration   1: 62.198 ops/us
Iteration   2: 62.432 ops/us
Iteration   3: 59.433 ops/us
Iteration   4: 59.283 ops/us
Iteration   5: 61.922 ops/us
Iteration   6: 62.800 ops/us
Iteration   7: 62.527 ops/us
Iteration   8: 62.761 ops/us
Iteration   9: 63.345 ops/us
Iteration  10: 62.707 ops/us

# Run progress: 36.35% complete, ETA 01:22:53
# Fork: 2 of 3
# Warmup Iteration   1: 55.795 ops/us
# Warmup Iteration   2: 58.413 ops/us
# Warmup Iteration   3: 60.394 ops/us
# Warmup Iteration   4: 63.006 ops/us
# Warmup Iteration   5: 59.466 ops/us
Iteration   1: 59.969 ops/us
Iteration   2: 62.215 ops/us
Iteration   3: 62.789 ops/us
Iteration   4: 62.301 ops/us
Iteration   5: 62.362 ops/us
Iteration   6: 63.064 ops/us
Iteration   7: 63.225 ops/us
Iteration   8: 62.524 ops/us
Iteration   9: 62.430 ops/us
Iteration  10: 62.869 ops/us

# Run progress: 36.55% complete, ETA 01:22:37
# Fork: 3 of 3
# Warmup Iteration   1: 58.610 ops/us
# Warmup Iteration   2: 60.531 ops/us
# Warmup Iteration   3: 60.700 ops/us
# Warmup Iteration   4: 60.087 ops/us
# Warmup Iteration   5: 61.163 ops/us
Iteration   1: 59.267 ops/us
Iteration   2: 58.728 ops/us
Iteration   3: 59.866 ops/us
Iteration   4: 61.349 ops/us
Iteration   5: 60.966 ops/us
Iteration   6: 60.972 ops/us
Iteration   7: 60.393 ops/us
Iteration   8: 60.863 ops/us
Iteration   9: 60.192 ops/us
Iteration  10: 60.959 ops/us


Result "de.splatgames.aether.datafixers.benchmarks.format.YamlBenchmark.jacksonYamlFieldRead":
  61.557 ±(99.9%) 0.916 ops/us [Average]
  (min, avg, max) = (58.728, 61.557, 63.345), stdev = 1.371
  CI (99.9%): [60.641, 62.473] (assumes normal distribution)


# JMH version: 1.37
# VM version: JDK 17.0.18, OpenJDK 64-Bit Server VM, 17.0.18+8-Ubuntu-122.04.1
# VM invoker: /usr/lib/jvm/java-17-openjdk-amd64/bin/java
# VM options: -Xms4G -Xmx4G -XX:+UseG1GC -XX:+AlwaysPreTouch
# Blackhole mode: compiler (auto-detected, use -Djmh.blackhole.autoDetect=false to disable)
# Warmup: 5 iterations, 1 s each
# Measurement: 10 iterations, 1 s each
# Timeout: 10 min per iteration
# Threads: 1 thread, will synchronize iterations
# Benchmark mode: Throughput, ops/time
# Benchmark: de.splatgames.aether.datafixers.benchmarks.format.YamlBenchmark.jacksonYamlFieldRead
# Parameters: (payloadSize = LARGE)

# Run progress: 36.75% complete, ETA 01:22:22
# Fork: 1 of 3
# Warmup Iteration   1: 54.581 ops/us
# Warmup Iteration   2: 56.557 ops/us
# Warmup Iteration   3: 60.813 ops/us
# Warmup Iteration   4: 61.118 ops/us
# Warmup Iteration   5: 60.988 ops/us
Iteration   1: 60.537 ops/us
Iteration   2: 60.649 ops/us
Iteration   3: 61.295 ops/us
Iteration   4: 60.256 ops/us
Iteration   5: 60.544 ops/us
Iteration   6: 61.041 ops/us
Iteration   7: 60.634 ops/us
Iteration   8: 60.199 ops/us
Iteration   9: 59.287 ops/us
Iteration  10: 57.810 ops/us

# Run progress: 36.95% complete, ETA 01:22:06
# Fork: 2 of 3
# Warmup Iteration   1: 55.751 ops/us
# Warmup Iteration   2: 60.217 ops/us
# Warmup Iteration   3: 59.848 ops/us
# Warmup Iteration   4: 60.374 ops/us
# Warmup Iteration   5: 60.881 ops/us
Iteration   1: 60.601 ops/us
Iteration   2: 60.691 ops/us
Iteration   3: 60.435 ops/us
Iteration   4: 60.805 ops/us
Iteration   5: 60.363 ops/us
Iteration   6: 60.717 ops/us
Iteration   7: 61.115 ops/us
Iteration   8: 59.625 ops/us
Iteration   9: 60.845 ops/us
Iteration  10: 60.205 ops/us

# Run progress: 37.15% complete, ETA 01:21:50
# Fork: 3 of 3
# Warmup Iteration   1: 54.835 ops/us
# Warmup Iteration   2: 56.632 ops/us
# Warmup Iteration   3: 61.632 ops/us
# Warmup Iteration   4: 62.413 ops/us
# Warmup Iteration   5: 58.994 ops/us
Iteration   1: 59.656 ops/us
Iteration   2: 62.180 ops/us
Iteration   3: 63.133 ops/us
Iteration   4: 62.554 ops/us
Iteration   5: 61.741 ops/us
Iteration   6: 60.513 ops/us
Iteration   7: 62.736 ops/us
Iteration   8: 62.697 ops/us
Iteration   9: 62.612 ops/us
Iteration  10: 61.457 ops/us


Result "de.splatgames.aether.datafixers.benchmarks.format.YamlBenchmark.jacksonYamlFieldRead":
  60.898 ±(99.9%) 0.766 ops/us [Average]
  (min, avg, max) = (57.810, 60.898, 63.133), stdev = 1.146
  CI (99.9%): [60.132, 61.663] (assumes normal distribution)


# JMH version: 1.37
# VM version: JDK 17.0.18, OpenJDK 64-Bit Server VM, 17.0.18+8-Ubuntu-122.04.1
# VM invoker: /usr/lib/jvm/java-17-openjdk-amd64/bin/java
# VM options: -Xms4G -Xmx4G -XX:+UseG1GC -XX:+AlwaysPreTouch
# Blackhole mode: compiler (auto-detected, use -Djmh.blackhole.autoDetect=false to disable)
# Warmup: 5 iterations, 1 s each
# Measurement: 10 iterations, 1 s each
# Timeout: 10 min per iteration
# Threads: 1 thread, will synchronize iterations
# Benchmark mode: Throughput, ops/time
# Benchmark: de.splatgames.aether.datafixers.benchmarks.format.YamlBenchmark.jacksonYamlFieldSet
# Parameters: (payloadSize = SMALL)

# Run progress: 37.35% complete, ETA 01:21:35
# Fork: 1 of 3
# Warmup Iteration   1: 0.854 ops/us
# Warmup Iteration   2: 0.901 ops/us
# Warmup Iteration   3: 0.889 ops/us
# Warmup Iteration   4: 0.899 ops/us
# Warmup Iteration   5: 0.913 ops/us
Iteration   1: 0.903 ops/us
Iteration   2: 0.909 ops/us
Iteration   3: 0.900 ops/us
Iteration   4: 0.897 ops/us
Iteration   5: 0.908 ops/us
Iteration   6: 0.889 ops/us
Iteration   7: 0.900 ops/us
Iteration   8: 0.894 ops/us
Iteration   9: 0.910 ops/us
Iteration  10: 0.904 ops/us

# Run progress: 37.55% complete, ETA 01:21:19
# Fork: 2 of 3
# Warmup Iteration   1: 0.806 ops/us
# Warmup Iteration   2: 0.878 ops/us
# Warmup Iteration   3: 0.880 ops/us
# Warmup Iteration   4: 0.890 ops/us
# Warmup Iteration   5: 0.885 ops/us
Iteration   1: 0.865 ops/us
Iteration   2: 0.885 ops/us
Iteration   3: 0.881 ops/us
Iteration   4: 0.889 ops/us
Iteration   5: 0.887 ops/us
Iteration   6: 0.886 ops/us
Iteration   7: 0.868 ops/us
Iteration   8: 0.843 ops/us
Iteration   9: 0.886 ops/us
Iteration  10: 0.885 ops/us

# Run progress: 37.75% complete, ETA 01:21:03
# Fork: 3 of 3
# Warmup Iteration   1: 0.855 ops/us
# Warmup Iteration   2: 0.886 ops/us
# Warmup Iteration   3: 0.867 ops/us
# Warmup Iteration   4: 0.885 ops/us
# Warmup Iteration   5: 0.877 ops/us
Iteration   1: 0.886 ops/us
Iteration   2: 0.883 ops/us
Iteration   3: 0.879 ops/us
Iteration   4: 0.884 ops/us
Iteration   5: 0.874 ops/us
Iteration   6: 0.889 ops/us
Iteration   7: 0.881 ops/us
Iteration   8: 0.893 ops/us
Iteration   9: 0.891 ops/us
Iteration  10: 0.891 ops/us


Result "de.splatgames.aether.datafixers.benchmarks.format.YamlBenchmark.jacksonYamlFieldSet":
  0.888 ±(99.9%) 0.009 ops/us [Average]
  (min, avg, max) = (0.843, 0.888, 0.910), stdev = 0.014
  CI (99.9%): [0.879, 0.897] (assumes normal distribution)


# JMH version: 1.37
# VM version: JDK 17.0.18, OpenJDK 64-Bit Server VM, 17.0.18+8-Ubuntu-122.04.1
# VM invoker: /usr/lib/jvm/java-17-openjdk-amd64/bin/java
# VM options: -Xms4G -Xmx4G -XX:+UseG1GC -XX:+AlwaysPreTouch
# Blackhole mode: compiler (auto-detected, use -Djmh.blackhole.autoDetect=false to disable)
# Warmup: 5 iterations, 1 s each
# Measurement: 10 iterations, 1 s each
# Timeout: 10 min per iteration
# Threads: 1 thread, will synchronize iterations
# Benchmark mode: Throughput, ops/time
# Benchmark: de.splatgames.aether.datafixers.benchmarks.format.YamlBenchmark.jacksonYamlFieldSet
# Parameters: (payloadSize = MEDIUM)

# Run progress: 37.95% complete, ETA 01:20:48
# Fork: 1 of 3
# Warmup Iteration   1: 0.123 ops/us
# Warmup Iteration   2: 0.124 ops/us
# Warmup Iteration   3: 0.128 ops/us
# Warmup Iteration   4: 0.127 ops/us
# Warmup Iteration   5: 0.125 ops/us
Iteration   1: 0.125 ops/us
Iteration   2: 0.127 ops/us
Iteration   3: 0.125 ops/us
Iteration   4: 0.127 ops/us
Iteration   5: 0.127 ops/us
Iteration   6: 0.126 ops/us
Iteration   7: 0.125 ops/us
Iteration   8: 0.126 ops/us
Iteration   9: 0.124 ops/us
Iteration  10: 0.126 ops/us

# Run progress: 38.15% complete, ETA 01:20:32
# Fork: 2 of 3
# Warmup Iteration   1: 0.124 ops/us
# Warmup Iteration   2: 0.128 ops/us
# Warmup Iteration   3: 0.128 ops/us
# Warmup Iteration   4: 0.127 ops/us
# Warmup Iteration   5: 0.128 ops/us
Iteration   1: 0.124 ops/us
Iteration   2: 0.126 ops/us
Iteration   3: 0.126 ops/us
Iteration   4: 0.127 ops/us
Iteration   5: 0.128 ops/us
Iteration   6: 0.128 ops/us
Iteration   7: 0.128 ops/us
Iteration   8: 0.127 ops/us
Iteration   9: 0.128 ops/us
Iteration  10: 0.128 ops/us

# Run progress: 38.35% complete, ETA 01:20:16
# Fork: 3 of 3
# Warmup Iteration   1: 0.119 ops/us
# Warmup Iteration   2: 0.124 ops/us
# Warmup Iteration   3: 0.123 ops/us
# Warmup Iteration   4: 0.126 ops/us
# Warmup Iteration   5: 0.124 ops/us
Iteration   1: 0.127 ops/us
Iteration   2: 0.126 ops/us
Iteration   3: 0.125 ops/us
Iteration   4: 0.126 ops/us
Iteration   5: 0.126 ops/us
Iteration   6: 0.119 ops/us
Iteration   7: 0.126 ops/us
Iteration   8: 0.121 ops/us
Iteration   9: 0.126 ops/us
Iteration  10: 0.126 ops/us


Result "de.splatgames.aether.datafixers.benchmarks.format.YamlBenchmark.jacksonYamlFieldSet":
  0.126 ±(99.9%) 0.001 ops/us [Average]
  (min, avg, max) = (0.119, 0.126, 0.128), stdev = 0.002
  CI (99.9%): [0.125, 0.127] (assumes normal distribution)


# JMH version: 1.37
# VM version: JDK 17.0.18, OpenJDK 64-Bit Server VM, 17.0.18+8-Ubuntu-122.04.1
# VM invoker: /usr/lib/jvm/java-17-openjdk-amd64/bin/java
# VM options: -Xms4G -Xmx4G -XX:+UseG1GC -XX:+AlwaysPreTouch
# Blackhole mode: compiler (auto-detected, use -Djmh.blackhole.autoDetect=false to disable)
# Warmup: 5 iterations, 1 s each
# Measurement: 10 iterations, 1 s each
# Timeout: 10 min per iteration
# Threads: 1 thread, will synchronize iterations
# Benchmark mode: Throughput, ops/time
# Benchmark: de.splatgames.aether.datafixers.benchmarks.format.YamlBenchmark.jacksonYamlFieldSet
# Parameters: (payloadSize = LARGE)

# Run progress: 38.55% complete, ETA 01:20:00
# Fork: 1 of 3
# Warmup Iteration   1: 0.014 ops/us
# Warmup Iteration   2: 0.015 ops/us
# Warmup Iteration   3: 0.015 ops/us
# Warmup Iteration   4: 0.015 ops/us
# Warmup Iteration   5: 0.015 ops/us
Iteration   1: 0.015 ops/us
Iteration   2: 0.015 ops/us
Iteration   3: 0.014 ops/us
Iteration   4: 0.014 ops/us
Iteration   5: 0.014 ops/us
Iteration   6: 0.014 ops/us
Iteration   7: 0.014 ops/us
Iteration   8: 0.014 ops/us
Iteration   9: 0.014 ops/us
Iteration  10: 0.014 ops/us

# Run progress: 38.76% complete, ETA 01:19:45
# Fork: 2 of 3
# Warmup Iteration   1: 0.014 ops/us
# Warmup Iteration   2: 0.014 ops/us
# Warmup Iteration   3: 0.014 ops/us
# Warmup Iteration   4: 0.014 ops/us
# Warmup Iteration   5: 0.014 ops/us
Iteration   1: 0.015 ops/us
Iteration   2: 0.014 ops/us
Iteration   3: 0.014 ops/us
Iteration   4: 0.014 ops/us
Iteration   5: 0.014 ops/us
Iteration   6: 0.013 ops/us
Iteration   7: 0.014 ops/us
Iteration   8: 0.014 ops/us
Iteration   9: 0.014 ops/us
Iteration  10: 0.014 ops/us

# Run progress: 38.96% complete, ETA 01:19:29
# Fork: 3 of 3
# Warmup Iteration   1: 0.013 ops/us
# Warmup Iteration   2: 0.014 ops/us
# Warmup Iteration   3: 0.014 ops/us
# Warmup Iteration   4: 0.014 ops/us
# Warmup Iteration   5: 0.014 ops/us
Iteration   1: 0.014 ops/us
Iteration   2: 0.014 ops/us
Iteration   3: 0.014 ops/us
Iteration   4: 0.014 ops/us
Iteration   5: 0.014 ops/us
Iteration   6: 0.013 ops/us
Iteration   7: 0.013 ops/us
Iteration   8: 0.013 ops/us
Iteration   9: 0.014 ops/us
Iteration  10: 0.013 ops/us


Result "de.splatgames.aether.datafixers.benchmarks.format.YamlBenchmark.jacksonYamlFieldSet":
  0.014 ±(99.9%) 0.001 ops/us [Average]
  (min, avg, max) = (0.013, 0.014, 0.015), stdev = 0.001
  CI (99.9%): [0.014, 0.014] (assumes normal distribution)


# JMH version: 1.37
# VM version: JDK 17.0.18, OpenJDK 64-Bit Server VM, 17.0.18+8-Ubuntu-122.04.1
# VM invoker: /usr/lib/jvm/java-17-openjdk-amd64/bin/java
# VM options: -Xms4G -Xmx4G -XX:+UseG1GC -XX:+AlwaysPreTouch
# Blackhole mode: compiler (auto-detected, use -Djmh.blackhole.autoDetect=false to disable)
# Warmup: 5 iterations, 1 s each
# Measurement: 10 iterations, 1 s each
# Timeout: 10 min per iteration
# Threads: 1 thread, will synchronize iterations
# Benchmark mode: Throughput, ops/time
# Benchmark: de.splatgames.aether.datafixers.benchmarks.format.YamlBenchmark.jacksonYamlGenerate
# Parameters: (payloadSize = SMALL)

# Run progress: 39.16% complete, ETA 01:19:13
# Fork: 1 of 3
# Warmup Iteration   1: 0.134 ops/us
# Warmup Iteration   2: 0.149 ops/us
# Warmup Iteration   3: 0.150 ops/us
# Warmup Iteration   4: 0.149 ops/us
# Warmup Iteration   5: 0.149 ops/us
Iteration   1: 0.149 ops/us
Iteration   2: 0.148 ops/us
Iteration   3: 0.143 ops/us
Iteration   4: 0.146 ops/us
Iteration   5: 0.147 ops/us
Iteration   6: 0.149 ops/us
Iteration   7: 0.146 ops/us
Iteration   8: 0.148 ops/us
Iteration   9: 0.149 ops/us
Iteration  10: 0.148 ops/us

# Run progress: 39.36% complete, ETA 01:18:58
# Fork: 2 of 3
# Warmup Iteration   1: 0.135 ops/us
# Warmup Iteration   2: 0.144 ops/us
# Warmup Iteration   3: 0.147 ops/us
# Warmup Iteration   4: 0.147 ops/us
# Warmup Iteration   5: 0.145 ops/us
Iteration   1: 0.148 ops/us
Iteration   2: 0.147 ops/us
Iteration   3: 0.148 ops/us
Iteration   4: 0.148 ops/us
Iteration   5: 0.148 ops/us
Iteration   6: 0.148 ops/us
Iteration   7: 0.148 ops/us
Iteration   8: 0.148 ops/us
Iteration   9: 0.147 ops/us
Iteration  10: 0.142 ops/us

# Run progress: 39.56% complete, ETA 01:18:42
# Fork: 3 of 3
# Warmup Iteration   1: 0.135 ops/us
# Warmup Iteration   2: 0.151 ops/us
# Warmup Iteration   3: 0.148 ops/us
# Warmup Iteration   4: 0.151 ops/us
# Warmup Iteration   5: 0.149 ops/us
Iteration   1: 0.151 ops/us
Iteration   2: 0.150 ops/us
Iteration   3: 0.152 ops/us
Iteration   4: 0.148 ops/us
Iteration   5: 0.150 ops/us
Iteration   6: 0.150 ops/us
Iteration   7: 0.151 ops/us
Iteration   8: 0.153 ops/us
Iteration   9: 0.152 ops/us
Iteration  10: 0.153 ops/us


Result "de.splatgames.aether.datafixers.benchmarks.format.YamlBenchmark.jacksonYamlGenerate":
  0.148 ±(99.9%) 0.002 ops/us [Average]
  (min, avg, max) = (0.142, 0.148, 0.153), stdev = 0.003
  CI (99.9%): [0.147, 0.150] (assumes normal distribution)


# JMH version: 1.37
# VM version: JDK 17.0.18, OpenJDK 64-Bit Server VM, 17.0.18+8-Ubuntu-122.04.1
# VM invoker: /usr/lib/jvm/java-17-openjdk-amd64/bin/java
# VM options: -Xms4G -Xmx4G -XX:+UseG1GC -XX:+AlwaysPreTouch
# Blackhole mode: compiler (auto-detected, use -Djmh.blackhole.autoDetect=false to disable)
# Warmup: 5 iterations, 1 s each
# Measurement: 10 iterations, 1 s each
# Timeout: 10 min per iteration
# Threads: 1 thread, will synchronize iterations
# Benchmark mode: Throughput, ops/time
# Benchmark: de.splatgames.aether.datafixers.benchmarks.format.YamlBenchmark.jacksonYamlGenerate
# Parameters: (payloadSize = MEDIUM)

# Run progress: 39.76% complete, ETA 01:18:26
# Fork: 1 of 3
# Warmup Iteration   1: 0.014 ops/us
# Warmup Iteration   2: 0.015 ops/us
# Warmup Iteration   3: 0.015 ops/us
# Warmup Iteration   4: 0.015 ops/us
# Warmup Iteration   5: 0.015 ops/us
Iteration   1: 0.015 ops/us
Iteration   2: 0.015 ops/us
Iteration   3: 0.015 ops/us
Iteration   4: 0.015 ops/us
Iteration   5: 0.015 ops/us
Iteration   6: 0.015 ops/us
Iteration   7: 0.015 ops/us
Iteration   8: 0.015 ops/us
Iteration   9: 0.015 ops/us
Iteration  10: 0.015 ops/us

# Run progress: 39.96% complete, ETA 01:18:10
# Fork: 2 of 3
# Warmup Iteration   1: 0.014 ops/us
# Warmup Iteration   2: 0.015 ops/us
# Warmup Iteration   3: 0.015 ops/us
# Warmup Iteration   4: 0.015 ops/us
# Warmup Iteration   5: 0.015 ops/us
Iteration   1: 0.014 ops/us
Iteration   2: 0.015 ops/us
Iteration   3: 0.015 ops/us
Iteration   4: 0.015 ops/us
Iteration   5: 0.015 ops/us
Iteration   6: 0.015 ops/us
Iteration   7: 0.015 ops/us
Iteration   8: 0.015 ops/us
Iteration   9: 0.015 ops/us
Iteration  10: 0.015 ops/us

# Run progress: 40.16% complete, ETA 01:17:55
# Fork: 3 of 3
# Warmup Iteration   1: 0.014 ops/us
# Warmup Iteration   2: 0.015 ops/us
# Warmup Iteration   3: 0.015 ops/us
# Warmup Iteration   4: 0.014 ops/us
# Warmup Iteration   5: 0.015 ops/us
Iteration   1: 0.015 ops/us
Iteration   2: 0.015 ops/us
Iteration   3: 0.015 ops/us
Iteration   4: 0.015 ops/us
Iteration   5: 0.014 ops/us
Iteration   6: 0.015 ops/us
Iteration   7: 0.015 ops/us
Iteration   8: 0.015 ops/us
Iteration   9: 0.015 ops/us
Iteration  10: 0.015 ops/us


Result "de.splatgames.aether.datafixers.benchmarks.format.YamlBenchmark.jacksonYamlGenerate":
  0.015 ±(99.9%) 0.001 ops/us [Average]
  (min, avg, max) = (0.014, 0.015, 0.015), stdev = 0.001
  CI (99.9%): [0.015, 0.015] (assumes normal distribution)


# JMH version: 1.37
# VM version: JDK 17.0.18, OpenJDK 64-Bit Server VM, 17.0.18+8-Ubuntu-122.04.1
# VM invoker: /usr/lib/jvm/java-17-openjdk-amd64/bin/java
# VM options: -Xms4G -Xmx4G -XX:+UseG1GC -XX:+AlwaysPreTouch
# Blackhole mode: compiler (auto-detected, use -Djmh.blackhole.autoDetect=false to disable)
# Warmup: 5 iterations, 1 s each
# Measurement: 10 iterations, 1 s each
# Timeout: 10 min per iteration
# Threads: 1 thread, will synchronize iterations
# Benchmark mode: Throughput, ops/time
# Benchmark: de.splatgames.aether.datafixers.benchmarks.format.YamlBenchmark.jacksonYamlGenerate
# Parameters: (payloadSize = LARGE)

# Run progress: 40.36% complete, ETA 01:17:39
# Fork: 1 of 3
# Warmup Iteration   1: 0.002 ops/us
# Warmup Iteration   2: 0.002 ops/us
# Warmup Iteration   3: 0.002 ops/us
# Warmup Iteration   4: 0.002 ops/us
# Warmup Iteration   5: 0.002 ops/us
Iteration   1: 0.002 ops/us
Iteration   2: 0.002 ops/us
Iteration   3: 0.002 ops/us
Iteration   4: 0.002 ops/us
Iteration   5: 0.002 ops/us
Iteration   6: 0.002 ops/us
Iteration   7: 0.002 ops/us
Iteration   8: 0.002 ops/us
Iteration   9: 0.002 ops/us
Iteration  10: 0.002 ops/us

# Run progress: 40.56% complete, ETA 01:17:23
# Fork: 2 of 3
# Warmup Iteration   1: 0.002 ops/us
# Warmup Iteration   2: 0.002 ops/us
# Warmup Iteration   3: 0.002 ops/us
# Warmup Iteration   4: 0.002 ops/us
# Warmup Iteration   5: 0.002 ops/us
Iteration   1: 0.002 ops/us
Iteration   2: 0.002 ops/us
Iteration   3: 0.002 ops/us
Iteration   4: 0.002 ops/us
Iteration   5: 0.002 ops/us
Iteration   6: 0.002 ops/us
Iteration   7: 0.002 ops/us
Iteration   8: 0.002 ops/us
Iteration   9: 0.002 ops/us
Iteration  10: 0.002 ops/us

# Run progress: 40.76% complete, ETA 01:17:08
# Fork: 3 of 3
# Warmup Iteration   1: 0.002 ops/us
# Warmup Iteration   2: 0.002 ops/us
# Warmup Iteration   3: 0.002 ops/us
# Warmup Iteration   4: 0.002 ops/us
# Warmup Iteration   5: 0.002 ops/us
Iteration   1: 0.002 ops/us
Iteration   2: 0.002 ops/us
Iteration   3: 0.002 ops/us
Iteration   4: 0.002 ops/us
Iteration   5: 0.002 ops/us
Iteration   6: 0.002 ops/us
Iteration   7: 0.002 ops/us
Iteration   8: 0.002 ops/us
Iteration   9: 0.002 ops/us
Iteration  10: 0.002 ops/us


Result "de.splatgames.aether.datafixers.benchmarks.format.YamlBenchmark.jacksonYamlGenerate":
  0.002 ±(99.9%) 0.001 ops/us [Average]
  (min, avg, max) = (0.002, 0.002, 0.002), stdev = 0.001
  CI (99.9%): [0.002, 0.002] (assumes normal distribution)


# JMH version: 1.37
# VM version: JDK 17.0.18, OpenJDK 64-Bit Server VM, 17.0.18+8-Ubuntu-122.04.1
# VM invoker: /usr/lib/jvm/java-17-openjdk-amd64/bin/java
# VM options: -Xms4G -Xmx4G -XX:+UseG1GC -XX:+AlwaysPreTouch
# Blackhole mode: compiler (auto-detected, use -Djmh.blackhole.autoDetect=false to disable)
# Warmup: 5 iterations, 1 s each
# Measurement: 10 iterations, 1 s each
# Timeout: 10 min per iteration
# Threads: 1 thread, will synchronize iterations
# Benchmark mode: Throughput, ops/time
# Benchmark: de.splatgames.aether.datafixers.benchmarks.format.YamlBenchmark.jacksonYamlMigration
# Parameters: (payloadSize = SMALL)

# Run progress: 40.96% complete, ETA 01:16:52
# Fork: 1 of 3
# Warmup Iteration   1: 3.255 ops/us
# Warmup Iteration   2: 3.730 ops/us
# Warmup Iteration   3: 3.728 ops/us
# Warmup Iteration   4: 3.716 ops/us
# Warmup Iteration   5: 3.723 ops/us
Iteration   1: 3.721 ops/us
Iteration   2: 3.722 ops/us
Iteration   3: 3.717 ops/us
Iteration   4: 3.712 ops/us
Iteration   5: 3.707 ops/us
Iteration   6: 3.698 ops/us
Iteration   7: 3.697 ops/us
Iteration   8: 3.688 ops/us
Iteration   9: 3.711 ops/us
Iteration  10: 3.711 ops/us

# Run progress: 41.16% complete, ETA 01:16:36
# Fork: 2 of 3
# Warmup Iteration   1: 3.373 ops/us
# Warmup Iteration   2: 3.692 ops/us
# Warmup Iteration   3: 3.797 ops/us
# Warmup Iteration   4: 3.707 ops/us
# Warmup Iteration   5: 3.780 ops/us
Iteration   1: 3.776 ops/us
Iteration   2: 3.719 ops/us
Iteration   3: 3.793 ops/us
Iteration   4: 3.746 ops/us
Iteration   5: 3.785 ops/us
Iteration   6: 3.709 ops/us
Iteration   7: 3.786 ops/us
Iteration   8: 3.776 ops/us
Iteration   9: 3.705 ops/us
Iteration  10: 3.792 ops/us

# Run progress: 41.37% complete, ETA 01:16:21
# Fork: 3 of 3
# Warmup Iteration   1: 3.334 ops/us
# Warmup Iteration   2: 3.764 ops/us
# Warmup Iteration   3: 3.768 ops/us
# Warmup Iteration   4: 3.753 ops/us
# Warmup Iteration   5: 3.747 ops/us
Iteration   1: 3.699 ops/us
Iteration   2: 3.665 ops/us
Iteration   3: 3.709 ops/us
Iteration   4: 3.795 ops/us
Iteration   5: 3.766 ops/us
Iteration   6: 3.745 ops/us
Iteration   7: 3.745 ops/us
Iteration   8: 3.716 ops/us
Iteration   9: 3.677 ops/us
Iteration  10: 3.655 ops/us


Result "de.splatgames.aether.datafixers.benchmarks.format.YamlBenchmark.jacksonYamlMigration":
  3.728 ±(99.9%) 0.027 ops/us [Average]
  (min, avg, max) = (3.655, 3.728, 3.795), stdev = 0.040
  CI (99.9%): [3.702, 3.755] (assumes normal distribution)


# JMH version: 1.37
# VM version: JDK 17.0.18, OpenJDK 64-Bit Server VM, 17.0.18+8-Ubuntu-122.04.1
# VM invoker: /usr/lib/jvm/java-17-openjdk-amd64/bin/java
# VM options: -Xms4G -Xmx4G -XX:+UseG1GC -XX:+AlwaysPreTouch
# Blackhole mode: compiler (auto-detected, use -Djmh.blackhole.autoDetect=false to disable)
# Warmup: 5 iterations, 1 s each
# Measurement: 10 iterations, 1 s each
# Timeout: 10 min per iteration
# Threads: 1 thread, will synchronize iterations
# Benchmark mode: Throughput, ops/time
# Benchmark: de.splatgames.aether.datafixers.benchmarks.format.YamlBenchmark.jacksonYamlMigration
# Parameters: (payloadSize = MEDIUM)

# Run progress: 41.57% complete, ETA 01:16:05
# Fork: 1 of 3
# Warmup Iteration   1: 3.279 ops/us
# Warmup Iteration   2: 3.527 ops/us
# Warmup Iteration   3: 3.782 ops/us
# Warmup Iteration   4: 3.766 ops/us
# Warmup Iteration   5: 3.640 ops/us
Iteration   1: 3.621 ops/us
Iteration   2: 3.765 ops/us
Iteration   3: 3.762 ops/us
Iteration   4: 3.744 ops/us
Iteration   5: 3.719 ops/us
Iteration   6: 3.775 ops/us
Iteration   7: 3.692 ops/us
Iteration   8: 3.718 ops/us
Iteration   9: 3.778 ops/us
Iteration  10: 3.773 ops/us

# Run progress: 41.77% complete, ETA 01:15:49
# Fork: 2 of 3
# Warmup Iteration   1: 3.399 ops/us
# Warmup Iteration   2: 3.712 ops/us
# Warmup Iteration   3: 3.783 ops/us
# Warmup Iteration   4: 3.749 ops/us
# Warmup Iteration   5: 3.753 ops/us
Iteration   1: 3.739 ops/us
Iteration   2: 3.714 ops/us
Iteration   3: 3.775 ops/us
Iteration   4: 3.789 ops/us
Iteration   5: 3.732 ops/us
Iteration   6: 3.787 ops/us
Iteration   7: 3.770 ops/us
Iteration   8: 3.743 ops/us
Iteration   9: 3.784 ops/us
Iteration  10: 3.719 ops/us

# Run progress: 41.97% complete, ETA 01:15:33
# Fork: 3 of 3
# Warmup Iteration   1: 3.276 ops/us
# Warmup Iteration   2: 3.718 ops/us
# Warmup Iteration   3: 3.703 ops/us
# Warmup Iteration   4: 3.720 ops/us
# Warmup Iteration   5: 3.719 ops/us
Iteration   1: 3.706 ops/us
Iteration   2: 3.731 ops/us
Iteration   3: 3.720 ops/us
Iteration   4: 3.720 ops/us
Iteration   5: 3.707 ops/us
Iteration   6: 3.647 ops/us
Iteration   7: 3.739 ops/us
Iteration   8: 3.721 ops/us
Iteration   9: 3.722 ops/us
Iteration  10: 3.687 ops/us


Result "de.splatgames.aether.datafixers.benchmarks.format.YamlBenchmark.jacksonYamlMigration":
  3.733 ±(99.9%) 0.027 ops/us [Average]
  (min, avg, max) = (3.621, 3.733, 3.789), stdev = 0.040
  CI (99.9%): [3.707, 3.760] (assumes normal distribution)


# JMH version: 1.37
# VM version: JDK 17.0.18, OpenJDK 64-Bit Server VM, 17.0.18+8-Ubuntu-122.04.1
# VM invoker: /usr/lib/jvm/java-17-openjdk-amd64/bin/java
# VM options: -Xms4G -Xmx4G -XX:+UseG1GC -XX:+AlwaysPreTouch
# Blackhole mode: compiler (auto-detected, use -Djmh.blackhole.autoDetect=false to disable)
# Warmup: 5 iterations, 1 s each
# Measurement: 10 iterations, 1 s each
# Timeout: 10 min per iteration
# Threads: 1 thread, will synchronize iterations
# Benchmark mode: Throughput, ops/time
# Benchmark: de.splatgames.aether.datafixers.benchmarks.format.YamlBenchmark.jacksonYamlMigration
# Parameters: (payloadSize = LARGE)

# Run progress: 42.17% complete, ETA 01:15:18
# Fork: 1 of 3
# Warmup Iteration   1: 3.270 ops/us
# Warmup Iteration   2: 3.603 ops/us
# Warmup Iteration   3: 3.639 ops/us
# Warmup Iteration   4: 3.579 ops/us
# Warmup Iteration   5: 3.556 ops/us
Iteration   1: 3.629 ops/us
Iteration   2: 3.646 ops/us
Iteration   3: 3.607 ops/us
Iteration   4: 3.648 ops/us
Iteration   5: 3.633 ops/us
Iteration   6: 3.595 ops/us
Iteration   7: 3.664 ops/us
Iteration   8: 3.638 ops/us
Iteration   9: 3.552 ops/us
Iteration  10: 3.483 ops/us

# Run progress: 42.37% complete, ETA 01:15:02
# Fork: 2 of 3
# Warmup Iteration   1: 3.234 ops/us
# Warmup Iteration   2: 3.632 ops/us
# Warmup Iteration   3: 3.621 ops/us
# Warmup Iteration   4: 3.625 ops/us
# Warmup Iteration   5: 3.634 ops/us
Iteration   1: 3.630 ops/us
Iteration   2: 3.654 ops/us
Iteration   3: 3.664 ops/us
Iteration   4: 3.590 ops/us
Iteration   5: 3.660 ops/us
Iteration   6: 3.634 ops/us
Iteration   7: 3.664 ops/us
Iteration   8: 3.654 ops/us
Iteration   9: 3.646 ops/us
Iteration  10: 3.630 ops/us

# Run progress: 42.57% complete, ETA 01:14:46
# Fork: 3 of 3
# Warmup Iteration   1: 3.063 ops/us
# Warmup Iteration   2: 3.461 ops/us
# Warmup Iteration   3: 3.478 ops/us
# Warmup Iteration   4: 3.451 ops/us
# Warmup Iteration   5: 3.487 ops/us
Iteration   1: 3.514 ops/us
Iteration   2: 3.453 ops/us
Iteration   3: 3.514 ops/us
Iteration   4: 3.518 ops/us
Iteration   5: 3.534 ops/us
Iteration   6: 3.528 ops/us
Iteration   7: 3.527 ops/us
Iteration   8: 3.505 ops/us
Iteration   9: 3.382 ops/us
Iteration  10: 3.548 ops/us


Result "de.splatgames.aether.datafixers.benchmarks.format.YamlBenchmark.jacksonYamlMigration":
  3.585 ±(99.9%) 0.050 ops/us [Average]
  (min, avg, max) = (3.382, 3.585, 3.664), stdev = 0.075
  CI (99.9%): [3.535, 3.635] (assumes normal distribution)


# JMH version: 1.37
# VM version: JDK 17.0.18, OpenJDK 64-Bit Server VM, 17.0.18+8-Ubuntu-122.04.1
# VM invoker: /usr/lib/jvm/java-17-openjdk-amd64/bin/java
# VM options: -Xms4G -Xmx4G -XX:+UseG1GC -XX:+AlwaysPreTouch
# Blackhole mode: compiler (auto-detected, use -Djmh.blackhole.autoDetect=false to disable)
# Warmup: 5 iterations, 1 s each
# Measurement: 10 iterations, 1 s each
# Timeout: 10 min per iteration
# Threads: 1 thread, will synchronize iterations
# Benchmark mode: Throughput, ops/time
# Benchmark: de.splatgames.aether.datafixers.benchmarks.format.YamlBenchmark.snakeYamlFieldRead
# Parameters: (payloadSize = SMALL)

# Run progress: 42.77% complete, ETA 01:14:31
# Fork: 1 of 3
# Warmup Iteration   1: 104.535 ops/us
# Warmup Iteration   2: 106.125 ops/us
# Warmup Iteration   3: 112.681 ops/us
# Warmup Iteration   4: 112.200 ops/us
# Warmup Iteration   5: 112.316 ops/us
Iteration   1: 111.943 ops/us
Iteration   2: 112.715 ops/us
Iteration   3: 110.111 ops/us
Iteration   4: 113.150 ops/us
Iteration   5: 114.253 ops/us
Iteration   6: 113.447 ops/us
Iteration   7: 112.175 ops/us
Iteration   8: 114.190 ops/us
Iteration   9: 112.705 ops/us
Iteration  10: 113.616 ops/us

# Run progress: 42.97% complete, ETA 01:14:15
# Fork: 2 of 3
# Warmup Iteration   1: 103.708 ops/us
# Warmup Iteration   2: 112.800 ops/us
# Warmup Iteration   3: 119.139 ops/us
# Warmup Iteration   4: 121.536 ops/us
# Warmup Iteration   5: 120.617 ops/us
Iteration   1: 118.211 ops/us
Iteration   2: 120.425 ops/us
Iteration   3: 120.957 ops/us
Iteration   4: 119.548 ops/us
Iteration   5: 120.687 ops/us
Iteration   6: 120.079 ops/us
Iteration   7: 117.383 ops/us
Iteration   8: 112.953 ops/us
Iteration   9: 119.536 ops/us
Iteration  10: 119.027 ops/us

# Run progress: 43.17% complete, ETA 01:13:59
# Fork: 3 of 3
# Warmup Iteration   1: 104.343 ops/us
# Warmup Iteration   2: 112.303 ops/us
# Warmup Iteration   3: 118.665 ops/us
# Warmup Iteration   4: 118.487 ops/us
# Warmup Iteration   5: 119.029 ops/us
Iteration   1: 118.430 ops/us
Iteration   2: 116.802 ops/us
Iteration   3: 119.127 ops/us
Iteration   4: 118.586 ops/us
Iteration   5: 118.631 ops/us
Iteration   6: 118.737 ops/us
Iteration   7: 116.811 ops/us
Iteration   8: 115.657 ops/us
Iteration   9: 117.769 ops/us
Iteration  10: 118.695 ops/us


Result "de.splatgames.aether.datafixers.benchmarks.format.YamlBenchmark.snakeYamlFieldRead":
  116.545 ±(99.9%) 2.101 ops/us [Average]
  (min, avg, max) = (110.111, 116.545, 120.957), stdev = 3.145
  CI (99.9%): [114.444, 118.646] (assumes normal distribution)


# JMH version: 1.37
# VM version: JDK 17.0.18, OpenJDK 64-Bit Server VM, 17.0.18+8-Ubuntu-122.04.1
# VM invoker: /usr/lib/jvm/java-17-openjdk-amd64/bin/java
# VM options: -Xms4G -Xmx4G -XX:+UseG1GC -XX:+AlwaysPreTouch
# Blackhole mode: compiler (auto-detected, use -Djmh.blackhole.autoDetect=false to disable)
# Warmup: 5 iterations, 1 s each
# Measurement: 10 iterations, 1 s each
# Timeout: 10 min per iteration
# Threads: 1 thread, will synchronize iterations
# Benchmark mode: Throughput, ops/time
# Benchmark: de.splatgames.aether.datafixers.benchmarks.format.YamlBenchmark.snakeYamlFieldRead
# Parameters: (payloadSize = MEDIUM)

# Run progress: 43.37% complete, ETA 01:13:44
# Fork: 1 of 3
# Warmup Iteration   1: 101.430 ops/us
# Warmup Iteration   2: 113.092 ops/us
# Warmup Iteration   3: 104.674 ops/us
# Warmup Iteration   4: 105.266 ops/us
# Warmup Iteration   5: 104.579 ops/us
Iteration   1: 105.305 ops/us
Iteration   2: 105.104 ops/us
Iteration   3: 104.908 ops/us
Iteration   4: 104.898 ops/us
Iteration   5: 105.117 ops/us
Iteration   6: 101.685 ops/us
Iteration   7: 105.394 ops/us
Iteration   8: 104.597 ops/us
Iteration   9: 103.830 ops/us
Iteration  10: 104.880 ops/us

# Run progress: 43.57% complete, ETA 01:13:28
# Fork: 2 of 3
# Warmup Iteration   1: 105.585 ops/us
# Warmup Iteration   2: 106.411 ops/us
# Warmup Iteration   3: 117.215 ops/us
# Warmup Iteration   4: 117.642 ops/us
# Warmup Iteration   5: 113.254 ops/us
Iteration   1: 113.464 ops/us
Iteration   2: 116.901 ops/us
Iteration   3: 117.407 ops/us
Iteration   4: 117.742 ops/us
Iteration   5: 116.352 ops/us
Iteration   6: 117.241 ops/us
Iteration   7: 114.267 ops/us
Iteration   8: 115.089 ops/us
Iteration   9: 117.318 ops/us
Iteration  10: 116.495 ops/us

# Run progress: 43.78% complete, ETA 01:13:12
# Fork: 3 of 3
# Warmup Iteration   1: 103.703 ops/us
# Warmup Iteration   2: 111.775 ops/us
# Warmup Iteration   3: 104.765 ops/us
# Warmup Iteration   4: 105.335 ops/us
# Warmup Iteration   5: 104.483 ops/us
Iteration   1: 103.929 ops/us
Iteration   2: 104.917 ops/us
Iteration   3: 104.933 ops/us
Iteration   4: 102.017 ops/us
Iteration   5: 102.691 ops/us
Iteration   6: 102.950 ops/us
Iteration   7: 104.605 ops/us
Iteration   8: 103.837 ops/us
Iteration   9: 104.621 ops/us
Iteration  10: 105.303 ops/us


Result "de.splatgames.aether.datafixers.benchmarks.format.YamlBenchmark.snakeYamlFieldRead":
  108.260 ±(99.9%) 3.914 ops/us [Average]
  (min, avg, max) = (101.685, 108.260, 117.742), stdev = 5.858
  CI (99.9%): [104.346, 112.174] (assumes normal distribution)


# JMH version: 1.37
# VM version: JDK 17.0.18, OpenJDK 64-Bit Server VM, 17.0.18+8-Ubuntu-122.04.1
# VM invoker: /usr/lib/jvm/java-17-openjdk-amd64/bin/java
# VM options: -Xms4G -Xmx4G -XX:+UseG1GC -XX:+AlwaysPreTouch
# Blackhole mode: compiler (auto-detected, use -Djmh.blackhole.autoDetect=false to disable)
# Warmup: 5 iterations, 1 s each
# Measurement: 10 iterations, 1 s each
# Timeout: 10 min per iteration
# Threads: 1 thread, will synchronize iterations
# Benchmark mode: Throughput, ops/time
# Benchmark: de.splatgames.aether.datafixers.benchmarks.format.YamlBenchmark.snakeYamlFieldRead
# Parameters: (payloadSize = LARGE)

# Run progress: 43.98% complete, ETA 01:12:56
# Fork: 1 of 3
# Warmup Iteration   1: 105.893 ops/us
# Warmup Iteration   2: 107.216 ops/us
# Warmup Iteration   3: 117.641 ops/us
# Warmup Iteration   4: 114.444 ops/us
# Warmup Iteration   5: 115.945 ops/us
Iteration   1: 116.977 ops/us
Iteration   2: 117.251 ops/us
Iteration   3: 117.697 ops/us
Iteration   4: 117.513 ops/us
Iteration   5: 116.238 ops/us
Iteration   6: 117.096 ops/us
Iteration   7: 116.356 ops/us
Iteration   8: 115.887 ops/us
Iteration   9: 113.852 ops/us
Iteration  10: 116.138 ops/us

# Run progress: 44.18% complete, ETA 01:12:41
# Fork: 2 of 3
# Warmup Iteration   1: 105.063 ops/us
# Warmup Iteration   2: 103.232 ops/us
# Warmup Iteration   3: 116.576 ops/us
# Warmup Iteration   4: 116.832 ops/us
# Warmup Iteration   5: 117.172 ops/us
Iteration   1: 115.899 ops/us
Iteration   2: 115.538 ops/us
Iteration   3: 114.063 ops/us
Iteration   4: 117.153 ops/us
Iteration   5: 117.339 ops/us
Iteration   6: 117.586 ops/us
Iteration   7: 116.331 ops/us
Iteration   8: 117.597 ops/us
Iteration   9: 117.845 ops/us
Iteration  10: 115.962 ops/us

# Run progress: 44.38% complete, ETA 01:12:25
# Fork: 3 of 3
# Warmup Iteration   1: 106.043 ops/us
# Warmup Iteration   2: 107.806 ops/us
# Warmup Iteration   3: 111.829 ops/us
# Warmup Iteration   4: 117.221 ops/us
# Warmup Iteration   5: 115.916 ops/us
Iteration   1: 115.747 ops/us
Iteration   2: 115.842 ops/us
Iteration   3: 116.880 ops/us
Iteration   4: 115.496 ops/us
Iteration   5: 116.495 ops/us
Iteration   6: 115.569 ops/us
Iteration   7: 111.543 ops/us
Iteration   8: 111.695 ops/us
Iteration   9: 117.687 ops/us
Iteration  10: 116.552 ops/us


Result "de.splatgames.aether.datafixers.benchmarks.format.YamlBenchmark.snakeYamlFieldRead":
  116.127 ±(99.9%) 1.053 ops/us [Average]
  (min, avg, max) = (111.543, 116.127, 117.845), stdev = 1.576
  CI (99.9%): [115.075, 117.180] (assumes normal distribution)


# JMH version: 1.37
# VM version: JDK 17.0.18, OpenJDK 64-Bit Server VM, 17.0.18+8-Ubuntu-122.04.1
# VM invoker: /usr/lib/jvm/java-17-openjdk-amd64/bin/java
# VM options: -Xms4G -Xmx4G -XX:+UseG1GC -XX:+AlwaysPreTouch
# Blackhole mode: compiler (auto-detected, use -Djmh.blackhole.autoDetect=false to disable)
# Warmup: 5 iterations, 1 s each
# Measurement: 10 iterations, 1 s each
# Timeout: 10 min per iteration
# Threads: 1 thread, will synchronize iterations
# Benchmark mode: Throughput, ops/time
# Benchmark: de.splatgames.aether.datafixers.benchmarks.format.YamlBenchmark.snakeYamlFieldSet
# Parameters: (payloadSize = SMALL)

# Run progress: 44.58% complete, ETA 01:12:09
# Fork: 1 of 3
# Warmup Iteration   1: 5.365 ops/us
# Warmup Iteration   2: 5.579 ops/us
# Warmup Iteration   3: 5.583 ops/us
# Warmup Iteration   4: 5.599 ops/us
# Warmup Iteration   5: 5.573 ops/us
Iteration   1: 5.532 ops/us
Iteration   2: 5.516 ops/us
Iteration   3: 5.409 ops/us
Iteration   4: 5.589 ops/us
Iteration   5: 5.587 ops/us
Iteration   6: 5.586 ops/us
Iteration   7: 5.665 ops/us
Iteration   8: 5.623 ops/us
Iteration   9: 5.646 ops/us
Iteration  10: 5.611 ops/us

# Run progress: 44.78% complete, ETA 01:11:54
# Fork: 2 of 3
# Warmup Iteration   1: 5.212 ops/us
# Warmup Iteration   2: 5.578 ops/us
# Warmup Iteration   3: 5.429 ops/us
# Warmup Iteration   4: 5.601 ops/us
# Warmup Iteration   5: 5.545 ops/us
Iteration   1: 5.514 ops/us
Iteration   2: 5.577 ops/us
Iteration   3: 5.596 ops/us
Iteration   4: 5.589 ops/us
Iteration   5: 5.615 ops/us
Iteration   6: 5.515 ops/us
Iteration   7: 5.573 ops/us
Iteration   8: 5.628 ops/us
Iteration   9: 5.620 ops/us
Iteration  10: 5.588 ops/us

# Run progress: 44.98% complete, ETA 01:11:38
# Fork: 3 of 3
# Warmup Iteration   1: 5.363 ops/us
# Warmup Iteration   2: 5.558 ops/us
# Warmup Iteration   3: 5.649 ops/us
# Warmup Iteration   4: 5.681 ops/us
# Warmup Iteration   5: 5.623 ops/us
Iteration   1: 5.558 ops/us
Iteration   2: 5.650 ops/us
Iteration   3: 5.649 ops/us
Iteration   4: 5.657 ops/us
Iteration   5: 5.602 ops/us
Iteration   6: 5.662 ops/us
Iteration   7: 5.576 ops/us
Iteration   8: 5.658 ops/us
Iteration   9: 5.690 ops/us
Iteration  10: 5.636 ops/us


Result "de.splatgames.aether.datafixers.benchmarks.format.YamlBenchmark.snakeYamlFieldSet":
  5.597 ±(99.9%) 0.039 ops/us [Average]
  (min, avg, max) = (5.409, 5.597, 5.690), stdev = 0.059
  CI (99.9%): [5.558, 5.636] (assumes normal distribution)


# JMH version: 1.37
# VM version: JDK 17.0.18, OpenJDK 64-Bit Server VM, 17.0.18+8-Ubuntu-122.04.1
# VM invoker: /usr/lib/jvm/java-17-openjdk-amd64/bin/java
# VM options: -Xms4G -Xmx4G -XX:+UseG1GC -XX:+AlwaysPreTouch
# Blackhole mode: compiler (auto-detected, use -Djmh.blackhole.autoDetect=false to disable)
# Warmup: 5 iterations, 1 s each
# Measurement: 10 iterations, 1 s each
# Timeout: 10 min per iteration
# Threads: 1 thread, will synchronize iterations
# Benchmark mode: Throughput, ops/time
# Benchmark: de.splatgames.aether.datafixers.benchmarks.format.YamlBenchmark.snakeYamlFieldSet
# Parameters: (payloadSize = MEDIUM)

# Run progress: 45.18% complete, ETA 01:11:22
# Fork: 1 of 3
# Warmup Iteration   1: 1.291 ops/us
# Warmup Iteration   2: 1.329 ops/us
# Warmup Iteration   3: 1.326 ops/us
# Warmup Iteration   4: 1.328 ops/us
# Warmup Iteration   5: 1.329 ops/us
Iteration   1: 1.318 ops/us
Iteration   2: 1.305 ops/us
Iteration   3: 1.322 ops/us
Iteration   4: 1.325 ops/us
Iteration   5: 1.282 ops/us
Iteration   6: 1.322 ops/us
Iteration   7: 1.330 ops/us
Iteration   8: 1.336 ops/us
Iteration   9: 1.330 ops/us
Iteration  10: 1.328 ops/us

# Run progress: 45.38% complete, ETA 01:11:07
# Fork: 2 of 3
# Warmup Iteration   1: 1.074 ops/us
# Warmup Iteration   2: 1.175 ops/us
# Warmup Iteration   3: 1.160 ops/us
# Warmup Iteration   4: 1.155 ops/us
# Warmup Iteration   5: 1.150 ops/us
Iteration   1: 1.116 ops/us
Iteration   2: 1.146 ops/us
Iteration   3: 1.174 ops/us
Iteration   4: 1.180 ops/us
Iteration   5: 1.186 ops/us
Iteration   6: 1.169 ops/us
Iteration   7: 1.182 ops/us
Iteration   8: 1.181 ops/us
Iteration   9: 1.162 ops/us
Iteration  10: 1.171 ops/us

# Run progress: 45.58% complete, ETA 01:10:51
# Fork: 3 of 3
# Warmup Iteration   1: 1.148 ops/us
# Warmup Iteration   2: 1.178 ops/us
# Warmup Iteration   3: 1.173 ops/us
# Warmup Iteration   4: 1.184 ops/us
# Warmup Iteration   5: 1.187 ops/us
Iteration   1: 1.173 ops/us
Iteration   2: 1.089 ops/us
Iteration   3: 1.096 ops/us
Iteration   4: 1.124 ops/us
Iteration   5: 1.090 ops/us
Iteration   6: 1.125 ops/us
Iteration   7: 1.101 ops/us
Iteration   8: 1.147 ops/us
Iteration   9: 1.166 ops/us
Iteration  10: 1.169 ops/us


Result "de.splatgames.aether.datafixers.benchmarks.format.YamlBenchmark.snakeYamlFieldSet":
  1.205 ±(99.9%) 0.059 ops/us [Average]
  (min, avg, max) = (1.089, 1.205, 1.336), stdev = 0.088
  CI (99.9%): [1.146, 1.263] (assumes normal distribution)


# JMH version: 1.37
# VM version: JDK 17.0.18, OpenJDK 64-Bit Server VM, 17.0.18+8-Ubuntu-122.04.1
# VM invoker: /usr/lib/jvm/java-17-openjdk-amd64/bin/java
# VM options: -Xms4G -Xmx4G -XX:+UseG1GC -XX:+AlwaysPreTouch
# Blackhole mode: compiler (auto-detected, use -Djmh.blackhole.autoDetect=false to disable)
# Warmup: 5 iterations, 1 s each
# Measurement: 10 iterations, 1 s each
# Timeout: 10 min per iteration
# Threads: 1 thread, will synchronize iterations
# Benchmark mode: Throughput, ops/time
# Benchmark: de.splatgames.aether.datafixers.benchmarks.format.YamlBenchmark.snakeYamlFieldSet
# Parameters: (payloadSize = LARGE)

# Run progress: 45.78% complete, ETA 01:10:35
# Fork: 1 of 3
# Warmup Iteration   1: 0.512 ops/us
# Warmup Iteration   2: 0.523 ops/us
# Warmup Iteration   3: 0.518 ops/us
# Warmup Iteration   4: 0.523 ops/us
# Warmup Iteration   5: 0.525 ops/us
Iteration   1: 0.523 ops/us
Iteration   2: 0.525 ops/us
Iteration   3: 0.527 ops/us
Iteration   4: 0.528 ops/us
Iteration   5: 0.524 ops/us
Iteration   6: 0.527 ops/us
Iteration   7: 0.525 ops/us
Iteration   8: 0.513 ops/us
Iteration   9: 0.526 ops/us
Iteration  10: 0.525 ops/us

# Run progress: 45.98% complete, ETA 01:10:19
# Fork: 2 of 3
# Warmup Iteration   1: 0.513 ops/us
# Warmup Iteration   2: 0.530 ops/us
# Warmup Iteration   3: 0.532 ops/us
# Warmup Iteration   4: 0.527 ops/us
# Warmup Iteration   5: 0.520 ops/us
Iteration   1: 0.532 ops/us
Iteration   2: 0.520 ops/us
Iteration   3: 0.525 ops/us
Iteration   4: 0.533 ops/us
Iteration   5: 0.536 ops/us
Iteration   6: 0.529 ops/us
Iteration   7: 0.533 ops/us
Iteration   8: 0.532 ops/us
Iteration   9: 0.528 ops/us
Iteration  10: 0.535 ops/us

# Run progress: 46.18% complete, ETA 01:10:04
# Fork: 3 of 3
# Warmup Iteration   1: 0.507 ops/us
# Warmup Iteration   2: 0.516 ops/us
# Warmup Iteration   3: 0.512 ops/us
# Warmup Iteration   4: 0.509 ops/us
# Warmup Iteration   5: 0.515 ops/us
Iteration   1: 0.515 ops/us
Iteration   2: 0.525 ops/us
Iteration   3: 0.520 ops/us
Iteration   4: 0.519 ops/us
Iteration   5: 0.523 ops/us
Iteration   6: 0.515 ops/us
Iteration   7: 0.513 ops/us
Iteration   8: 0.521 ops/us
Iteration   9: 0.521 ops/us
Iteration  10: 0.523 ops/us


Result "de.splatgames.aether.datafixers.benchmarks.format.YamlBenchmark.snakeYamlFieldSet":
  0.525 ±(99.9%) 0.004 ops/us [Average]
  (min, avg, max) = (0.513, 0.525, 0.536), stdev = 0.006
  CI (99.9%): [0.521, 0.529] (assumes normal distribution)


# JMH version: 1.37
# VM version: JDK 17.0.18, OpenJDK 64-Bit Server VM, 17.0.18+8-Ubuntu-122.04.1
# VM invoker: /usr/lib/jvm/java-17-openjdk-amd64/bin/java
# VM options: -Xms4G -Xmx4G -XX:+UseG1GC -XX:+AlwaysPreTouch
# Blackhole mode: compiler (auto-detected, use -Djmh.blackhole.autoDetect=false to disable)
# Warmup: 5 iterations, 1 s each
# Measurement: 10 iterations, 1 s each
# Timeout: 10 min per iteration
# Threads: 1 thread, will synchronize iterations
# Benchmark mode: Throughput, ops/time
# Benchmark: de.splatgames.aether.datafixers.benchmarks.format.YamlBenchmark.snakeYamlGenerate
# Parameters: (payloadSize = SMALL)

# Run progress: 46.39% complete, ETA 01:09:48
# Fork: 1 of 3
# Warmup Iteration   1: 0.094 ops/us
# Warmup Iteration   2: 0.107 ops/us
# Warmup Iteration   3: 0.106 ops/us
# Warmup Iteration   4: 0.106 ops/us
# Warmup Iteration   5: 0.106 ops/us
Iteration   1: 0.105 ops/us
Iteration   2: 0.107 ops/us
Iteration   3: 0.107 ops/us
Iteration   4: 0.106 ops/us
Iteration   5: 0.107 ops/us
Iteration   6: 0.108 ops/us
Iteration   7: 0.108 ops/us
Iteration   8: 0.107 ops/us
Iteration   9: 0.108 ops/us
Iteration  10: 0.107 ops/us

# Run progress: 46.59% complete, ETA 01:09:32
# Fork: 2 of 3
# Warmup Iteration   1: 0.094 ops/us
# Warmup Iteration   2: 0.106 ops/us
# Warmup Iteration   3: 0.107 ops/us
# Warmup Iteration   4: 0.106 ops/us
# Warmup Iteration   5: 0.107 ops/us
Iteration   1: 0.107 ops/us
Iteration   2: 0.107 ops/us
Iteration   3: 0.107 ops/us
Iteration   4: 0.107 ops/us
Iteration   5: 0.106 ops/us
Iteration   6: 0.107 ops/us
Iteration   7: 0.108 ops/us
Iteration   8: 0.108 ops/us
Iteration   9: 0.107 ops/us
Iteration  10: 0.107 ops/us

# Run progress: 46.79% complete, ETA 01:09:17
# Fork: 3 of 3
# Warmup Iteration   1: 0.095 ops/us
# Warmup Iteration   2: 0.108 ops/us
# Warmup Iteration   3: 0.108 ops/us
# Warmup Iteration   4: 0.104 ops/us
# Warmup Iteration   5: 0.106 ops/us
Iteration   1: 0.108 ops/us
Iteration   2: 0.107 ops/us
Iteration   3: 0.108 ops/us
Iteration   4: 0.108 ops/us
Iteration   5: 0.108 ops/us
Iteration   6: 0.109 ops/us
Iteration   7: 0.109 ops/us
Iteration   8: 0.107 ops/us
Iteration   9: 0.108 ops/us
Iteration  10: 0.107 ops/us


Result "de.splatgames.aether.datafixers.benchmarks.format.YamlBenchmark.snakeYamlGenerate":
  0.107 ±(99.9%) 0.001 ops/us [Average]
  (min, avg, max) = (0.105, 0.107, 0.109), stdev = 0.001
  CI (99.9%): [0.107, 0.108] (assumes normal distribution)


# JMH version: 1.37
# VM version: JDK 17.0.18, OpenJDK 64-Bit Server VM, 17.0.18+8-Ubuntu-122.04.1
# VM invoker: /usr/lib/jvm/java-17-openjdk-amd64/bin/java
# VM options: -Xms4G -Xmx4G -XX:+UseG1GC -XX:+AlwaysPreTouch
# Blackhole mode: compiler (auto-detected, use -Djmh.blackhole.autoDetect=false to disable)
# Warmup: 5 iterations, 1 s each
# Measurement: 10 iterations, 1 s each
# Timeout: 10 min per iteration
# Threads: 1 thread, will synchronize iterations
# Benchmark mode: Throughput, ops/time
# Benchmark: de.splatgames.aether.datafixers.benchmarks.format.YamlBenchmark.snakeYamlGenerate
# Parameters: (payloadSize = MEDIUM)

# Run progress: 46.99% complete, ETA 01:09:01
# Fork: 1 of 3
# Warmup Iteration   1: 0.011 ops/us
# Warmup Iteration   2: 0.012 ops/us
# Warmup Iteration   3: 0.012 ops/us
# Warmup Iteration   4: 0.012 ops/us
# Warmup Iteration   5: 0.012 ops/us
Iteration   1: 0.012 ops/us
Iteration   2: 0.012 ops/us
Iteration   3: 0.012 ops/us
Iteration   4: 0.012 ops/us
Iteration   5: 0.012 ops/us
Iteration   6: 0.012 ops/us
Iteration   7: 0.012 ops/us
Iteration   8: 0.012 ops/us
Iteration   9: 0.012 ops/us
Iteration  10: 0.012 ops/us

# Run progress: 47.19% complete, ETA 01:08:45
# Fork: 2 of 3
# Warmup Iteration   1: 0.011 ops/us
# Warmup Iteration   2: 0.012 ops/us
# Warmup Iteration   3: 0.012 ops/us
# Warmup Iteration   4: 0.012 ops/us
# Warmup Iteration   5: 0.012 ops/us
Iteration   1: 0.012 ops/us
Iteration   2: 0.012 ops/us
Iteration   3: 0.012 ops/us
Iteration   4: 0.012 ops/us
Iteration   5: 0.012 ops/us
Iteration   6: 0.012 ops/us
Iteration   7: 0.012 ops/us
Iteration   8: 0.012 ops/us
Iteration   9: 0.012 ops/us
Iteration  10: 0.012 ops/us

# Run progress: 47.39% complete, ETA 01:08:30
# Fork: 3 of 3
# Warmup Iteration   1: 0.011 ops/us
# Warmup Iteration   2: 0.012 ops/us
# Warmup Iteration   3: 0.012 ops/us
# Warmup Iteration   4: 0.012 ops/us
# Warmup Iteration   5: 0.012 ops/us
Iteration   1: 0.012 ops/us
Iteration   2: 0.012 ops/us
Iteration   3: 0.012 ops/us
Iteration   4: 0.012 ops/us
Iteration   5: 0.013 ops/us
Iteration   6: 0.012 ops/us
Iteration   7: 0.012 ops/us
Iteration   8: 0.013 ops/us
Iteration   9: 0.012 ops/us
Iteration  10: 0.012 ops/us


Result "de.splatgames.aether.datafixers.benchmarks.format.YamlBenchmark.snakeYamlGenerate":
  0.012 ±(99.9%) 0.001 ops/us [Average]
  (min, avg, max) = (0.012, 0.012, 0.013), stdev = 0.001
  CI (99.9%): [0.012, 0.012] (assumes normal distribution)


# JMH version: 1.37
# VM version: JDK 17.0.18, OpenJDK 64-Bit Server VM, 17.0.18+8-Ubuntu-122.04.1
# VM invoker: /usr/lib/jvm/java-17-openjdk-amd64/bin/java
# VM options: -Xms4G -Xmx4G -XX:+UseG1GC -XX:+AlwaysPreTouch
# Blackhole mode: compiler (auto-detected, use -Djmh.blackhole.autoDetect=false to disable)
# Warmup: 5 iterations, 1 s each
# Measurement: 10 iterations, 1 s each
# Timeout: 10 min per iteration
# Threads: 1 thread, will synchronize iterations
# Benchmark mode: Throughput, ops/time
# Benchmark: de.splatgames.aether.datafixers.benchmarks.format.YamlBenchmark.snakeYamlGenerate
# Parameters: (payloadSize = LARGE)

# Run progress: 47.59% complete, ETA 01:08:14
# Fork: 1 of 3
# Warmup Iteration   1: 0.001 ops/us
# Warmup Iteration   2: 0.001 ops/us
# Warmup Iteration   3: 0.001 ops/us
# Warmup Iteration   4: 0.001 ops/us
# Warmup Iteration   5: 0.001 ops/us
Iteration   1: 0.001 ops/us
Iteration   2: 0.001 ops/us
Iteration   3: 0.001 ops/us
Iteration   4: 0.001 ops/us
Iteration   5: 0.001 ops/us
Iteration   6: 0.001 ops/us
Iteration   7: 0.001 ops/us
Iteration   8: 0.001 ops/us
Iteration   9: 0.001 ops/us
Iteration  10: 0.001 ops/us

# Run progress: 47.79% complete, ETA 01:07:58
# Fork: 2 of 3
# Warmup Iteration   1: 0.001 ops/us
# Warmup Iteration   2: 0.001 ops/us
# Warmup Iteration   3: 0.001 ops/us
# Warmup Iteration   4: 0.001 ops/us
# Warmup Iteration   5: 0.001 ops/us
Iteration   1: 0.001 ops/us
Iteration   2: 0.001 ops/us
Iteration   3: 0.001 ops/us
Iteration   4: 0.001 ops/us
Iteration   5: 0.001 ops/us
Iteration   6: 0.001 ops/us
Iteration   7: 0.001 ops/us
Iteration   8: 0.001 ops/us
Iteration   9: 0.001 ops/us
Iteration  10: 0.001 ops/us

# Run progress: 47.99% complete, ETA 01:07:42
# Fork: 3 of 3
# Warmup Iteration   1: 0.001 ops/us
# Warmup Iteration   2: 0.001 ops/us
# Warmup Iteration   3: 0.001 ops/us
# Warmup Iteration   4: 0.001 ops/us
# Warmup Iteration   5: 0.001 ops/us
Iteration   1: 0.001 ops/us
Iteration   2: 0.001 ops/us
Iteration   3: 0.001 ops/us
Iteration   4: 0.001 ops/us
Iteration   5: 0.001 ops/us
Iteration   6: 0.001 ops/us
Iteration   7: 0.001 ops/us
Iteration   8: 0.001 ops/us
Iteration   9: 0.001 ops/us
Iteration  10: 0.001 ops/us


Result "de.splatgames.aether.datafixers.benchmarks.format.YamlBenchmark.snakeYamlGenerate":
  0.001 ±(99.9%) 0.001 ops/us [Average]
  (min, avg, max) = (0.001, 0.001, 0.001), stdev = 0.001
  CI (99.9%): [0.001, 0.001] (assumes normal distribution)


# JMH version: 1.37
# VM version: JDK 17.0.18, OpenJDK 64-Bit Server VM, 17.0.18+8-Ubuntu-122.04.1
# VM invoker: /usr/lib/jvm/java-17-openjdk-amd64/bin/java
# VM options: -Xms4G -Xmx4G -XX:+UseG1GC -XX:+AlwaysPreTouch
# Blackhole mode: compiler (auto-detected, use -Djmh.blackhole.autoDetect=false to disable)
# Warmup: 5 iterations, 1 s each
# Measurement: 10 iterations, 1 s each
# Timeout: 10 min per iteration
# Threads: 1 thread, will synchronize iterations
# Benchmark mode: Throughput, ops/time
# Benchmark: de.splatgames.aether.datafixers.benchmarks.format.YamlBenchmark.snakeYamlMigration
# Parameters: (payloadSize = SMALL)

# Run progress: 48.19% complete, ETA 01:07:27
# Fork: 1 of 3
# Warmup Iteration   1: 3.323 ops/us
# Warmup Iteration   2: 3.618 ops/us
# Warmup Iteration   3: 3.649 ops/us
# Warmup Iteration   4: 3.685 ops/us
# Warmup Iteration   5: 3.584 ops/us
Iteration   1: 3.693 ops/us
Iteration   2: 3.703 ops/us
Iteration   3: 3.692 ops/us
Iteration   4: 3.698 ops/us
Iteration   5: 3.694 ops/us
Iteration   6: 3.674 ops/us
Iteration   7: 3.678 ops/us
Iteration   8: 3.706 ops/us
Iteration   9: 3.711 ops/us
Iteration  10: 3.625 ops/us

# Run progress: 48.39% complete, ETA 01:07:11
# Fork: 2 of 3
# Warmup Iteration   1: 3.401 ops/us
# Warmup Iteration   2: 3.775 ops/us
# Warmup Iteration   3: 3.809 ops/us
# Warmup Iteration   4: 3.789 ops/us
# Warmup Iteration   5: 3.764 ops/us
Iteration   1: 3.777 ops/us
Iteration   2: 3.788 ops/us
Iteration   3: 3.802 ops/us
Iteration   4: 3.679 ops/us
Iteration   5: 3.774 ops/us
Iteration   6: 3.786 ops/us
Iteration   7: 3.639 ops/us
Iteration   8: 3.725 ops/us
Iteration   9: 3.752 ops/us
Iteration  10: 3.792 ops/us

# Run progress: 48.59% complete, ETA 01:06:55
# Fork: 3 of 3
# Warmup Iteration   1: 3.342 ops/us
# Warmup Iteration   2: 3.744 ops/us
# Warmup Iteration   3: 3.752 ops/us
# Warmup Iteration   4: 3.655 ops/us
# Warmup Iteration   5: 3.690 ops/us
Iteration   1: 3.666 ops/us
Iteration   2: 3.772 ops/us
Iteration   3: 3.727 ops/us
Iteration   4: 3.773 ops/us
Iteration   5: 3.803 ops/us
Iteration   6: 3.768 ops/us
Iteration   7: 3.789 ops/us
Iteration   8: 3.758 ops/us
Iteration   9: 3.693 ops/us
Iteration  10: 3.768 ops/us


Result "de.splatgames.aether.datafixers.benchmarks.format.YamlBenchmark.snakeYamlMigration":
  3.730 ±(99.9%) 0.034 ops/us [Average]
  (min, avg, max) = (3.625, 3.730, 3.803), stdev = 0.051
  CI (99.9%): [3.696, 3.765] (assumes normal distribution)


# JMH version: 1.37
# VM version: JDK 17.0.18, OpenJDK 64-Bit Server VM, 17.0.18+8-Ubuntu-122.04.1
# VM invoker: /usr/lib/jvm/java-17-openjdk-amd64/bin/java
# VM options: -Xms4G -Xmx4G -XX:+UseG1GC -XX:+AlwaysPreTouch
# Blackhole mode: compiler (auto-detected, use -Djmh.blackhole.autoDetect=false to disable)
# Warmup: 5 iterations, 1 s each
# Measurement: 10 iterations, 1 s each
# Timeout: 10 min per iteration
# Threads: 1 thread, will synchronize iterations
# Benchmark mode: Throughput, ops/time
# Benchmark: de.splatgames.aether.datafixers.benchmarks.format.YamlBenchmark.snakeYamlMigration
# Parameters: (payloadSize = MEDIUM)

# Run progress: 48.80% complete, ETA 01:06:40
# Fork: 1 of 3
# Warmup Iteration   1: 3.405 ops/us
# Warmup Iteration   2: 3.742 ops/us
# Warmup Iteration   3: 3.774 ops/us
# Warmup Iteration   4: 3.790 ops/us
# Warmup Iteration   5: 3.764 ops/us
Iteration   1: 3.778 ops/us
Iteration   2: 3.701 ops/us
Iteration   3: 3.740 ops/us
Iteration   4: 3.784 ops/us
Iteration   5: 3.783 ops/us
Iteration   6: 3.706 ops/us
Iteration   7: 3.752 ops/us
Iteration   8: 3.779 ops/us
Iteration   9: 3.799 ops/us
Iteration  10: 3.760 ops/us

# Run progress: 49.00% complete, ETA 01:06:24
# Fork: 2 of 3
# Warmup Iteration   1: 3.380 ops/us
# Warmup Iteration   2: 3.685 ops/us
# Warmup Iteration   3: 3.718 ops/us
# Warmup Iteration   4: 3.780 ops/us
# Warmup Iteration   5: 3.778 ops/us
Iteration   1: 3.789 ops/us
Iteration   2: 3.753 ops/us
Iteration   3: 3.741 ops/us
Iteration   4: 3.723 ops/us
Iteration   5: 3.746 ops/us
Iteration   6: 3.788 ops/us
Iteration   7: 3.635 ops/us
Iteration   8: 3.715 ops/us
Iteration   9: 3.755 ops/us
Iteration  10: 3.792 ops/us

# Run progress: 49.20% complete, ETA 01:06:08
# Fork: 3 of 3
# Warmup Iteration   1: 3.373 ops/us
# Warmup Iteration   2: 3.770 ops/us
# Warmup Iteration   3: 3.632 ops/us
# Warmup Iteration   4: 3.700 ops/us
# Warmup Iteration   5: 3.711 ops/us
Iteration   1: 3.675 ops/us
Iteration   2: 3.729 ops/us
Iteration   3: 3.702 ops/us
Iteration   4: 3.734 ops/us
Iteration   5: 3.476 ops/us
Iteration   6: 3.641 ops/us
Iteration   7: 3.734 ops/us
Iteration   8: 3.743 ops/us
Iteration   9: 3.699 ops/us
Iteration  10: 3.627 ops/us


Result "de.splatgames.aether.datafixers.benchmarks.format.YamlBenchmark.snakeYamlMigration":
  3.726 ±(99.9%) 0.044 ops/us [Average]
  (min, avg, max) = (3.476, 3.726, 3.799), stdev = 0.066
  CI (99.9%): [3.682, 3.770] (assumes normal distribution)


# JMH version: 1.37
# VM version: JDK 17.0.18, OpenJDK 64-Bit Server VM, 17.0.18+8-Ubuntu-122.04.1
# VM invoker: /usr/lib/jvm/java-17-openjdk-amd64/bin/java
# VM options: -Xms4G -Xmx4G -XX:+UseG1GC -XX:+AlwaysPreTouch
# Blackhole mode: compiler (auto-detected, use -Djmh.blackhole.autoDetect=false to disable)
# Warmup: 5 iterations, 1 s each
# Measurement: 10 iterations, 1 s each
# Timeout: 10 min per iteration
# Threads: 1 thread, will synchronize iterations
# Benchmark mode: Throughput, ops/time
# Benchmark: de.splatgames.aether.datafixers.benchmarks.format.YamlBenchmark.snakeYamlMigration
# Parameters: (payloadSize = LARGE)

# Run progress: 49.40% complete, ETA 01:05:53
# Fork: 1 of 3
# Warmup Iteration   1: 3.252 ops/us
# Warmup Iteration   2: 3.644 ops/us
# Warmup Iteration   3: 3.657 ops/us
# Warmup Iteration   4: 3.660 ops/us
# Warmup Iteration   5: 3.655 ops/us
Iteration   1: 3.664 ops/us
Iteration   2: 3.667 ops/us
Iteration   3: 3.633 ops/us
Iteration   4: 3.633 ops/us
Iteration   5: 3.647 ops/us
Iteration   6: 3.620 ops/us
Iteration   7: 3.647 ops/us
Iteration   8: 3.623 ops/us
Iteration   9: 3.630 ops/us
Iteration  10: 3.631 ops/us

# Run progress: 49.60% complete, ETA 01:05:37
# Fork: 2 of 3
# Warmup Iteration   1: 3.278 ops/us
# Warmup Iteration   2: 3.626 ops/us
# Warmup Iteration   3: 3.624 ops/us
# Warmup Iteration   4: 3.635 ops/us
# Warmup Iteration   5: 3.563 ops/us
Iteration   1: 3.629 ops/us
Iteration   2: 3.629 ops/us
Iteration   3: 3.615 ops/us
Iteration   4: 3.616 ops/us
Iteration   5: 3.622 ops/us
Iteration   6: 3.624 ops/us
Iteration   7: 3.623 ops/us
Iteration   8: 3.643 ops/us
Iteration   9: 3.648 ops/us
Iteration  10: 3.537 ops/us

# Run progress: 49.80% complete, ETA 01:05:21
# Fork: 3 of 3
# Warmup Iteration   1: 3.296 ops/us
# Warmup Iteration   2: 3.592 ops/us
# Warmup Iteration   3: 3.655 ops/us
# Warmup Iteration   4: 3.635 ops/us
# Warmup Iteration   5: 3.645 ops/us
Iteration   1: 3.666 ops/us
Iteration   2: 3.632 ops/us
Iteration   3: 3.640 ops/us
Iteration   4: 3.596 ops/us
Iteration   5: 3.630 ops/us
Iteration   6: 3.680 ops/us
Iteration   7: 3.655 ops/us
Iteration   8: 3.662 ops/us
Iteration   9: 3.675 ops/us
Iteration  10: 3.665 ops/us


Result "de.splatgames.aether.datafixers.benchmarks.format.YamlBenchmark.snakeYamlMigration":
  3.636 ±(99.9%) 0.018 ops/us [Average]
  (min, avg, max) = (3.537, 3.636, 3.680), stdev = 0.027
  CI (99.9%): [3.618, 3.654] (assumes normal distribution)


# JMH version: 1.37
# VM version: JDK 17.0.18, OpenJDK 64-Bit Server VM, 17.0.18+8-Ubuntu-122.04.1
# VM invoker: /usr/lib/jvm/java-17-openjdk-amd64/bin/java
# VM options: -Xms4G -Xmx4G -XX:+UseG1GC -XX:+AlwaysPreTouch
# Blackhole mode: compiler (auto-detected, use -Djmh.blackhole.autoDetect=false to disable)
# Warmup: 5 iterations, 1 s each
# Measurement: 10 iterations, 1 s each
# Timeout: 10 min per iteration
# Threads: 1 thread, will synchronize iterations
# Benchmark mode: Average time, time/op
# Benchmark: de.splatgames.aether.datafixers.benchmarks.format.CrossFormatBenchmark.gsonToJackson
# Parameters: (payloadSize = SMALL)

# Run progress: 50.00% complete, ETA 01:05:06
# Fork: 1 of 3
# Warmup Iteration   1: 81.486 us/op
# Warmup Iteration   2: 64.416 us/op
# Warmup Iteration   3: 61.531 us/op
# Warmup Iteration   4: 62.573 us/op
# Warmup Iteration   5: 61.170 us/op
Iteration   1: 61.758 us/op
Iteration   2: 64.555 us/op
Iteration   3: 64.762 us/op
Iteration   4: 61.457 us/op
Iteration   5: 61.595 us/op
Iteration   6: 62.251 us/op
Iteration   7: 62.352 us/op
Iteration   8: 62.185 us/op
Iteration   9: 63.107 us/op
Iteration  10: 61.742 us/op

# Run progress: 50.20% complete, ETA 01:04:50
# Fork: 2 of 3
# Warmup Iteration   1: 81.765 us/op
# Warmup Iteration   2: 61.133 us/op
# Warmup Iteration   3: 60.842 us/op
# Warmup Iteration   4: 61.329 us/op
# Warmup Iteration   5: 61.144 us/op
Iteration   1: 60.587 us/op
Iteration   2: 61.000 us/op
Iteration   3: 62.529 us/op
Iteration   4: 63.257 us/op
Iteration   5: 60.685 us/op
Iteration   6: 61.111 us/op
Iteration   7: 61.444 us/op
Iteration   8: 60.665 us/op
Iteration   9: 60.959 us/op
Iteration  10: 60.611 us/op

# Run progress: 50.40% complete, ETA 01:04:34
# Fork: 3 of 3
# Warmup Iteration   1: 81.891 us/op
# Warmup Iteration   2: 61.633 us/op
# Warmup Iteration   3: 62.501 us/op
# Warmup Iteration   4: 61.856 us/op
# Warmup Iteration   5: 61.696 us/op
Iteration   1: 63.866 us/op
Iteration   2: 61.976 us/op
Iteration   3: 61.553 us/op
Iteration   4: 60.641 us/op
Iteration   5: 61.552 us/op
Iteration   6: 61.317 us/op
Iteration   7: 62.045 us/op
Iteration   8: 61.666 us/op
Iteration   9: 60.766 us/op
Iteration  10: 61.305 us/op


Result "de.splatgames.aether.datafixers.benchmarks.format.CrossFormatBenchmark.gsonToJackson":
  61.843 ±(99.9%) 0.747 us/op [Average]
  (min, avg, max) = (60.587, 61.843, 64.762), stdev = 1.118
  CI (99.9%): [61.096, 62.590] (assumes normal distribution)


# JMH version: 1.37
# VM version: JDK 17.0.18, OpenJDK 64-Bit Server VM, 17.0.18+8-Ubuntu-122.04.1
# VM invoker: /usr/lib/jvm/java-17-openjdk-amd64/bin/java
# VM options: -Xms4G -Xmx4G -XX:+UseG1GC -XX:+AlwaysPreTouch
# Blackhole mode: compiler (auto-detected, use -Djmh.blackhole.autoDetect=false to disable)
# Warmup: 5 iterations, 1 s each
# Measurement: 10 iterations, 1 s each
# Timeout: 10 min per iteration
# Threads: 1 thread, will synchronize iterations
# Benchmark mode: Average time, time/op
# Benchmark: de.splatgames.aether.datafixers.benchmarks.format.CrossFormatBenchmark.gsonToJackson
# Parameters: (payloadSize = MEDIUM)

# Run progress: 50.60% complete, ETA 01:04:18
# Fork: 1 of 3
# Warmup Iteration   1: 612.753 us/op
# Warmup Iteration   2: 475.761 us/op
# Warmup Iteration   3: 477.339 us/op
# Warmup Iteration   4: 475.475 us/op
# Warmup Iteration   5: 478.699 us/op
Iteration   1: 478.694 us/op
Iteration   2: 482.914 us/op
Iteration   3: 472.078 us/op
Iteration   4: 474.750 us/op
Iteration   5: 475.129 us/op
Iteration   6: 473.015 us/op
Iteration   7: 477.999 us/op
Iteration   8: 476.840 us/op
Iteration   9: 471.958 us/op
Iteration  10: 474.859 us/op

# Run progress: 50.80% complete, ETA 01:04:03
# Fork: 2 of 3
# Warmup Iteration   1: 621.132 us/op
# Warmup Iteration   2: 477.745 us/op
# Warmup Iteration   3: 474.964 us/op
# Warmup Iteration   4: 483.667 us/op
# Warmup Iteration   5: 514.316 us/op
Iteration   1: 482.325 us/op
Iteration   2: 477.323 us/op
Iteration   3: 476.084 us/op
Iteration   4: 478.650 us/op
Iteration   5: 477.981 us/op
Iteration   6: 487.826 us/op
Iteration   7: 474.446 us/op
Iteration   8: 473.959 us/op
Iteration   9: 482.967 us/op
Iteration  10: 472.856 us/op

# Run progress: 51.00% complete, ETA 01:03:47
# Fork: 3 of 3
# Warmup Iteration   1: 615.120 us/op
# Warmup Iteration   2: 481.171 us/op
# Warmup Iteration   3: 478.003 us/op
# Warmup Iteration   4: 474.069 us/op
# Warmup Iteration   5: 485.960 us/op
Iteration   1: 483.114 us/op
Iteration   2: 476.008 us/op
Iteration   3: 475.506 us/op
Iteration   4: 478.742 us/op
Iteration   5: 476.495 us/op
Iteration   6: 475.944 us/op
Iteration   7: 472.970 us/op
Iteration   8: 481.612 us/op
Iteration   9: 475.440 us/op
Iteration  10: 483.264 us/op


Result "de.splatgames.aether.datafixers.benchmarks.format.CrossFormatBenchmark.gsonToJackson":
  477.392 ±(99.9%) 2.649 us/op [Average]
  (min, avg, max) = (471.958, 477.392, 487.826), stdev = 3.965
  CI (99.9%): [474.743, 480.040] (assumes normal distribution)


# JMH version: 1.37
# VM version: JDK 17.0.18, OpenJDK 64-Bit Server VM, 17.0.18+8-Ubuntu-122.04.1
# VM invoker: /usr/lib/jvm/java-17-openjdk-amd64/bin/java
# VM options: -Xms4G -Xmx4G -XX:+UseG1GC -XX:+AlwaysPreTouch
# Blackhole mode: compiler (auto-detected, use -Djmh.blackhole.autoDetect=false to disable)
# Warmup: 5 iterations, 1 s each
# Measurement: 10 iterations, 1 s each
# Timeout: 10 min per iteration
# Threads: 1 thread, will synchronize iterations
# Benchmark mode: Average time, time/op
# Benchmark: de.splatgames.aether.datafixers.benchmarks.format.CrossFormatBenchmark.gsonToSnakeYaml
# Parameters: (payloadSize = SMALL)

# Run progress: 51.20% complete, ETA 01:03:31
# Fork: 1 of 3
# Warmup Iteration   1: 81.786 us/op
# Warmup Iteration   2: 61.365 us/op
# Warmup Iteration   3: 61.506 us/op
# Warmup Iteration   4: 60.915 us/op
# Warmup Iteration   5: 62.070 us/op
Iteration   1: 60.606 us/op
Iteration   2: 61.142 us/op
Iteration   3: 61.587 us/op
Iteration   4: 62.134 us/op
Iteration   5: 61.011 us/op
Iteration   6: 60.925 us/op
Iteration   7: 61.284 us/op
Iteration   8: 60.598 us/op
Iteration   9: 60.422 us/op
Iteration  10: 60.480 us/op

# Run progress: 51.41% complete, ETA 01:03:16
# Fork: 2 of 3
# Warmup Iteration   1: 79.827 us/op
# Warmup Iteration   2: 61.007 us/op
# Warmup Iteration   3: 60.664 us/op
# Warmup Iteration   4: 61.493 us/op
# Warmup Iteration   5: 61.775 us/op
Iteration   1: 61.223 us/op
Iteration   2: 61.466 us/op
Iteration   3: 60.657 us/op
Iteration   4: 60.388 us/op
Iteration   5: 59.904 us/op
Iteration   6: 59.779 us/op
Iteration   7: 60.441 us/op
Iteration   8: 60.619 us/op
Iteration   9: 61.596 us/op
Iteration  10: 60.401 us/op

# Run progress: 51.61% complete, ETA 01:03:00
# Fork: 3 of 3
# Warmup Iteration   1: 81.941 us/op
# Warmup Iteration   2: 62.326 us/op
# Warmup Iteration   3: 66.457 us/op
# Warmup Iteration   4: 61.463 us/op
# Warmup Iteration   5: 60.835 us/op
Iteration   1: 60.826 us/op
Iteration   2: 61.092 us/op
Iteration   3: 61.664 us/op
Iteration   4: 62.281 us/op
Iteration   5: 61.224 us/op
Iteration   6: 61.361 us/op
Iteration   7: 61.520 us/op
Iteration   8: 61.220 us/op
Iteration   9: 61.317 us/op
Iteration  10: 61.321 us/op


Result "de.splatgames.aether.datafixers.benchmarks.format.CrossFormatBenchmark.gsonToSnakeYaml":
  61.016 ±(99.9%) 0.394 us/op [Average]
  (min, avg, max) = (59.779, 61.016, 62.281), stdev = 0.590
  CI (99.9%): [60.622, 61.411] (assumes normal distribution)


# JMH version: 1.37
# VM version: JDK 17.0.18, OpenJDK 64-Bit Server VM, 17.0.18+8-Ubuntu-122.04.1
# VM invoker: /usr/lib/jvm/java-17-openjdk-amd64/bin/java
# VM options: -Xms4G -Xmx4G -XX:+UseG1GC -XX:+AlwaysPreTouch
# Blackhole mode: compiler (auto-detected, use -Djmh.blackhole.autoDetect=false to disable)
# Warmup: 5 iterations, 1 s each
# Measurement: 10 iterations, 1 s each
# Timeout: 10 min per iteration
# Threads: 1 thread, will synchronize iterations
# Benchmark mode: Average time, time/op
# Benchmark: de.splatgames.aether.datafixers.benchmarks.format.CrossFormatBenchmark.gsonToSnakeYaml
# Parameters: (payloadSize = MEDIUM)

# Run progress: 51.81% complete, ETA 01:02:44
# Fork: 1 of 3
# Warmup Iteration   1: 612.371 us/op
# Warmup Iteration   2: 477.769 us/op
# Warmup Iteration   3: 489.056 us/op
# Warmup Iteration   4: 475.464 us/op
# Warmup Iteration   5: 475.331 us/op
Iteration   1: 478.657 us/op
Iteration   2: 472.596 us/op
Iteration   3: 477.426 us/op
Iteration   4: 475.774 us/op
Iteration   5: 473.821 us/op
Iteration   6: 475.781 us/op
Iteration   7: 477.839 us/op
Iteration   8: 479.812 us/op
Iteration   9: 473.744 us/op
Iteration  10: 470.876 us/op

# Run progress: 52.01% complete, ETA 01:02:29
# Fork: 2 of 3
# Warmup Iteration   1: 615.221 us/op
# Warmup Iteration   2: 479.461 us/op
# Warmup Iteration   3: 481.254 us/op
# Warmup Iteration   4: 477.805 us/op
# Warmup Iteration   5: 483.734 us/op
Iteration   1: 478.173 us/op
Iteration   2: 491.758 us/op
Iteration   3: 477.763 us/op
Iteration   4: 474.821 us/op
Iteration   5: 480.178 us/op
Iteration   6: 473.830 us/op
Iteration   7: 473.881 us/op
Iteration   8: 474.841 us/op
Iteration   9: 478.937 us/op
Iteration  10: 479.605 us/op

# Run progress: 52.21% complete, ETA 01:02:13
# Fork: 3 of 3
# Warmup Iteration   1: 619.965 us/op
# Warmup Iteration   2: 474.329 us/op
# Warmup Iteration   3: 470.926 us/op
# Warmup Iteration   4: 469.349 us/op
# Warmup Iteration   5: 472.513 us/op
Iteration   1: 472.313 us/op
Iteration   2: 476.859 us/op
Iteration   3: 473.264 us/op
Iteration   4: 476.442 us/op
Iteration   5: 479.895 us/op
Iteration   6: 485.871 us/op
Iteration   7: 475.001 us/op
Iteration   8: 472.131 us/op
Iteration   9: 477.223 us/op
Iteration  10: 481.878 us/op


Result "de.splatgames.aether.datafixers.benchmarks.format.CrossFormatBenchmark.gsonToSnakeYaml":
  477.033 ±(99.9%) 2.874 us/op [Average]
  (min, avg, max) = (470.876, 477.033, 491.758), stdev = 4.301
  CI (99.9%): [474.159, 479.907] (assumes normal distribution)


# JMH version: 1.37
# VM version: JDK 17.0.18, OpenJDK 64-Bit Server VM, 17.0.18+8-Ubuntu-122.04.1
# VM invoker: /usr/lib/jvm/java-17-openjdk-amd64/bin/java
# VM options: -Xms4G -Xmx4G -XX:+UseG1GC -XX:+AlwaysPreTouch
# Blackhole mode: compiler (auto-detected, use -Djmh.blackhole.autoDetect=false to disable)
# Warmup: 5 iterations, 1 s each
# Measurement: 10 iterations, 1 s each
# Timeout: 10 min per iteration
# Threads: 1 thread, will synchronize iterations
# Benchmark mode: Average time, time/op
# Benchmark: de.splatgames.aether.datafixers.benchmarks.format.CrossFormatBenchmark.jacksonJsonToYaml
# Parameters: (payloadSize = SMALL)

# Run progress: 52.41% complete, ETA 01:01:57
# Fork: 1 of 3
# Warmup Iteration   1: 96.127 us/op
# Warmup Iteration   2: 62.379 us/op
# Warmup Iteration   3: 61.423 us/op
# Warmup Iteration   4: 60.722 us/op
# Warmup Iteration   5: 61.696 us/op
Iteration   1: 61.318 us/op
Iteration   2: 60.758 us/op
Iteration   3: 60.946 us/op
Iteration   4: 60.652 us/op
Iteration   5: 60.476 us/op
Iteration   6: 60.093 us/op
Iteration   7: 60.240 us/op
Iteration   8: 61.007 us/op
Iteration   9: 60.858 us/op
Iteration  10: 60.763 us/op

# Run progress: 52.61% complete, ETA 01:01:42
# Fork: 2 of 3
# Warmup Iteration   1: 81.939 us/op
# Warmup Iteration   2: 57.814 us/op
# Warmup Iteration   3: 58.240 us/op
# Warmup Iteration   4: 57.459 us/op
# Warmup Iteration   5: 57.892 us/op
Iteration   1: 58.785 us/op
Iteration   2: 57.797 us/op
Iteration   3: 57.841 us/op
Iteration   4: 57.700 us/op
Iteration   5: 58.876 us/op
Iteration   6: 57.540 us/op
Iteration   7: 57.387 us/op
Iteration   8: 57.257 us/op
Iteration   9: 57.576 us/op
Iteration  10: 57.711 us/op

# Run progress: 52.81% complete, ETA 01:01:26
# Fork: 3 of 3
# Warmup Iteration   1: 82.558 us/op
# Warmup Iteration   2: 59.051 us/op
# Warmup Iteration   3: 58.899 us/op
# Warmup Iteration   4: 60.138 us/op
# Warmup Iteration   5: 58.408 us/op
Iteration   1: 58.208 us/op
Iteration   2: 60.822 us/op
Iteration   3: 58.708 us/op
Iteration   4: 58.778 us/op
Iteration   5: 58.798 us/op
Iteration   6: 58.934 us/op
Iteration   7: 58.728 us/op
Iteration   8: 58.673 us/op
Iteration   9: 58.674 us/op
Iteration  10: 59.171 us/op


Result "de.splatgames.aether.datafixers.benchmarks.format.CrossFormatBenchmark.jacksonJsonToYaml":
  59.169 ±(99.9%) 0.878 us/op [Average]
  (min, avg, max) = (57.257, 59.169, 61.318), stdev = 1.314
  CI (99.9%): [58.291, 60.047] (assumes normal distribution)


# JMH version: 1.37
# VM version: JDK 17.0.18, OpenJDK 64-Bit Server VM, 17.0.18+8-Ubuntu-122.04.1
# VM invoker: /usr/lib/jvm/java-17-openjdk-amd64/bin/java
# VM options: -Xms4G -Xmx4G -XX:+UseG1GC -XX:+AlwaysPreTouch
# Blackhole mode: compiler (auto-detected, use -Djmh.blackhole.autoDetect=false to disable)
# Warmup: 5 iterations, 1 s each
# Measurement: 10 iterations, 1 s each
# Timeout: 10 min per iteration
# Threads: 1 thread, will synchronize iterations
# Benchmark mode: Average time, time/op
# Benchmark: de.splatgames.aether.datafixers.benchmarks.format.CrossFormatBenchmark.jacksonJsonToYaml
# Parameters: (payloadSize = MEDIUM)

# Run progress: 53.01% complete, ETA 01:01:10
# Fork: 1 of 3
# Warmup Iteration   1: 550.435 us/op
# Warmup Iteration   2: 440.921 us/op
# Warmup Iteration   3: 434.675 us/op
# Warmup Iteration   4: 433.887 us/op
# Warmup Iteration   5: 441.334 us/op
Iteration   1: 432.598 us/op
Iteration   2: 435.184 us/op
Iteration   3: 437.159 us/op
Iteration   4: 433.633 us/op
Iteration   5: 431.752 us/op
Iteration   6: 432.920 us/op
Iteration   7: 437.603 us/op
Iteration   8: 436.009 us/op
Iteration   9: 465.090 us/op
Iteration  10: 438.958 us/op

# Run progress: 53.21% complete, ETA 01:00:54
# Fork: 2 of 3
# Warmup Iteration   1: 551.304 us/op
# Warmup Iteration   2: 438.626 us/op
# Warmup Iteration   3: 437.701 us/op
# Warmup Iteration   4: 440.647 us/op
# Warmup Iteration   5: 433.371 us/op
Iteration   1: 437.309 us/op
Iteration   2: 431.871 us/op
Iteration   3: 435.349 us/op
Iteration   4: 436.492 us/op
Iteration   5: 432.272 us/op
Iteration   6: 430.230 us/op
Iteration   7: 434.587 us/op
Iteration   8: 456.260 us/op
Iteration   9: 430.963 us/op
Iteration  10: 430.232 us/op

# Run progress: 53.41% complete, ETA 01:00:39
# Fork: 3 of 3
# Warmup Iteration   1: 576.982 us/op
# Warmup Iteration   2: 432.930 us/op
# Warmup Iteration   3: 434.970 us/op
# Warmup Iteration   4: 430.516 us/op
# Warmup Iteration   5: 433.644 us/op
Iteration   1: 433.075 us/op
Iteration   2: 448.393 us/op
Iteration   3: 436.194 us/op
Iteration   4: 434.541 us/op
Iteration   5: 433.350 us/op
Iteration   6: 449.496 us/op
Iteration   7: 435.753 us/op
Iteration   8: 432.976 us/op
Iteration   9: 430.501 us/op
Iteration  10: 435.650 us/op


Result "de.splatgames.aether.datafixers.benchmarks.format.CrossFormatBenchmark.jacksonJsonToYaml":
  436.880 ±(99.9%) 5.281 us/op [Average]
  (min, avg, max) = (430.230, 436.880, 465.090), stdev = 7.904
  CI (99.9%): [431.599, 442.161] (assumes normal distribution)


# JMH version: 1.37
# VM version: JDK 17.0.18, OpenJDK 64-Bit Server VM, 17.0.18+8-Ubuntu-122.04.1
# VM invoker: /usr/lib/jvm/java-17-openjdk-amd64/bin/java
# VM options: -Xms4G -Xmx4G -XX:+UseG1GC -XX:+AlwaysPreTouch
# Blackhole mode: compiler (auto-detected, use -Djmh.blackhole.autoDetect=false to disable)
# Warmup: 5 iterations, 1 s each
# Measurement: 10 iterations, 1 s each
# Timeout: 10 min per iteration
# Threads: 1 thread, will synchronize iterations
# Benchmark mode: Average time, time/op
# Benchmark: de.splatgames.aether.datafixers.benchmarks.format.CrossFormatBenchmark.jacksonToGson
# Parameters: (payloadSize = SMALL)

# Run progress: 53.61% complete, ETA 01:00:23
# Fork: 1 of 3
# Warmup Iteration   1: 90.362 us/op
# Warmup Iteration   2: 60.515 us/op
# Warmup Iteration   3: 59.274 us/op
# Warmup Iteration   4: 59.249 us/op
# Warmup Iteration   5: 60.455 us/op
Iteration   1: 58.888 us/op
Iteration   2: 59.368 us/op
Iteration   3: 59.454 us/op
Iteration   4: 59.076 us/op
Iteration   5: 58.581 us/op
Iteration   6: 58.358 us/op
Iteration   7: 60.379 us/op
Iteration   8: 58.090 us/op
Iteration   9: 58.610 us/op
Iteration  10: 58.868 us/op

# Run progress: 53.82% complete, ETA 01:00:07
# Fork: 2 of 3
# Warmup Iteration   1: 85.497 us/op
# Warmup Iteration   2: 59.070 us/op
# Warmup Iteration   3: 58.861 us/op
# Warmup Iteration   4: 59.686 us/op
# Warmup Iteration   5: 59.120 us/op
Iteration   1: 60.018 us/op
Iteration   2: 58.995 us/op
Iteration   3: 59.496 us/op
Iteration   4: 58.712 us/op
Iteration   5: 59.418 us/op
Iteration   6: 59.744 us/op
Iteration   7: 61.474 us/op
Iteration   8: 59.532 us/op
Iteration   9: 59.534 us/op
Iteration  10: 59.936 us/op

# Run progress: 54.02% complete, ETA 00:59:52
# Fork: 3 of 3
# Warmup Iteration   1: 86.975 us/op
# Warmup Iteration   2: 61.197 us/op
# Warmup Iteration   3: 58.031 us/op
# Warmup Iteration   4: 58.539 us/op
# Warmup Iteration   5: 57.885 us/op
Iteration   1: 58.178 us/op
Iteration   2: 58.050 us/op
Iteration   3: 58.692 us/op
Iteration   4: 57.698 us/op
Iteration   5: 59.137 us/op
Iteration   6: 58.520 us/op
Iteration   7: 57.938 us/op
Iteration   8: 57.928 us/op
Iteration   9: 59.219 us/op
Iteration  10: 58.378 us/op


Result "de.splatgames.aether.datafixers.benchmarks.format.CrossFormatBenchmark.jacksonToGson":
  59.009 ±(99.9%) 0.553 us/op [Average]
  (min, avg, max) = (57.698, 59.009, 61.474), stdev = 0.827
  CI (99.9%): [58.456, 59.562] (assumes normal distribution)


# JMH version: 1.37
# VM version: JDK 17.0.18, OpenJDK 64-Bit Server VM, 17.0.18+8-Ubuntu-122.04.1
# VM invoker: /usr/lib/jvm/java-17-openjdk-amd64/bin/java
# VM options: -Xms4G -Xmx4G -XX:+UseG1GC -XX:+AlwaysPreTouch
# Blackhole mode: compiler (auto-detected, use -Djmh.blackhole.autoDetect=false to disable)
# Warmup: 5 iterations, 1 s each
# Measurement: 10 iterations, 1 s each
# Timeout: 10 min per iteration
# Threads: 1 thread, will synchronize iterations
# Benchmark mode: Average time, time/op
# Benchmark: de.splatgames.aether.datafixers.benchmarks.format.CrossFormatBenchmark.jacksonToGson
# Parameters: (payloadSize = MEDIUM)

# Run progress: 54.22% complete, ETA 00:59:36
# Fork: 1 of 3
# Warmup Iteration   1: 557.486 us/op
# Warmup Iteration   2: 438.445 us/op
# Warmup Iteration   3: 439.398 us/op
# Warmup Iteration   4: 446.647 us/op
# Warmup Iteration   5: 439.248 us/op
Iteration   1: 439.713 us/op
Iteration   2: 437.869 us/op
Iteration   3: 449.366 us/op
Iteration   4: 442.242 us/op
Iteration   5: 443.922 us/op
Iteration   6: 441.189 us/op
Iteration   7: 439.051 us/op
Iteration   8: 442.148 us/op
Iteration   9: 445.603 us/op
Iteration  10: 441.553 us/op

# Run progress: 54.42% complete, ETA 00:59:20
# Fork: 2 of 3
# Warmup Iteration   1: 563.508 us/op
# Warmup Iteration   2: 439.545 us/op
# Warmup Iteration   3: 434.595 us/op
# Warmup Iteration   4: 435.437 us/op
# Warmup Iteration   5: 436.366 us/op
Iteration   1: 439.151 us/op
Iteration   2: 441.715 us/op
Iteration   3: 435.046 us/op
Iteration   4: 443.748 us/op
Iteration   5: 439.501 us/op
Iteration   6: 436.836 us/op
Iteration   7: 429.758 us/op
Iteration   8: 435.168 us/op
Iteration   9: 436.407 us/op
Iteration  10: 437.223 us/op

# Run progress: 54.62% complete, ETA 00:59:05
# Fork: 3 of 3
# Warmup Iteration   1: 562.623 us/op
# Warmup Iteration   2: 442.391 us/op
# Warmup Iteration   3: 445.937 us/op
# Warmup Iteration   4: 441.268 us/op
# Warmup Iteration   5: 435.889 us/op
Iteration   1: 435.953 us/op
Iteration   2: 446.516 us/op
Iteration   3: 436.787 us/op
Iteration   4: 447.750 us/op
Iteration   5: 448.398 us/op
Iteration   6: 436.439 us/op
Iteration   7: 438.745 us/op
Iteration   8: 447.872 us/op
Iteration   9: 442.098 us/op
Iteration  10: 445.660 us/op


Result "de.splatgames.aether.datafixers.benchmarks.format.CrossFormatBenchmark.jacksonToGson":
  440.781 ±(99.9%) 3.161 us/op [Average]
  (min, avg, max) = (429.758, 440.781, 449.366), stdev = 4.730
  CI (99.9%): [437.620, 443.941] (assumes normal distribution)


# JMH version: 1.37
# VM version: JDK 17.0.18, OpenJDK 64-Bit Server VM, 17.0.18+8-Ubuntu-122.04.1
# VM invoker: /usr/lib/jvm/java-17-openjdk-amd64/bin/java
# VM options: -Xms4G -Xmx4G -XX:+UseG1GC -XX:+AlwaysPreTouch
# Blackhole mode: compiler (auto-detected, use -Djmh.blackhole.autoDetect=false to disable)
# Warmup: 5 iterations, 1 s each
# Measurement: 10 iterations, 1 s each
# Timeout: 10 min per iteration
# Threads: 1 thread, will synchronize iterations
# Benchmark mode: Average time, time/op
# Benchmark: de.splatgames.aether.datafixers.benchmarks.format.CrossFormatBenchmark.jacksonYamlToJson
# Parameters: (payloadSize = SMALL)

# Run progress: 54.82% complete, ETA 00:58:49
# Fork: 1 of 3
# Warmup Iteration   1: 85.203 us/op
# Warmup Iteration   2: 58.372 us/op
# Warmup Iteration   3: 57.934 us/op
# Warmup Iteration   4: 58.255 us/op
# Warmup Iteration   5: 58.144 us/op
Iteration   1: 58.002 us/op
Iteration   2: 59.039 us/op
Iteration   3: 59.278 us/op
Iteration   4: 57.951 us/op
Iteration   5: 58.444 us/op
Iteration   6: 59.240 us/op
Iteration   7: 58.916 us/op
Iteration   8: 58.296 us/op
Iteration   9: 58.324 us/op
Iteration  10: 57.808 us/op

# Run progress: 55.02% complete, ETA 00:58:33
# Fork: 2 of 3
# Warmup Iteration   1: 89.696 us/op
# Warmup Iteration   2: 59.163 us/op
# Warmup Iteration   3: 58.285 us/op
# Warmup Iteration   4: 58.215 us/op
# Warmup Iteration   5: 58.214 us/op
Iteration   1: 59.176 us/op
Iteration   2: 58.083 us/op
Iteration   3: 58.320 us/op
Iteration   4: 58.648 us/op
Iteration   5: 59.007 us/op
Iteration   6: 58.337 us/op
Iteration   7: 59.513 us/op
Iteration   8: 59.917 us/op
Iteration   9: 59.161 us/op
Iteration  10: 59.018 us/op

# Run progress: 55.22% complete, ETA 00:58:18
# Fork: 3 of 3
# Warmup Iteration   1: 81.220 us/op
# Warmup Iteration   2: 58.818 us/op
# Warmup Iteration   3: 58.968 us/op
# Warmup Iteration   4: 58.399 us/op
# Warmup Iteration   5: 58.226 us/op
Iteration   1: 59.341 us/op
Iteration   2: 58.914 us/op
Iteration   3: 58.108 us/op
Iteration   4: 58.567 us/op
Iteration   5: 59.478 us/op
Iteration   6: 58.416 us/op
Iteration   7: 58.680 us/op
Iteration   8: 58.161 us/op
Iteration   9: 58.182 us/op
Iteration  10: 58.567 us/op


Result "de.splatgames.aether.datafixers.benchmarks.format.CrossFormatBenchmark.jacksonYamlToJson":
  58.696 ±(99.9%) 0.362 us/op [Average]
  (min, avg, max) = (57.808, 58.696, 59.917), stdev = 0.542
  CI (99.9%): [58.334, 59.059] (assumes normal distribution)


# JMH version: 1.37
# VM version: JDK 17.0.18, OpenJDK 64-Bit Server VM, 17.0.18+8-Ubuntu-122.04.1
# VM invoker: /usr/lib/jvm/java-17-openjdk-amd64/bin/java
# VM options: -Xms4G -Xmx4G -XX:+UseG1GC -XX:+AlwaysPreTouch
# Blackhole mode: compiler (auto-detected, use -Djmh.blackhole.autoDetect=false to disable)
# Warmup: 5 iterations, 1 s each
# Measurement: 10 iterations, 1 s each
# Timeout: 10 min per iteration
# Threads: 1 thread, will synchronize iterations
# Benchmark mode: Average time, time/op
# Benchmark: de.splatgames.aether.datafixers.benchmarks.format.CrossFormatBenchmark.jacksonYamlToJson
# Parameters: (payloadSize = MEDIUM)

# Run progress: 55.42% complete, ETA 00:58:02
# Fork: 1 of 3
# Warmup Iteration   1: 586.489 us/op
# Warmup Iteration   2: 429.830 us/op
# Warmup Iteration   3: 428.288 us/op
# Warmup Iteration   4: 434.738 us/op
# Warmup Iteration   5: 434.445 us/op
Iteration   1: 433.898 us/op
Iteration   2: 450.849 us/op
Iteration   3: 433.891 us/op
Iteration   4: 430.920 us/op
Iteration   5: 436.425 us/op
Iteration   6: 435.849 us/op
Iteration   7: 429.298 us/op
Iteration   8: 431.222 us/op
Iteration   9: 433.599 us/op
Iteration  10: 431.396 us/op

# Run progress: 55.62% complete, ETA 00:57:46
# Fork: 2 of 3
# Warmup Iteration   1: 547.373 us/op
# Warmup Iteration   2: 432.135 us/op
# Warmup Iteration   3: 424.982 us/op
# Warmup Iteration   4: 442.569 us/op
# Warmup Iteration   5: 436.669 us/op
Iteration   1: 434.955 us/op
Iteration   2: 432.832 us/op
Iteration   3: 433.106 us/op
Iteration   4: 431.472 us/op
Iteration   5: 431.226 us/op
Iteration   6: 430.309 us/op
Iteration   7: 430.519 us/op
Iteration   8: 427.346 us/op
Iteration   9: 437.174 us/op
Iteration  10: 435.438 us/op

# Run progress: 55.82% complete, ETA 00:57:30
# Fork: 3 of 3
# Warmup Iteration   1: 547.341 us/op
# Warmup Iteration   2: 430.047 us/op
# Warmup Iteration   3: 434.599 us/op
# Warmup Iteration   4: 431.055 us/op
# Warmup Iteration   5: 436.675 us/op
Iteration   1: 433.985 us/op
Iteration   2: 434.057 us/op
Iteration   3: 435.694 us/op
Iteration   4: 440.842 us/op
Iteration   5: 430.622 us/op
Iteration   6: 424.996 us/op
Iteration   7: 431.225 us/op
Iteration   8: 430.451 us/op
Iteration   9: 433.585 us/op
Iteration  10: 438.542 us/op


Result "de.splatgames.aether.datafixers.benchmarks.format.CrossFormatBenchmark.jacksonYamlToJson":
  433.524 ±(99.9%) 3.077 us/op [Average]
  (min, avg, max) = (424.996, 433.524, 450.849), stdev = 4.606
  CI (99.9%): [430.447, 436.602] (assumes normal distribution)


# JMH version: 1.37
# VM version: JDK 17.0.18, OpenJDK 64-Bit Server VM, 17.0.18+8-Ubuntu-122.04.1
# VM invoker: /usr/lib/jvm/java-17-openjdk-amd64/bin/java
# VM options: -Xms4G -Xmx4G -XX:+UseG1GC -XX:+AlwaysPreTouch
# Blackhole mode: compiler (auto-detected, use -Djmh.blackhole.autoDetect=false to disable)
# Warmup: 5 iterations, 1 s each
# Measurement: 10 iterations, 1 s each
# Timeout: 10 min per iteration
# Threads: 1 thread, will synchronize iterations
# Benchmark mode: Average time, time/op
# Benchmark: de.splatgames.aether.datafixers.benchmarks.format.CrossFormatBenchmark.jacksonYamlToSnakeYaml
# Parameters: (payloadSize = SMALL)

# Run progress: 56.02% complete, ETA 00:57:15
# Fork: 1 of 3
# Warmup Iteration   1: 80.076 us/op
# Warmup Iteration   2: 58.529 us/op
# Warmup Iteration   3: 58.143 us/op
# Warmup Iteration   4: 58.803 us/op
# Warmup Iteration   5: 57.735 us/op
Iteration   1: 57.662 us/op
Iteration   2: 57.818 us/op
Iteration   3: 57.262 us/op
Iteration   4: 57.325 us/op
Iteration   5: 57.607 us/op
Iteration   6: 58.306 us/op
Iteration   7: 60.004 us/op
Iteration   8: 58.265 us/op
Iteration   9: 58.487 us/op
Iteration  10: 58.225 us/op

# Run progress: 56.22% complete, ETA 00:56:59
# Fork: 2 of 3
# Warmup Iteration   1: 81.082 us/op
# Warmup Iteration   2: 59.931 us/op
# Warmup Iteration   3: 57.745 us/op
# Warmup Iteration   4: 58.854 us/op
# Warmup Iteration   5: 60.170 us/op
Iteration   1: 57.643 us/op
Iteration   2: 57.999 us/op
Iteration   3: 59.029 us/op
Iteration   4: 58.469 us/op
Iteration   5: 58.013 us/op
Iteration   6: 57.761 us/op
Iteration   7: 58.324 us/op
Iteration   8: 58.348 us/op
Iteration   9: 58.222 us/op
Iteration  10: 58.253 us/op

# Run progress: 56.43% complete, ETA 00:56:43
# Fork: 3 of 3
# Warmup Iteration   1: 82.898 us/op
# Warmup Iteration   2: 58.632 us/op
# Warmup Iteration   3: 58.291 us/op
# Warmup Iteration   4: 58.101 us/op
# Warmup Iteration   5: 57.738 us/op
Iteration   1: 57.624 us/op
Iteration   2: 58.971 us/op
Iteration   3: 58.349 us/op
Iteration   4: 57.627 us/op
Iteration   5: 60.286 us/op
Iteration   6: 57.900 us/op
Iteration   7: 58.527 us/op
Iteration   8: 57.882 us/op
Iteration   9: 57.694 us/op
Iteration  10: 57.304 us/op


Result "de.splatgames.aether.datafixers.benchmarks.format.CrossFormatBenchmark.jacksonYamlToSnakeYaml":
  58.173 ±(99.9%) 0.466 us/op [Average]
  (min, avg, max) = (57.262, 58.173, 60.286), stdev = 0.698
  CI (99.9%): [57.707, 58.639] (assumes normal distribution)


# JMH version: 1.37
# VM version: JDK 17.0.18, OpenJDK 64-Bit Server VM, 17.0.18+8-Ubuntu-122.04.1
# VM invoker: /usr/lib/jvm/java-17-openjdk-amd64/bin/java
# VM options: -Xms4G -Xmx4G -XX:+UseG1GC -XX:+AlwaysPreTouch
# Blackhole mode: compiler (auto-detected, use -Djmh.blackhole.autoDetect=false to disable)
# Warmup: 5 iterations, 1 s each
# Measurement: 10 iterations, 1 s each
# Timeout: 10 min per iteration
# Threads: 1 thread, will synchronize iterations
# Benchmark mode: Average time, time/op
# Benchmark: de.splatgames.aether.datafixers.benchmarks.format.CrossFormatBenchmark.jacksonYamlToSnakeYaml
# Parameters: (payloadSize = MEDIUM)

# Run progress: 56.63% complete, ETA 00:56:28
# Fork: 1 of 3
# Warmup Iteration   1: 563.463 us/op
# Warmup Iteration   2: 435.757 us/op
# Warmup Iteration   3: 432.911 us/op
# Warmup Iteration   4: 432.399 us/op
# Warmup Iteration   5: 431.922 us/op
Iteration   1: 436.529 us/op
Iteration   2: 433.184 us/op
Iteration   3: 431.366 us/op
Iteration   4: 431.477 us/op
Iteration   5: 429.179 us/op
Iteration   6: 433.997 us/op
Iteration   7: 429.670 us/op
Iteration   8: 434.404 us/op
Iteration   9: 432.848 us/op
Iteration  10: 434.590 us/op

# Run progress: 56.83% complete, ETA 00:56:12
# Fork: 2 of 3
# Warmup Iteration   1: 572.063 us/op
# Warmup Iteration   2: 428.163 us/op
# Warmup Iteration   3: 427.752 us/op
# Warmup Iteration   4: 427.578 us/op
# Warmup Iteration   5: 428.389 us/op
Iteration   1: 425.707 us/op
Iteration   2: 432.372 us/op
Iteration   3: 428.407 us/op
Iteration   4: 429.462 us/op
Iteration   5: 424.298 us/op
Iteration   6: 430.356 us/op
Iteration   7: 426.144 us/op
Iteration   8: 421.854 us/op
Iteration   9: 425.184 us/op
Iteration  10: 429.090 us/op

# Run progress: 57.03% complete, ETA 00:55:56
# Fork: 3 of 3
# Warmup Iteration   1: 548.752 us/op
# Warmup Iteration   2: 441.691 us/op
# Warmup Iteration   3: 442.867 us/op
# Warmup Iteration   4: 431.197 us/op
# Warmup Iteration   5: 439.969 us/op
Iteration   1: 433.478 us/op
Iteration   2: 430.409 us/op
Iteration   3: 430.578 us/op
Iteration   4: 432.037 us/op
Iteration   5: 433.412 us/op
Iteration   6: 430.196 us/op
Iteration   7: 448.215 us/op
Iteration   8: 431.936 us/op
Iteration   9: 435.253 us/op
Iteration  10: 443.502 us/op


Result "de.splatgames.aether.datafixers.benchmarks.format.CrossFormatBenchmark.jacksonYamlToSnakeYaml":
  431.638 ±(99.9%) 3.466 us/op [Average]
  (min, avg, max) = (421.854, 431.638, 448.215), stdev = 5.187
  CI (99.9%): [428.172, 435.103] (assumes normal distribution)


# JMH version: 1.37
# VM version: JDK 17.0.18, OpenJDK 64-Bit Server VM, 17.0.18+8-Ubuntu-122.04.1
# VM invoker: /usr/lib/jvm/java-17-openjdk-amd64/bin/java
# VM options: -Xms4G -Xmx4G -XX:+UseG1GC -XX:+AlwaysPreTouch
# Blackhole mode: compiler (auto-detected, use -Djmh.blackhole.autoDetect=false to disable)
# Warmup: 5 iterations, 1 s each
# Measurement: 10 iterations, 1 s each
# Timeout: 10 min per iteration
# Threads: 1 thread, will synchronize iterations
# Benchmark mode: Average time, time/op
# Benchmark: de.splatgames.aether.datafixers.benchmarks.format.CrossFormatBenchmark.snakeYamlToGson
# Parameters: (payloadSize = SMALL)

# Run progress: 57.23% complete, ETA 00:55:41
# Fork: 1 of 3
# Warmup Iteration   1: 29.998 us/op
# Warmup Iteration   2: 27.810 us/op
# Warmup Iteration   3: 27.878 us/op
# Warmup Iteration   4: 27.754 us/op
# Warmup Iteration   5: 27.657 us/op
Iteration   1: 27.633 us/op
Iteration   2: 27.645 us/op
Iteration   3: 27.802 us/op
Iteration   4: 28.043 us/op
Iteration   5: 27.483 us/op
Iteration   6: 28.325 us/op
Iteration   7: 27.612 us/op
Iteration   8: 27.640 us/op
Iteration   9: 28.055 us/op
Iteration  10: 27.440 us/op

# Run progress: 57.43% complete, ETA 00:55:25
# Fork: 2 of 3
# Warmup Iteration   1: 30.652 us/op
# Warmup Iteration   2: 27.671 us/op
# Warmup Iteration   3: 28.312 us/op
# Warmup Iteration   4: 27.613 us/op
# Warmup Iteration   5: 27.658 us/op
Iteration   1: 27.680 us/op
Iteration   2: 27.700 us/op
Iteration   3: 27.624 us/op
Iteration   4: 27.544 us/op
Iteration   5: 27.578 us/op
Iteration   6: 27.882 us/op
Iteration   7: 27.666 us/op
Iteration   8: 27.720 us/op
Iteration   9: 27.903 us/op
Iteration  10: 27.661 us/op

# Run progress: 57.63% complete, ETA 00:55:09
# Fork: 3 of 3
# Warmup Iteration   1: 29.991 us/op
# Warmup Iteration   2: 27.867 us/op
# Warmup Iteration   3: 28.081 us/op
# Warmup Iteration   4: 27.737 us/op
# Warmup Iteration   5: 27.768 us/op
Iteration   1: 27.665 us/op
Iteration   2: 27.777 us/op
Iteration   3: 28.000 us/op
Iteration   4: 27.387 us/op
Iteration   5: 27.380 us/op
Iteration   6: 27.452 us/op
Iteration   7: 27.692 us/op
Iteration   8: 27.719 us/op
Iteration   9: 27.622 us/op
Iteration  10: 27.949 us/op


Result "de.splatgames.aether.datafixers.benchmarks.format.CrossFormatBenchmark.snakeYamlToGson":
  27.709 ±(99.9%) 0.143 us/op [Average]
  (min, avg, max) = (27.380, 27.709, 28.325), stdev = 0.214
  CI (99.9%): [27.566, 27.852] (assumes normal distribution)


# JMH version: 1.37
# VM version: JDK 17.0.18, OpenJDK 64-Bit Server VM, 17.0.18+8-Ubuntu-122.04.1
# VM invoker: /usr/lib/jvm/java-17-openjdk-amd64/bin/java
# VM options: -Xms4G -Xmx4G -XX:+UseG1GC -XX:+AlwaysPreTouch
# Blackhole mode: compiler (auto-detected, use -Djmh.blackhole.autoDetect=false to disable)
# Warmup: 5 iterations, 1 s each
# Measurement: 10 iterations, 1 s each
# Timeout: 10 min per iteration
# Threads: 1 thread, will synchronize iterations
# Benchmark mode: Average time, time/op
# Benchmark: de.splatgames.aether.datafixers.benchmarks.format.CrossFormatBenchmark.snakeYamlToGson
# Parameters: (payloadSize = MEDIUM)

# Run progress: 57.83% complete, ETA 00:54:54
# Fork: 1 of 3
# Warmup Iteration   1: 250.437 us/op
# Warmup Iteration   2: 229.113 us/op
# Warmup Iteration   3: 223.232 us/op
# Warmup Iteration   4: 224.902 us/op
# Warmup Iteration   5: 221.845 us/op
Iteration   1: 221.320 us/op
Iteration   2: 223.488 us/op
Iteration   3: 224.872 us/op
Iteration   4: 225.756 us/op
Iteration   5: 224.084 us/op
Iteration   6: 225.762 us/op
Iteration   7: 228.141 us/op
Iteration   8: 224.772 us/op
Iteration   9: 225.942 us/op
Iteration  10: 223.017 us/op

# Run progress: 58.03% complete, ETA 00:54:38
# Fork: 2 of 3
# Warmup Iteration   1: 244.631 us/op
# Warmup Iteration   2: 224.222 us/op
# Warmup Iteration   3: 222.127 us/op
# Warmup Iteration   4: 223.048 us/op
# Warmup Iteration   5: 223.200 us/op
Iteration   1: 228.022 us/op
Iteration   2: 224.830 us/op
Iteration   3: 221.673 us/op
Iteration   4: 222.247 us/op
Iteration   5: 223.152 us/op
Iteration   6: 234.265 us/op
Iteration   7: 226.801 us/op
Iteration   8: 228.433 us/op
Iteration   9: 226.418 us/op
Iteration  10: 223.724 us/op

# Run progress: 58.23% complete, ETA 00:54:22
# Fork: 3 of 3
# Warmup Iteration   1: 245.978 us/op
# Warmup Iteration   2: 227.085 us/op
# Warmup Iteration   3: 222.976 us/op
# Warmup Iteration   4: 223.039 us/op
# Warmup Iteration   5: 223.524 us/op
Iteration   1: 223.108 us/op
Iteration   2: 221.796 us/op
Iteration   3: 223.694 us/op
Iteration   4: 220.235 us/op
Iteration   5: 224.689 us/op
Iteration   6: 228.760 us/op
Iteration   7: 224.692 us/op
Iteration   8: 222.976 us/op
Iteration   9: 222.521 us/op
Iteration  10: 223.519 us/op


Result "de.splatgames.aether.datafixers.benchmarks.format.CrossFormatBenchmark.snakeYamlToGson":
  224.757 ±(99.9%) 1.888 us/op [Average]
  (min, avg, max) = (220.235, 224.757, 234.265), stdev = 2.826
  CI (99.9%): [222.869, 226.645] (assumes normal distribution)


# JMH version: 1.37
# VM version: JDK 17.0.18, OpenJDK 64-Bit Server VM, 17.0.18+8-Ubuntu-122.04.1
# VM invoker: /usr/lib/jvm/java-17-openjdk-amd64/bin/java
# VM options: -Xms4G -Xmx4G -XX:+UseG1GC -XX:+AlwaysPreTouch
# Blackhole mode: compiler (auto-detected, use -Djmh.blackhole.autoDetect=false to disable)
# Warmup: 5 iterations, 1 s each
# Measurement: 10 iterations, 1 s each
# Timeout: 10 min per iteration
# Threads: 1 thread, will synchronize iterations
# Benchmark mode: Average time, time/op
# Benchmark: de.splatgames.aether.datafixers.benchmarks.format.CrossFormatBenchmark.snakeYamlToJacksonYaml
# Parameters: (payloadSize = SMALL)

# Run progress: 58.43% complete, ETA 00:54:07
# Fork: 1 of 3
# Warmup Iteration   1: 29.125 us/op
# Warmup Iteration   2: 27.008 us/op
# Warmup Iteration   3: 26.749 us/op
# Warmup Iteration   4: 26.813 us/op
# Warmup Iteration   5: 27.197 us/op
Iteration   1: 26.835 us/op
Iteration   2: 26.715 us/op
Iteration   3: 26.727 us/op
Iteration   4: 26.853 us/op
Iteration   5: 26.933 us/op
Iteration   6: 26.944 us/op
Iteration   7: 26.746 us/op
Iteration   8: 27.320 us/op
Iteration   9: 27.463 us/op
Iteration  10: 27.583 us/op

# Run progress: 58.63% complete, ETA 00:53:51
# Fork: 2 of 3
# Warmup Iteration   1: 30.717 us/op
# Warmup Iteration   2: 27.637 us/op
# Warmup Iteration   3: 27.427 us/op
# Warmup Iteration   4: 27.197 us/op
# Warmup Iteration   5: 27.376 us/op
Iteration   1: 27.162 us/op
Iteration   2: 26.980 us/op
Iteration   3: 26.891 us/op
Iteration   4: 27.308 us/op
Iteration   5: 27.789 us/op
Iteration   6: 27.329 us/op
Iteration   7: 27.203 us/op
Iteration   8: 27.573 us/op
Iteration   9: 27.462 us/op
Iteration  10: 27.170 us/op

# Run progress: 58.84% complete, ETA 00:53:35
# Fork: 3 of 3
# Warmup Iteration   1: 29.938 us/op
# Warmup Iteration   2: 26.934 us/op
# Warmup Iteration   3: 27.449 us/op
# Warmup Iteration   4: 27.193 us/op
# Warmup Iteration   5: 27.018 us/op
Iteration   1: 26.912 us/op
Iteration   2: 26.865 us/op
Iteration   3: 26.909 us/op
Iteration   4: 27.360 us/op
Iteration   5: 27.249 us/op
Iteration   6: 27.213 us/op
Iteration   7: 26.853 us/op
Iteration   8: 27.368 us/op
Iteration   9: 26.901 us/op
Iteration  10: 26.788 us/op


Result "de.splatgames.aether.datafixers.benchmarks.format.CrossFormatBenchmark.snakeYamlToJacksonYaml":
  27.114 ±(99.9%) 0.196 us/op [Average]
  (min, avg, max) = (26.715, 27.114, 27.789), stdev = 0.294
  CI (99.9%): [26.917, 27.310] (assumes normal distribution)


# JMH version: 1.37
# VM version: JDK 17.0.18, OpenJDK 64-Bit Server VM, 17.0.18+8-Ubuntu-122.04.1
# VM invoker: /usr/lib/jvm/java-17-openjdk-amd64/bin/java
# VM options: -Xms4G -Xmx4G -XX:+UseG1GC -XX:+AlwaysPreTouch
# Blackhole mode: compiler (auto-detected, use -Djmh.blackhole.autoDetect=false to disable)
# Warmup: 5 iterations, 1 s each
# Measurement: 10 iterations, 1 s each
# Timeout: 10 min per iteration
# Threads: 1 thread, will synchronize iterations
# Benchmark mode: Average time, time/op
# Benchmark: de.splatgames.aether.datafixers.benchmarks.format.CrossFormatBenchmark.snakeYamlToJacksonYaml
# Parameters: (payloadSize = MEDIUM)

# Run progress: 59.04% complete, ETA 00:53:19
# Fork: 1 of 3
# Warmup Iteration   1: 237.623 us/op
# Warmup Iteration   2: 216.160 us/op
# Warmup Iteration   3: 217.776 us/op
# Warmup Iteration   4: 223.132 us/op
# Warmup Iteration   5: 219.527 us/op
Iteration   1: 219.388 us/op
Iteration   2: 217.946 us/op
Iteration   3: 224.249 us/op
Iteration   4: 219.211 us/op
Iteration   5: 220.604 us/op
Iteration   6: 217.948 us/op
Iteration   7: 218.352 us/op
Iteration   8: 220.651 us/op
Iteration   9: 219.288 us/op
Iteration  10: 218.521 us/op

# Run progress: 59.24% complete, ETA 00:53:04
# Fork: 2 of 3
# Warmup Iteration   1: 240.787 us/op
# Warmup Iteration   2: 221.275 us/op
# Warmup Iteration   3: 215.403 us/op
# Warmup Iteration   4: 216.480 us/op
# Warmup Iteration   5: 215.284 us/op
Iteration   1: 217.469 us/op
Iteration   2: 218.422 us/op
Iteration   3: 217.602 us/op
Iteration   4: 221.336 us/op
Iteration   5: 219.321 us/op
Iteration   6: 223.703 us/op
Iteration   7: 223.270 us/op
Iteration   8: 215.753 us/op
Iteration   9: 216.912 us/op
Iteration  10: 216.478 us/op

# Run progress: 59.44% complete, ETA 00:52:48
# Fork: 3 of 3
# Warmup Iteration   1: 239.491 us/op
# Warmup Iteration   2: 215.988 us/op
# Warmup Iteration   3: 216.941 us/op
# Warmup Iteration   4: 216.403 us/op
# Warmup Iteration   5: 214.474 us/op
Iteration   1: 221.241 us/op
Iteration   2: 226.981 us/op
Iteration   3: 216.660 us/op
Iteration   4: 218.662 us/op
Iteration   5: 221.348 us/op
Iteration   6: 222.096 us/op
Iteration   7: 220.900 us/op
Iteration   8: 225.029 us/op
Iteration   9: 221.751 us/op
Iteration  10: 220.337 us/op


Result "de.splatgames.aether.datafixers.benchmarks.format.CrossFormatBenchmark.snakeYamlToJacksonYaml":
  220.048 ±(99.9%) 1.813 us/op [Average]
  (min, avg, max) = (215.753, 220.048, 226.981), stdev = 2.714
  CI (99.9%): [218.235, 221.861] (assumes normal distribution)


# JMH version: 1.37
# VM version: JDK 17.0.18, OpenJDK 64-Bit Server VM, 17.0.18+8-Ubuntu-122.04.1
# VM invoker: /usr/lib/jvm/java-17-openjdk-amd64/bin/java
# VM options: -Xms4G -Xmx4G -XX:+UseG1GC -XX:+AlwaysPreTouch
# Blackhole mode: compiler (auto-detected, use -Djmh.blackhole.autoDetect=false to disable)
# Warmup: 5 iterations, 1 s each
# Measurement: 10 iterations, 1 s each
# Timeout: 10 min per iteration
# Threads: 1 thread, will synchronize iterations
# Benchmark mode: Average time, time/op
# Benchmark: de.splatgames.aether.datafixers.benchmarks.format.JsonBenchmark.crossFormatMigrationJacksonInput
# Parameters: (payloadSize = SMALL)

# Run progress: 59.64% complete, ETA 00:52:32
# Fork: 1 of 3
# Warmup Iteration   1: 0.311 us/op
# Warmup Iteration   2: 0.276 us/op
# Warmup Iteration   3: 0.268 us/op
# Warmup Iteration   4: 0.268 us/op
# Warmup Iteration   5: 0.269 us/op
Iteration   1: 0.270 us/op
Iteration   2: 0.269 us/op
Iteration   3: 0.271 us/op
Iteration   4: 0.271 us/op
Iteration   5: 0.273 us/op
Iteration   6: 0.276 us/op
Iteration   7: 0.267 us/op
Iteration   8: 0.267 us/op
Iteration   9: 0.266 us/op
Iteration  10: 0.265 us/op

# Run progress: 59.84% complete, ETA 00:52:17
# Fork: 2 of 3
# Warmup Iteration   1: 0.296 us/op
# Warmup Iteration   2: 0.271 us/op
# Warmup Iteration   3: 0.271 us/op
# Warmup Iteration   4: 0.267 us/op
# Warmup Iteration   5: 0.273 us/op
Iteration   1: 0.267 us/op
Iteration   2: 0.267 us/op
Iteration   3: 0.267 us/op
Iteration   4: 0.272 us/op
Iteration   5: 0.268 us/op
Iteration   6: 0.266 us/op
Iteration   7: 0.266 us/op
Iteration   8: 0.270 us/op
Iteration   9: 0.268 us/op
Iteration  10: 0.274 us/op

# Run progress: 60.04% complete, ETA 00:52:01
# Fork: 3 of 3
# Warmup Iteration   1: 0.303 us/op
# Warmup Iteration   2: 0.272 us/op
# Warmup Iteration   3: 0.268 us/op
# Warmup Iteration   4: 0.270 us/op
# Warmup Iteration   5: 0.269 us/op
Iteration   1: 0.267 us/op
Iteration   2: 0.267 us/op
Iteration   3: 0.268 us/op
Iteration   4: 0.280 us/op
Iteration   5: 0.275 us/op
Iteration   6: 0.270 us/op
Iteration   7: 0.270 us/op
Iteration   8: 0.269 us/op
Iteration   9: 0.269 us/op
Iteration  10: 0.270 us/op


Result "de.splatgames.aether.datafixers.benchmarks.format.JsonBenchmark.crossFormatMigrationJacksonInput":
  0.270 ±(99.9%) 0.002 us/op [Average]
  (min, avg, max) = (0.265, 0.270, 0.280), stdev = 0.003
  CI (99.9%): [0.267, 0.272] (assumes normal distribution)


# JMH version: 1.37
# VM version: JDK 17.0.18, OpenJDK 64-Bit Server VM, 17.0.18+8-Ubuntu-122.04.1
# VM invoker: /usr/lib/jvm/java-17-openjdk-amd64/bin/java
# VM options: -Xms4G -Xmx4G -XX:+UseG1GC -XX:+AlwaysPreTouch
# Blackhole mode: compiler (auto-detected, use -Djmh.blackhole.autoDetect=false to disable)
# Warmup: 5 iterations, 1 s each
# Measurement: 10 iterations, 1 s each
# Timeout: 10 min per iteration
# Threads: 1 thread, will synchronize iterations
# Benchmark mode: Average time, time/op
# Benchmark: de.splatgames.aether.datafixers.benchmarks.format.JsonBenchmark.crossFormatMigrationJacksonInput
# Parameters: (payloadSize = MEDIUM)

# Run progress: 60.24% complete, ETA 00:51:45
# Fork: 1 of 3
# Warmup Iteration   1: 0.315 us/op
# Warmup Iteration   2: 0.277 us/op
# Warmup Iteration   3: 0.273 us/op
# Warmup Iteration   4: 0.279 us/op
# Warmup Iteration   5: 0.276 us/op
Iteration   1: 0.274 us/op
Iteration   2: 0.275 us/op
Iteration   3: 0.276 us/op
Iteration   4: 0.277 us/op
Iteration   5: 0.274 us/op
Iteration   6: 0.277 us/op
Iteration   7: 0.274 us/op
Iteration   8: 0.279 us/op
Iteration   9: 0.280 us/op
Iteration  10: 0.273 us/op

# Run progress: 60.44% complete, ETA 00:51:30
# Fork: 2 of 3
# Warmup Iteration   1: 0.289 us/op
# Warmup Iteration   2: 0.265 us/op
# Warmup Iteration   3: 0.266 us/op
# Warmup Iteration   4: 0.265 us/op
# Warmup Iteration   5: 0.268 us/op
Iteration   1: 0.265 us/op
Iteration   2: 0.266 us/op
Iteration   3: 0.266 us/op
Iteration   4: 0.266 us/op
Iteration   5: 0.262 us/op
Iteration   6: 0.260 us/op
Iteration   7: 0.261 us/op
Iteration   8: 0.264 us/op
Iteration   9: 0.262 us/op
Iteration  10: 0.262 us/op

# Run progress: 60.64% complete, ETA 00:51:14
# Fork: 3 of 3
# Warmup Iteration   1: 0.294 us/op
# Warmup Iteration   2: 0.266 us/op
# Warmup Iteration   3: 0.263 us/op
# Warmup Iteration   4: 0.263 us/op
# Warmup Iteration   5: 0.262 us/op
Iteration   1: 0.263 us/op
Iteration   2: 0.261 us/op
Iteration   3: 0.263 us/op
Iteration   4: 0.269 us/op
Iteration   5: 0.263 us/op
Iteration   6: 0.261 us/op
Iteration   7: 0.267 us/op
Iteration   8: 0.263 us/op
Iteration   9: 0.263 us/op
Iteration  10: 0.262 us/op


Result "de.splatgames.aether.datafixers.benchmarks.format.JsonBenchmark.crossFormatMigrationJacksonInput":
  0.268 ±(99.9%) 0.004 us/op [Average]
  (min, avg, max) = (0.260, 0.268, 0.280), stdev = 0.006
  CI (99.9%): [0.263, 0.272] (assumes normal distribution)


# JMH version: 1.37
# VM version: JDK 17.0.18, OpenJDK 64-Bit Server VM, 17.0.18+8-Ubuntu-122.04.1
# VM invoker: /usr/lib/jvm/java-17-openjdk-amd64/bin/java
# VM options: -Xms4G -Xmx4G -XX:+UseG1GC -XX:+AlwaysPreTouch
# Blackhole mode: compiler (auto-detected, use -Djmh.blackhole.autoDetect=false to disable)
# Warmup: 5 iterations, 1 s each
# Measurement: 10 iterations, 1 s each
# Timeout: 10 min per iteration
# Threads: 1 thread, will synchronize iterations
# Benchmark mode: Average time, time/op
# Benchmark: de.splatgames.aether.datafixers.benchmarks.format.JsonBenchmark.crossFormatMigrationJacksonInput
# Parameters: (payloadSize = LARGE)

# Run progress: 60.84% complete, ETA 00:50:58
# Fork: 1 of 3
# Warmup Iteration   1: 0.311 us/op
# Warmup Iteration   2: 0.275 us/op
# Warmup Iteration   3: 0.272 us/op
# Warmup Iteration   4: 0.275 us/op
# Warmup Iteration   5: 0.277 us/op
Iteration   1: 0.276 us/op
Iteration   2: 0.286 us/op
Iteration   3: 0.272 us/op
Iteration   4: 0.274 us/op
Iteration   5: 0.271 us/op
Iteration   6: 0.270 us/op
Iteration   7: 0.272 us/op
Iteration   8: 0.271 us/op
Iteration   9: 0.272 us/op
Iteration  10: 0.273 us/op

# Run progress: 61.04% complete, ETA 00:50:43
# Fork: 2 of 3
# Warmup Iteration   1: 0.298 us/op
# Warmup Iteration   2: 0.265 us/op
# Warmup Iteration   3: 0.263 us/op
# Warmup Iteration   4: 0.263 us/op
# Warmup Iteration   5: 0.264 us/op
Iteration   1: 0.264 us/op
Iteration   2: 0.263 us/op
Iteration   3: 0.270 us/op
Iteration   4: 0.264 us/op
Iteration   5: 0.265 us/op
Iteration   6: 0.269 us/op
Iteration   7: 0.267 us/op
Iteration   8: 0.265 us/op
Iteration   9: 0.263 us/op
Iteration  10: 0.263 us/op

# Run progress: 61.24% complete, ETA 00:50:27
# Fork: 3 of 3
# Warmup Iteration   1: 0.300 us/op
# Warmup Iteration   2: 0.282 us/op
# Warmup Iteration   3: 0.269 us/op
# Warmup Iteration   4: 0.270 us/op
# Warmup Iteration   5: 0.269 us/op
Iteration   1: 0.269 us/op
Iteration   2: 0.268 us/op
Iteration   3: 0.267 us/op
Iteration   4: 0.266 us/op
Iteration   5: 0.266 us/op
Iteration   6: 0.269 us/op
Iteration   7: 0.271 us/op
Iteration   8: 0.270 us/op
Iteration   9: 0.271 us/op
Iteration  10: 0.278 us/op


Result "de.splatgames.aether.datafixers.benchmarks.format.JsonBenchmark.crossFormatMigrationJacksonInput":
  0.269 ±(99.9%) 0.003 us/op [Average]
  (min, avg, max) = (0.263, 0.269, 0.286), stdev = 0.005
  CI (99.9%): [0.266, 0.273] (assumes normal distribution)


# JMH version: 1.37
# VM version: JDK 17.0.18, OpenJDK 64-Bit Server VM, 17.0.18+8-Ubuntu-122.04.1
# VM invoker: /usr/lib/jvm/java-17-openjdk-amd64/bin/java
# VM options: -Xms4G -Xmx4G -XX:+UseG1GC -XX:+AlwaysPreTouch
# Blackhole mode: compiler (auto-detected, use -Djmh.blackhole.autoDetect=false to disable)
# Warmup: 5 iterations, 1 s each
# Measurement: 10 iterations, 1 s each
# Timeout: 10 min per iteration
# Threads: 1 thread, will synchronize iterations
# Benchmark mode: Average time, time/op
# Benchmark: de.splatgames.aether.datafixers.benchmarks.format.JsonBenchmark.gsonFieldRead
# Parameters: (payloadSize = SMALL)

# Run progress: 61.45% complete, ETA 00:50:11
# Fork: 1 of 3
# Warmup Iteration   1: 0.028 us/op
# Warmup Iteration   2: 0.027 us/op
# Warmup Iteration   3: 0.026 us/op
# Warmup Iteration   4: 0.026 us/op
# Warmup Iteration   5: 0.026 us/op
Iteration   1: 0.026 us/op
Iteration   2: 0.026 us/op
Iteration   3: 0.026 us/op
Iteration   4: 0.026 us/op
Iteration   5: 0.027 us/op
Iteration   6: 0.026 us/op
Iteration   7: 0.026 us/op
Iteration   8: 0.026 us/op
Iteration   9: 0.026 us/op
Iteration  10: 0.026 us/op

# Run progress: 61.65% complete, ETA 00:49:56
# Fork: 2 of 3
# Warmup Iteration   1: 0.028 us/op
# Warmup Iteration   2: 0.026 us/op
# Warmup Iteration   3: 0.026 us/op
# Warmup Iteration   4: 0.028 us/op
# Warmup Iteration   5: 0.026 us/op
Iteration   1: 0.026 us/op
Iteration   2: 0.026 us/op
Iteration   3: 0.026 us/op
Iteration   4: 0.026 us/op
Iteration   5: 0.026 us/op
Iteration   6: 0.026 us/op
Iteration   7: 0.026 us/op
Iteration   8: 0.026 us/op
Iteration   9: 0.027 us/op
Iteration  10: 0.026 us/op

# Run progress: 61.85% complete, ETA 00:49:40
# Fork: 3 of 3
# Warmup Iteration   1: 0.027 us/op
# Warmup Iteration   2: 0.027 us/op
# Warmup Iteration   3: 0.026 us/op
# Warmup Iteration   4: 0.026 us/op
# Warmup Iteration   5: 0.026 us/op
Iteration   1: 0.026 us/op
Iteration   2: 0.027 us/op
Iteration   3: 0.026 us/op
Iteration   4: 0.026 us/op
Iteration   5: 0.027 us/op
Iteration   6: 0.026 us/op
Iteration   7: 0.026 us/op
Iteration   8: 0.026 us/op
Iteration   9: 0.026 us/op
Iteration  10: 0.026 us/op


Result "de.splatgames.aether.datafixers.benchmarks.format.JsonBenchmark.gsonFieldRead":
  0.026 ±(99.9%) 0.001 us/op [Average]
  (min, avg, max) = (0.026, 0.026, 0.027), stdev = 0.001
  CI (99.9%): [0.026, 0.026] (assumes normal distribution)


# JMH version: 1.37
# VM version: JDK 17.0.18, OpenJDK 64-Bit Server VM, 17.0.18+8-Ubuntu-122.04.1
# VM invoker: /usr/lib/jvm/java-17-openjdk-amd64/bin/java
# VM options: -Xms4G -Xmx4G -XX:+UseG1GC -XX:+AlwaysPreTouch
# Blackhole mode: compiler (auto-detected, use -Djmh.blackhole.autoDetect=false to disable)
# Warmup: 5 iterations, 1 s each
# Measurement: 10 iterations, 1 s each
# Timeout: 10 min per iteration
# Threads: 1 thread, will synchronize iterations
# Benchmark mode: Average time, time/op
# Benchmark: de.splatgames.aether.datafixers.benchmarks.format.JsonBenchmark.gsonFieldRead
# Parameters: (payloadSize = MEDIUM)

# Run progress: 62.05% complete, ETA 00:49:24
# Fork: 1 of 3
# Warmup Iteration   1: 0.020 us/op
# Warmup Iteration   2: 0.029 us/op
# Warmup Iteration   3: 0.028 us/op
# Warmup Iteration   4: 0.028 us/op
# Warmup Iteration   5: 0.028 us/op
Iteration   1: 0.028 us/op
Iteration   2: 0.028 us/op
Iteration   3: 0.028 us/op
Iteration   4: 0.028 us/op
Iteration   5: 0.028 us/op
Iteration   6: 0.028 us/op
Iteration   7: 0.028 us/op
Iteration   8: 0.028 us/op
Iteration   9: 0.028 us/op
Iteration  10: 0.028 us/op

# Run progress: 62.25% complete, ETA 00:49:08
# Fork: 2 of 3
# Warmup Iteration   1: 0.020 us/op
# Warmup Iteration   2: 0.027 us/op
# Warmup Iteration   3: 0.027 us/op
# Warmup Iteration   4: 0.027 us/op
# Warmup Iteration   5: 0.027 us/op
Iteration   1: 0.027 us/op
Iteration   2: 0.028 us/op
Iteration   3: 0.027 us/op
Iteration   4: 0.027 us/op
Iteration   5: 0.027 us/op
Iteration   6: 0.027 us/op
Iteration   7: 0.027 us/op
Iteration   8: 0.027 us/op
Iteration   9: 0.028 us/op
Iteration  10: 0.027 us/op

# Run progress: 62.45% complete, ETA 00:48:53
# Fork: 3 of 3
# Warmup Iteration   1: 0.020 us/op
# Warmup Iteration   2: 0.030 us/op
# Warmup Iteration   3: 0.028 us/op
# Warmup Iteration   4: 0.028 us/op
# Warmup Iteration   5: 0.028 us/op
Iteration   1: 0.028 us/op
Iteration   2: 0.028 us/op
Iteration   3: 0.028 us/op
Iteration   4: 0.028 us/op
Iteration   5: 0.028 us/op
Iteration   6: 0.028 us/op
Iteration   7: 0.028 us/op
Iteration   8: 0.028 us/op
Iteration   9: 0.028 us/op
Iteration  10: 0.028 us/op


Result "de.splatgames.aether.datafixers.benchmarks.format.JsonBenchmark.gsonFieldRead":
  0.028 ±(99.9%) 0.001 us/op [Average]
  (min, avg, max) = (0.027, 0.028, 0.028), stdev = 0.001
  CI (99.9%): [0.027, 0.028] (assumes normal distribution)


# JMH version: 1.37
# VM version: JDK 17.0.18, OpenJDK 64-Bit Server VM, 17.0.18+8-Ubuntu-122.04.1
# VM invoker: /usr/lib/jvm/java-17-openjdk-amd64/bin/java
# VM options: -Xms4G -Xmx4G -XX:+UseG1GC -XX:+AlwaysPreTouch
# Blackhole mode: compiler (auto-detected, use -Djmh.blackhole.autoDetect=false to disable)
# Warmup: 5 iterations, 1 s each
# Measurement: 10 iterations, 1 s each
# Timeout: 10 min per iteration
# Threads: 1 thread, will synchronize iterations
# Benchmark mode: Average time, time/op
# Benchmark: de.splatgames.aether.datafixers.benchmarks.format.JsonBenchmark.gsonFieldRead
# Parameters: (payloadSize = LARGE)

# Run progress: 62.65% complete, ETA 00:48:37
# Fork: 1 of 3
# Warmup Iteration   1: 0.029 us/op
# Warmup Iteration   2: 0.029 us/op
# Warmup Iteration   3: 0.029 us/op
# Warmup Iteration   4: 0.029 us/op
# Warmup Iteration   5: 0.028 us/op
Iteration   1: 0.029 us/op
Iteration   2: 0.028 us/op
Iteration   3: 0.029 us/op
Iteration   4: 0.029 us/op
Iteration   5: 0.029 us/op
Iteration   6: 0.029 us/op
Iteration   7: 0.028 us/op
Iteration   8: 0.029 us/op
Iteration   9: 0.029 us/op
Iteration  10: 0.028 us/op

# Run progress: 62.85% complete, ETA 00:48:21
# Fork: 2 of 3
# Warmup Iteration   1: 0.028 us/op
# Warmup Iteration   2: 0.027 us/op
# Warmup Iteration   3: 0.026 us/op
# Warmup Iteration   4: 0.027 us/op
# Warmup Iteration   5: 0.026 us/op
Iteration   1: 0.026 us/op
Iteration   2: 0.027 us/op
Iteration   3: 0.026 us/op
Iteration   4: 0.026 us/op
Iteration   5: 0.027 us/op
Iteration   6: 0.027 us/op
Iteration   7: 0.026 us/op
Iteration   8: 0.026 us/op
Iteration   9: 0.026 us/op
Iteration  10: 0.026 us/op

# Run progress: 63.05% complete, ETA 00:48:06
# Fork: 3 of 3
# Warmup Iteration   1: 0.028 us/op
# Warmup Iteration   2: 0.028 us/op
# Warmup Iteration   3: 0.027 us/op
# Warmup Iteration   4: 0.027 us/op
# Warmup Iteration   5: 0.026 us/op
Iteration   1: 0.027 us/op
Iteration   2: 0.026 us/op
Iteration   3: 0.026 us/op
Iteration   4: 0.027 us/op
Iteration   5: 0.026 us/op
Iteration   6: 0.026 us/op
Iteration   7: 0.026 us/op
Iteration   8: 0.026 us/op
Iteration   9: 0.027 us/op
Iteration  10: 0.027 us/op


Result "de.splatgames.aether.datafixers.benchmarks.format.JsonBenchmark.gsonFieldRead":
  0.027 ±(99.9%) 0.001 us/op [Average]
  (min, avg, max) = (0.026, 0.027, 0.029), stdev = 0.001
  CI (99.9%): [0.027, 0.028] (assumes normal distribution)


# JMH version: 1.37
# VM version: JDK 17.0.18, OpenJDK 64-Bit Server VM, 17.0.18+8-Ubuntu-122.04.1
# VM invoker: /usr/lib/jvm/java-17-openjdk-amd64/bin/java
# VM options: -Xms4G -Xmx4G -XX:+UseG1GC -XX:+AlwaysPreTouch
# Blackhole mode: compiler (auto-detected, use -Djmh.blackhole.autoDetect=false to disable)
# Warmup: 5 iterations, 1 s each
# Measurement: 10 iterations, 1 s each
# Timeout: 10 min per iteration
# Threads: 1 thread, will synchronize iterations
# Benchmark mode: Average time, time/op
# Benchmark: de.splatgames.aether.datafixers.benchmarks.format.JsonBenchmark.gsonFieldSet
# Parameters: (payloadSize = SMALL)

# Run progress: 63.25% complete, ETA 00:47:50
# Fork: 1 of 3
# Warmup Iteration   1: 1.592 us/op
# Warmup Iteration   2: 1.547 us/op
# Warmup Iteration   3: 1.553 us/op
# Warmup Iteration   4: 1.532 us/op
# Warmup Iteration   5: 1.531 us/op
Iteration   1: 1.542 us/op
Iteration   2: 1.537 us/op
Iteration   3: 1.553 us/op
Iteration   4: 1.546 us/op
Iteration   5: 1.539 us/op
Iteration   6: 1.539 us/op
Iteration   7: 1.560 us/op
Iteration   8: 1.544 us/op
Iteration   9: 1.545 us/op
Iteration  10: 1.538 us/op

# Run progress: 63.45% complete, ETA 00:47:34
# Fork: 2 of 3
# Warmup Iteration   1: 1.584 us/op
# Warmup Iteration   2: 1.532 us/op
# Warmup Iteration   3: 1.552 us/op
# Warmup Iteration   4: 1.524 us/op
# Warmup Iteration   5: 1.519 us/op
Iteration   1: 1.532 us/op
Iteration   2: 1.535 us/op
Iteration   3: 1.559 us/op
Iteration   4: 1.523 us/op
Iteration   5: 1.528 us/op
Iteration   6: 1.536 us/op
Iteration   7: 1.529 us/op
Iteration   8: 1.562 us/op
Iteration   9: 1.522 us/op
Iteration  10: 1.513 us/op

# Run progress: 63.65% complete, ETA 00:47:19
# Fork: 3 of 3
# Warmup Iteration   1: 1.539 us/op
# Warmup Iteration   2: 1.514 us/op
# Warmup Iteration   3: 1.502 us/op
# Warmup Iteration   4: 1.508 us/op
# Warmup Iteration   5: 1.515 us/op
Iteration   1: 1.533 us/op
Iteration   2: 1.502 us/op
Iteration   3: 1.526 us/op
Iteration   4: 1.492 us/op
Iteration   5: 1.516 us/op
Iteration   6: 1.494 us/op
Iteration   7: 1.500 us/op
Iteration   8: 1.487 us/op
Iteration   9: 1.493 us/op
Iteration  10: 1.487 us/op


Result "de.splatgames.aether.datafixers.benchmarks.format.JsonBenchmark.gsonFieldSet":
  1.527 ±(99.9%) 0.015 us/op [Average]
  (min, avg, max) = (1.487, 1.527, 1.562), stdev = 0.022
  CI (99.9%): [1.512, 1.542] (assumes normal distribution)


# JMH version: 1.37
# VM version: JDK 17.0.18, OpenJDK 64-Bit Server VM, 17.0.18+8-Ubuntu-122.04.1
# VM invoker: /usr/lib/jvm/java-17-openjdk-amd64/bin/java
# VM options: -Xms4G -Xmx4G -XX:+UseG1GC -XX:+AlwaysPreTouch
# Blackhole mode: compiler (auto-detected, use -Djmh.blackhole.autoDetect=false to disable)
# Warmup: 5 iterations, 1 s each
# Measurement: 10 iterations, 1 s each
# Timeout: 10 min per iteration
# Threads: 1 thread, will synchronize iterations
# Benchmark mode: Average time, time/op
# Benchmark: de.splatgames.aether.datafixers.benchmarks.format.JsonBenchmark.gsonFieldSet
# Parameters: (payloadSize = MEDIUM)

# Run progress: 63.86% complete, ETA 00:47:03
# Fork: 1 of 3
# Warmup Iteration   1: 12.139 us/op
# Warmup Iteration   2: 11.826 us/op
# Warmup Iteration   3: 11.657 us/op
# Warmup Iteration   4: 11.836 us/op
# Warmup Iteration   5: 11.737 us/op
Iteration   1: 11.510 us/op
Iteration   2: 11.631 us/op
Iteration   3: 11.583 us/op
Iteration   4: 11.691 us/op
Iteration   5: 11.697 us/op
Iteration   6: 11.850 us/op
Iteration   7: 11.635 us/op
Iteration   8: 12.149 us/op
Iteration   9: 11.641 us/op
Iteration  10: 11.601 us/op

# Run progress: 64.06% complete, ETA 00:46:47
# Fork: 2 of 3
# Warmup Iteration   1: 12.158 us/op
# Warmup Iteration   2: 11.568 us/op
# Warmup Iteration   3: 11.509 us/op
# Warmup Iteration   4: 11.570 us/op
# Warmup Iteration   5: 11.494 us/op
Iteration   1: 12.360 us/op
Iteration   2: 11.775 us/op
Iteration   3: 11.659 us/op
Iteration   4: 11.546 us/op
Iteration   5: 11.607 us/op
Iteration   6: 11.451 us/op
Iteration   7: 11.450 us/op
Iteration   8: 11.512 us/op
Iteration   9: 11.609 us/op
Iteration  10: 11.662 us/op

# Run progress: 64.26% complete, ETA 00:46:32
# Fork: 3 of 3
# Warmup Iteration   1: 12.095 us/op
# Warmup Iteration   2: 11.589 us/op
# Warmup Iteration   3: 11.511 us/op
# Warmup Iteration   4: 11.493 us/op
# Warmup Iteration   5: 11.551 us/op
Iteration   1: 11.619 us/op
Iteration   2: 11.630 us/op
Iteration   3: 11.672 us/op
Iteration   4: 11.664 us/op
Iteration   5: 11.775 us/op
Iteration   6: 11.558 us/op
Iteration   7: 11.574 us/op
Iteration   8: 11.646 us/op
Iteration   9: 11.559 us/op
Iteration  10: 11.606 us/op


Result "de.splatgames.aether.datafixers.benchmarks.format.JsonBenchmark.gsonFieldSet":
  11.664 ±(99.9%) 0.123 us/op [Average]
  (min, avg, max) = (11.450, 11.664, 12.360), stdev = 0.185
  CI (99.9%): [11.541, 11.787] (assumes normal distribution)


# JMH version: 1.37
# VM version: JDK 17.0.18, OpenJDK 64-Bit Server VM, 17.0.18+8-Ubuntu-122.04.1
# VM invoker: /usr/lib/jvm/java-17-openjdk-amd64/bin/java
# VM options: -Xms4G -Xmx4G -XX:+UseG1GC -XX:+AlwaysPreTouch
# Blackhole mode: compiler (auto-detected, use -Djmh.blackhole.autoDetect=false to disable)
# Warmup: 5 iterations, 1 s each
# Measurement: 10 iterations, 1 s each
# Timeout: 10 min per iteration
# Threads: 1 thread, will synchronize iterations
# Benchmark mode: Average time, time/op
# Benchmark: de.splatgames.aether.datafixers.benchmarks.format.JsonBenchmark.gsonFieldSet
# Parameters: (payloadSize = LARGE)

# Run progress: 64.46% complete, ETA 00:46:16
# Fork: 1 of 3
# Warmup Iteration   1: 91.741 us/op
# Warmup Iteration   2: 91.336 us/op
# Warmup Iteration   3: 89.142 us/op
# Warmup Iteration   4: 90.620 us/op
# Warmup Iteration   5: 91.545 us/op
Iteration   1: 88.993 us/op
Iteration   2: 90.967 us/op
Iteration   3: 88.300 us/op
Iteration   4: 88.299 us/op
Iteration   5: 89.034 us/op
Iteration   6: 91.214 us/op
Iteration   7: 93.546 us/op
Iteration   8: 93.157 us/op
Iteration   9: 92.969 us/op
Iteration  10: 93.291 us/op

# Run progress: 64.66% complete, ETA 00:46:00
# Fork: 2 of 3
# Warmup Iteration   1: 95.837 us/op
# Warmup Iteration   2: 91.455 us/op
# Warmup Iteration   3: 91.106 us/op
# Warmup Iteration   4: 91.282 us/op
# Warmup Iteration   5: 90.786 us/op
Iteration   1: 90.964 us/op
Iteration   2: 90.860 us/op
Iteration   3: 90.647 us/op
Iteration   4: 93.182 us/op
Iteration   5: 93.087 us/op
Iteration   6: 93.385 us/op
Iteration   7: 93.997 us/op
Iteration   8: 94.338 us/op
Iteration   9: 95.157 us/op
Iteration  10: 94.491 us/op

# Run progress: 64.86% complete, ETA 00:45:45
# Fork: 3 of 3
# Warmup Iteration   1: 93.328 us/op
# Warmup Iteration   2: 92.028 us/op
# Warmup Iteration   3: 91.998 us/op
# Warmup Iteration   4: 90.385 us/op
# Warmup Iteration   5: 90.934 us/op
Iteration   1: 90.557 us/op
Iteration   2: 91.154 us/op
Iteration   3: 90.769 us/op
Iteration   4: 89.708 us/op
Iteration   5: 89.727 us/op
Iteration   6: 89.318 us/op
Iteration   7: 92.867 us/op
Iteration   8: 94.171 us/op
Iteration   9: 92.882 us/op
Iteration  10: 93.232 us/op


Result "de.splatgames.aether.datafixers.benchmarks.format.JsonBenchmark.gsonFieldSet":
  91.809 ±(99.9%) 1.337 us/op [Average]
  (min, avg, max) = (88.299, 91.809, 95.157), stdev = 2.001
  CI (99.9%): [90.472, 93.146] (assumes normal distribution)


# JMH version: 1.37
# VM version: JDK 17.0.18, OpenJDK 64-Bit Server VM, 17.0.18+8-Ubuntu-122.04.1
# VM invoker: /usr/lib/jvm/java-17-openjdk-amd64/bin/java
# VM options: -Xms4G -Xmx4G -XX:+UseG1GC -XX:+AlwaysPreTouch
# Blackhole mode: compiler (auto-detected, use -Djmh.blackhole.autoDetect=false to disable)
# Warmup: 5 iterations, 1 s each
# Measurement: 10 iterations, 1 s each
# Timeout: 10 min per iteration
# Threads: 1 thread, will synchronize iterations
# Benchmark mode: Average time, time/op
# Benchmark: de.splatgames.aether.datafixers.benchmarks.format.JsonBenchmark.gsonGenerate
# Parameters: (payloadSize = SMALL)

# Run progress: 65.06% complete, ETA 00:45:29
# Fork: 1 of 3
# Warmup Iteration   1: 10.689 us/op
# Warmup Iteration   2: 9.663 us/op
# Warmup Iteration   3: 9.576 us/op
# Warmup Iteration   4: 9.600 us/op
# Warmup Iteration   5: 9.572 us/op
Iteration   1: 9.802 us/op
Iteration   2: 9.892 us/op
Iteration   3: 9.620 us/op
Iteration   4: 9.610 us/op
Iteration   5: 9.671 us/op
Iteration   6: 9.607 us/op
Iteration   7: 9.639 us/op
Iteration   8: 9.680 us/op
Iteration   9: 9.656 us/op
Iteration  10: 9.621 us/op

# Run progress: 65.26% complete, ETA 00:45:13
# Fork: 2 of 3
# Warmup Iteration   1: 10.775 us/op
# Warmup Iteration   2: 9.750 us/op
# Warmup Iteration   3: 9.636 us/op
# Warmup Iteration   4: 9.598 us/op
# Warmup Iteration   5: 9.536 us/op
Iteration   1: 9.595 us/op
Iteration   2: 9.541 us/op
Iteration   3: 9.496 us/op
Iteration   4: 9.487 us/op
Iteration   5: 9.488 us/op
Iteration   6: 9.484 us/op
Iteration   7: 9.777 us/op
Iteration   8: 9.594 us/op
Iteration   9: 9.615 us/op
Iteration  10: 9.528 us/op

# Run progress: 65.46% complete, ETA 00:44:58
# Fork: 3 of 3
# Warmup Iteration   1: 10.721 us/op
# Warmup Iteration   2: 9.631 us/op
# Warmup Iteration   3: 9.626 us/op
# Warmup Iteration   4: 9.600 us/op
# Warmup Iteration   5: 9.658 us/op
Iteration   1: 9.782 us/op
Iteration   2: 9.632 us/op
Iteration   3: 9.961 us/op
Iteration   4: 9.728 us/op
Iteration   5: 9.705 us/op
Iteration   6: 9.677 us/op
Iteration   7: 9.617 us/op
Iteration   8: 9.651 us/op
Iteration   9: 9.680 us/op
Iteration  10: 9.679 us/op


Result "de.splatgames.aether.datafixers.benchmarks.format.JsonBenchmark.gsonGenerate":
  9.651 ±(99.9%) 0.075 us/op [Average]
  (min, avg, max) = (9.484, 9.651, 9.961), stdev = 0.113
  CI (99.9%): [9.575, 9.726] (assumes normal distribution)


# JMH version: 1.37
# VM version: JDK 17.0.18, OpenJDK 64-Bit Server VM, 17.0.18+8-Ubuntu-122.04.1
# VM invoker: /usr/lib/jvm/java-17-openjdk-amd64/bin/java
# VM options: -Xms4G -Xmx4G -XX:+UseG1GC -XX:+AlwaysPreTouch
# Blackhole mode: compiler (auto-detected, use -Djmh.blackhole.autoDetect=false to disable)
# Warmup: 5 iterations, 1 s each
# Measurement: 10 iterations, 1 s each
# Timeout: 10 min per iteration
# Threads: 1 thread, will synchronize iterations
# Benchmark mode: Average time, time/op
# Benchmark: de.splatgames.aether.datafixers.benchmarks.format.JsonBenchmark.gsonGenerate
# Parameters: (payloadSize = MEDIUM)

# Run progress: 65.66% complete, ETA 00:44:42
# Fork: 1 of 3
# Warmup Iteration   1: 162.309 us/op
# Warmup Iteration   2: 150.569 us/op
# Warmup Iteration   3: 151.043 us/op
# Warmup Iteration   4: 151.798 us/op
# Warmup Iteration   5: 150.670 us/op
Iteration   1: 150.539 us/op
Iteration   2: 149.502 us/op
Iteration   3: 149.984 us/op
Iteration   4: 151.388 us/op
Iteration   5: 152.549 us/op
Iteration   6: 150.830 us/op
Iteration   7: 150.005 us/op
Iteration   8: 150.019 us/op
Iteration   9: 150.549 us/op
Iteration  10: 151.683 us/op

# Run progress: 65.86% complete, ETA 00:44:26
# Fork: 2 of 3
# Warmup Iteration   1: 161.398 us/op
# Warmup Iteration   2: 150.205 us/op
# Warmup Iteration   3: 151.356 us/op
# Warmup Iteration   4: 153.414 us/op
# Warmup Iteration   5: 151.217 us/op
Iteration   1: 150.366 us/op
Iteration   2: 149.749 us/op
Iteration   3: 151.230 us/op
Iteration   4: 150.070 us/op
Iteration   5: 150.689 us/op
Iteration   6: 149.670 us/op
Iteration   7: 150.615 us/op
Iteration   8: 148.894 us/op
Iteration   9: 150.768 us/op
Iteration  10: 153.171 us/op

# Run progress: 66.06% complete, ETA 00:44:10
# Fork: 3 of 3
# Warmup Iteration   1: 162.708 us/op
# Warmup Iteration   2: 150.996 us/op
# Warmup Iteration   3: 151.053 us/op
# Warmup Iteration   4: 151.957 us/op
# Warmup Iteration   5: 153.268 us/op
Iteration   1: 151.687 us/op
Iteration   2: 150.283 us/op
Iteration   3: 152.810 us/op
Iteration   4: 152.846 us/op
Iteration   5: 151.121 us/op
Iteration   6: 154.249 us/op
Iteration   7: 149.891 us/op
Iteration   8: 149.832 us/op
Iteration   9: 149.967 us/op
Iteration  10: 150.723 us/op


Result "de.splatgames.aether.datafixers.benchmarks.format.JsonBenchmark.gsonGenerate":
  150.856 ±(99.9%) 0.824 us/op [Average]
  (min, avg, max) = (148.894, 150.856, 154.249), stdev = 1.234
  CI (99.9%): [150.032, 151.680] (assumes normal distribution)


# JMH version: 1.37
# VM version: JDK 17.0.18, OpenJDK 64-Bit Server VM, 17.0.18+8-Ubuntu-122.04.1
# VM invoker: /usr/lib/jvm/java-17-openjdk-amd64/bin/java
# VM options: -Xms4G -Xmx4G -XX:+UseG1GC -XX:+AlwaysPreTouch
# Blackhole mode: compiler (auto-detected, use -Djmh.blackhole.autoDetect=false to disable)
# Warmup: 5 iterations, 1 s each
# Measurement: 10 iterations, 1 s each
# Timeout: 10 min per iteration
# Threads: 1 thread, will synchronize iterations
# Benchmark mode: Average time, time/op
# Benchmark: de.splatgames.aether.datafixers.benchmarks.format.JsonBenchmark.gsonGenerate
# Parameters: (payloadSize = LARGE)

# Run progress: 66.27% complete, ETA 00:43:55
# Fork: 1 of 3
# Warmup Iteration   1: 1390.332 us/op
# Warmup Iteration   2: 1303.468 us/op
# Warmup Iteration   3: 1338.275 us/op
# Warmup Iteration   4: 1309.116 us/op
# Warmup Iteration   5: 1315.209 us/op
Iteration   1: 1401.991 us/op
Iteration   2: 1297.642 us/op
Iteration   3: 1333.709 us/op
Iteration   4: 1300.119 us/op
Iteration   5: 1293.489 us/op
Iteration   6: 1296.186 us/op
Iteration   7: 1300.009 us/op
Iteration   8: 1329.417 us/op
Iteration   9: 1314.566 us/op
Iteration  10: 1301.210 us/op

# Run progress: 66.47% complete, ETA 00:43:39
# Fork: 2 of 3
# Warmup Iteration   1: 1409.539 us/op
# Warmup Iteration   2: 1320.154 us/op
# Warmup Iteration   3: 1310.840 us/op
# Warmup Iteration   4: 1305.636 us/op
# Warmup Iteration   5: 1296.787 us/op
Iteration   1: 1301.336 us/op
Iteration   2: 1335.107 us/op
Iteration   3: 1310.561 us/op
Iteration   4: 1313.416 us/op
Iteration   5: 1314.376 us/op
Iteration   6: 1311.059 us/op
Iteration   7: 1301.919 us/op
Iteration   8: 1308.775 us/op
Iteration   9: 1305.703 us/op
Iteration  10: 1306.420 us/op

# Run progress: 66.67% complete, ETA 00:43:23
# Fork: 3 of 3
# Warmup Iteration   1: 1417.265 us/op
# Warmup Iteration   2: 1332.561 us/op
# Warmup Iteration   3: 1309.994 us/op
# Warmup Iteration   4: 1294.130 us/op
# Warmup Iteration   5: 1298.640 us/op
Iteration   1: 1296.878 us/op
Iteration   2: 1304.228 us/op
Iteration   3: 1310.574 us/op
Iteration   4: 1315.510 us/op
Iteration   5: 1307.993 us/op
Iteration   6: 1325.771 us/op
Iteration   7: 1358.148 us/op
Iteration   8: 1310.395 us/op
Iteration   9: 1299.040 us/op
Iteration  10: 1292.706 us/op


Result "de.splatgames.aether.datafixers.benchmarks.format.JsonBenchmark.gsonGenerate":
  1313.275 ±(99.9%) 14.708 us/op [Average]
  (min, avg, max) = (1292.706, 1313.275, 1401.991), stdev = 22.014
  CI (99.9%): [1298.567, 1327.983] (assumes normal distribution)


# JMH version: 1.37
# VM version: JDK 17.0.18, OpenJDK 64-Bit Server VM, 17.0.18+8-Ubuntu-122.04.1
# VM invoker: /usr/lib/jvm/java-17-openjdk-amd64/bin/java
# VM options: -Xms4G -Xmx4G -XX:+UseG1GC -XX:+AlwaysPreTouch
# Blackhole mode: compiler (auto-detected, use -Djmh.blackhole.autoDetect=false to disable)
# Warmup: 5 iterations, 1 s each
# Measurement: 10 iterations, 1 s each
# Timeout: 10 min per iteration
# Threads: 1 thread, will synchronize iterations
# Benchmark mode: Average time, time/op
# Benchmark: de.splatgames.aether.datafixers.benchmarks.format.JsonBenchmark.gsonMigration
# Parameters: (payloadSize = SMALL)

# Run progress: 66.87% complete, ETA 00:43:08
# Fork: 1 of 3
# Warmup Iteration   1: 0.303 us/op
# Warmup Iteration   2: 0.277 us/op
# Warmup Iteration   3: 0.273 us/op
# Warmup Iteration   4: 0.273 us/op
# Warmup Iteration   5: 0.275 us/op
Iteration   1: 0.282 us/op
Iteration   2: 0.280 us/op
Iteration   3: 0.284 us/op
Iteration   4: 0.278 us/op
Iteration   5: 0.278 us/op
Iteration   6: 0.277 us/op
Iteration   7: 0.275 us/op
Iteration   8: 0.274 us/op
Iteration   9: 0.274 us/op
Iteration  10: 0.274 us/op

# Run progress: 67.07% complete, ETA 00:42:52
# Fork: 2 of 3
# Warmup Iteration   1: 0.314 us/op
# Warmup Iteration   2: 0.277 us/op
# Warmup Iteration   3: 0.282 us/op
# Warmup Iteration   4: 0.278 us/op
# Warmup Iteration   5: 0.276 us/op
Iteration   1: 0.276 us/op
Iteration   2: 0.276 us/op
Iteration   3: 0.273 us/op
Iteration   4: 0.276 us/op
Iteration   5: 0.276 us/op
Iteration   6: 0.280 us/op
Iteration   7: 0.275 us/op
Iteration   8: 0.272 us/op
Iteration   9: 0.282 us/op
Iteration  10: 0.275 us/op

# Run progress: 67.27% complete, ETA 00:42:36
# Fork: 3 of 3
# Warmup Iteration   1: 0.323 us/op
# Warmup Iteration   2: 0.287 us/op
# Warmup Iteration   3: 0.285 us/op
# Warmup Iteration   4: 0.286 us/op
# Warmup Iteration   5: 0.297 us/op
Iteration   1: 0.283 us/op
Iteration   2: 0.282 us/op
Iteration   3: 0.281 us/op
Iteration   4: 0.281 us/op
Iteration   5: 0.284 us/op
Iteration   6: 0.281 us/op
Iteration   7: 0.281 us/op
Iteration   8: 0.287 us/op
Iteration   9: 0.286 us/op
Iteration  10: 0.288 us/op


Result "de.splatgames.aether.datafixers.benchmarks.format.JsonBenchmark.gsonMigration":
  0.279 ±(99.9%) 0.003 us/op [Average]
  (min, avg, max) = (0.272, 0.279, 0.288), stdev = 0.004
  CI (99.9%): [0.276, 0.282] (assumes normal distribution)


# JMH version: 1.37
# VM version: JDK 17.0.18, OpenJDK 64-Bit Server VM, 17.0.18+8-Ubuntu-122.04.1
# VM invoker: /usr/lib/jvm/java-17-openjdk-amd64/bin/java
# VM options: -Xms4G -Xmx4G -XX:+UseG1GC -XX:+AlwaysPreTouch
# Blackhole mode: compiler (auto-detected, use -Djmh.blackhole.autoDetect=false to disable)
# Warmup: 5 iterations, 1 s each
# Measurement: 10 iterations, 1 s each
# Timeout: 10 min per iteration
# Threads: 1 thread, will synchronize iterations
# Benchmark mode: Average time, time/op
# Benchmark: de.splatgames.aether.datafixers.benchmarks.format.JsonBenchmark.gsonMigration
# Parameters: (payloadSize = MEDIUM)

# Run progress: 67.47% complete, ETA 00:42:21
# Fork: 1 of 3
# Warmup Iteration   1: 0.328 us/op
# Warmup Iteration   2: 0.290 us/op
# Warmup Iteration   3: 0.289 us/op
# Warmup Iteration   4: 0.290 us/op
# Warmup Iteration   5: 0.289 us/op
Iteration   1: 0.290 us/op
Iteration   2: 0.292 us/op
Iteration   3: 0.293 us/op
Iteration   4: 0.299 us/op
Iteration   5: 0.291 us/op
Iteration   6: 0.293 us/op
Iteration   7: 0.289 us/op
Iteration   8: 0.288 us/op
Iteration   9: 0.290 us/op
Iteration  10: 0.290 us/op

# Run progress: 67.67% complete, ETA 00:42:05
# Fork: 2 of 3
# Warmup Iteration   1: 0.330 us/op
# Warmup Iteration   2: 0.300 us/op
# Warmup Iteration   3: 0.300 us/op
# Warmup Iteration   4: 0.293 us/op
# Warmup Iteration   5: 0.294 us/op
Iteration   1: 0.295 us/op
Iteration   2: 0.296 us/op
Iteration   3: 0.296 us/op
Iteration   4: 0.301 us/op
Iteration   5: 0.299 us/op
Iteration   6: 0.295 us/op
Iteration   7: 0.297 us/op
Iteration   8: 0.302 us/op
Iteration   9: 0.300 us/op
Iteration  10: 0.301 us/op

# Run progress: 67.87% complete, ETA 00:41:49
# Fork: 3 of 3
# Warmup Iteration   1: 0.342 us/op
# Warmup Iteration   2: 0.301 us/op
# Warmup Iteration   3: 0.297 us/op
# Warmup Iteration   4: 0.298 us/op
# Warmup Iteration   5: 0.297 us/op
Iteration   1: 0.296 us/op
Iteration   2: 0.300 us/op
Iteration   3: 0.303 us/op
Iteration   4: 0.292 us/op
Iteration   5: 0.293 us/op
Iteration   6: 0.303 us/op
Iteration   7: 0.297 us/op
Iteration   8: 0.297 us/op
Iteration   9: 0.296 us/op
Iteration  10: 0.295 us/op


Result "de.splatgames.aether.datafixers.benchmarks.format.JsonBenchmark.gsonMigration":
  0.296 ±(99.9%) 0.003 us/op [Average]
  (min, avg, max) = (0.288, 0.296, 0.303), stdev = 0.004
  CI (99.9%): [0.293, 0.299] (assumes normal distribution)


# JMH version: 1.37
# VM version: JDK 17.0.18, OpenJDK 64-Bit Server VM, 17.0.18+8-Ubuntu-122.04.1
# VM invoker: /usr/lib/jvm/java-17-openjdk-amd64/bin/java
# VM options: -Xms4G -Xmx4G -XX:+UseG1GC -XX:+AlwaysPreTouch
# Blackhole mode: compiler (auto-detected, use -Djmh.blackhole.autoDetect=false to disable)
# Warmup: 5 iterations, 1 s each
# Measurement: 10 iterations, 1 s each
# Timeout: 10 min per iteration
# Threads: 1 thread, will synchronize iterations
# Benchmark mode: Average time, time/op
# Benchmark: de.splatgames.aether.datafixers.benchmarks.format.JsonBenchmark.gsonMigration
# Parameters: (payloadSize = LARGE)

# Run progress: 68.07% complete, ETA 00:41:34
# Fork: 1 of 3
# Warmup Iteration   1: 0.366 us/op
# Warmup Iteration   2: 0.347 us/op
# Warmup Iteration   3: 0.342 us/op
# Warmup Iteration   4: 0.334 us/op
# Warmup Iteration   5: 0.328 us/op
Iteration   1: 0.335 us/op
Iteration   2: 0.340 us/op
Iteration   3: 0.335 us/op
Iteration   4: 0.334 us/op
Iteration   5: 0.336 us/op
Iteration   6: 0.334 us/op
Iteration   7: 0.346 us/op
Iteration   8: 0.335 us/op
Iteration   9: 0.349 us/op
Iteration  10: 0.344 us/op

# Run progress: 68.27% complete, ETA 00:41:18
# Fork: 2 of 3
# Warmup Iteration   1: 0.358 us/op
# Warmup Iteration   2: 0.319 us/op
# Warmup Iteration   3: 0.321 us/op
# Warmup Iteration   4: 0.319 us/op
# Warmup Iteration   5: 0.314 us/op
Iteration   1: 0.320 us/op
Iteration   2: 0.320 us/op
Iteration   3: 0.317 us/op
Iteration   4: 0.314 us/op
Iteration   5: 0.314 us/op
Iteration   6: 0.313 us/op
Iteration   7: 0.314 us/op
Iteration   8: 0.324 us/op
Iteration   9: 0.319 us/op
Iteration  10: 0.317 us/op

# Run progress: 68.47% complete, ETA 00:41:02
# Fork: 3 of 3
# Warmup Iteration   1: 0.353 us/op
# Warmup Iteration   2: 0.312 us/op
# Warmup Iteration   3: 0.314 us/op
# Warmup Iteration   4: 0.307 us/op
# Warmup Iteration   5: 0.307 us/op
Iteration   1: 0.308 us/op
Iteration   2: 0.307 us/op
Iteration   3: 0.307 us/op
Iteration   4: 0.306 us/op
Iteration   5: 0.306 us/op
Iteration   6: 0.314 us/op
Iteration   7: 0.309 us/op
Iteration   8: 0.313 us/op
Iteration   9: 0.323 us/op
Iteration  10: 0.319 us/op


Result "de.splatgames.aether.datafixers.benchmarks.format.JsonBenchmark.gsonMigration":
  0.322 ±(99.9%) 0.009 us/op [Average]
  (min, avg, max) = (0.306, 0.322, 0.349), stdev = 0.013
  CI (99.9%): [0.314, 0.331] (assumes normal distribution)


# JMH version: 1.37
# VM version: JDK 17.0.18, OpenJDK 64-Bit Server VM, 17.0.18+8-Ubuntu-122.04.1
# VM invoker: /usr/lib/jvm/java-17-openjdk-amd64/bin/java
# VM options: -Xms4G -Xmx4G -XX:+UseG1GC -XX:+AlwaysPreTouch
# Blackhole mode: compiler (auto-detected, use -Djmh.blackhole.autoDetect=false to disable)
# Warmup: 5 iterations, 1 s each
# Measurement: 10 iterations, 1 s each
# Timeout: 10 min per iteration
# Threads: 1 thread, will synchronize iterations
# Benchmark mode: Average time, time/op
# Benchmark: de.splatgames.aether.datafixers.benchmarks.format.JsonBenchmark.jacksonFieldRead
# Parameters: (payloadSize = SMALL)

# Run progress: 68.67% complete, ETA 00:40:47
# Fork: 1 of 3
# Warmup Iteration   1: 0.018 us/op
# Warmup Iteration   2: 0.018 us/op
# Warmup Iteration   3: 0.017 us/op
# Warmup Iteration   4: 0.017 us/op
# Warmup Iteration   5: 0.018 us/op
Iteration   1: 0.017 us/op
Iteration   2: 0.017 us/op
Iteration   3: 0.017 us/op
Iteration   4: 0.017 us/op
Iteration   5: 0.017 us/op
Iteration   6: 0.017 us/op
Iteration   7: 0.017 us/op
Iteration   8: 0.017 us/op
Iteration   9: 0.017 us/op
Iteration  10: 0.018 us/op

# Run progress: 68.88% complete, ETA 00:40:31
# Fork: 2 of 3
# Warmup Iteration   1: 0.018 us/op
# Warmup Iteration   2: 0.017 us/op
# Warmup Iteration   3: 0.016 us/op
# Warmup Iteration   4: 0.016 us/op
# Warmup Iteration   5: 0.016 us/op
Iteration   1: 0.016 us/op
Iteration   2: 0.016 us/op
Iteration   3: 0.016 us/op
Iteration   4: 0.016 us/op
Iteration   5: 0.017 us/op
Iteration   6: 0.016 us/op
Iteration   7: 0.016 us/op
Iteration   8: 0.016 us/op
Iteration   9: 0.016 us/op
Iteration  10: 0.016 us/op

# Run progress: 69.08% complete, ETA 00:40:15
# Fork: 3 of 3
# Warmup Iteration   1: 0.018 us/op
# Warmup Iteration   2: 0.018 us/op
# Warmup Iteration   3: 0.018 us/op
# Warmup Iteration   4: 0.018 us/op
# Warmup Iteration   5: 0.018 us/op
Iteration   1: 0.018 us/op
Iteration   2: 0.017 us/op
Iteration   3: 0.017 us/op
Iteration   4: 0.017 us/op
Iteration   5: 0.017 us/op
Iteration   6: 0.017 us/op
Iteration   7: 0.017 us/op
Iteration   8: 0.017 us/op
Iteration   9: 0.017 us/op
Iteration  10: 0.017 us/op


Result "de.splatgames.aether.datafixers.benchmarks.format.JsonBenchmark.jacksonFieldRead":
  0.017 ±(99.9%) 0.001 us/op [Average]
  (min, avg, max) = (0.016, 0.017, 0.018), stdev = 0.001
  CI (99.9%): [0.017, 0.017] (assumes normal distribution)


# JMH version: 1.37
# VM version: JDK 17.0.18, OpenJDK 64-Bit Server VM, 17.0.18+8-Ubuntu-122.04.1
# VM invoker: /usr/lib/jvm/java-17-openjdk-amd64/bin/java
# VM options: -Xms4G -Xmx4G -XX:+UseG1GC -XX:+AlwaysPreTouch
# Blackhole mode: compiler (auto-detected, use -Djmh.blackhole.autoDetect=false to disable)
# Warmup: 5 iterations, 1 s each
# Measurement: 10 iterations, 1 s each
# Timeout: 10 min per iteration
# Threads: 1 thread, will synchronize iterations
# Benchmark mode: Average time, time/op
# Benchmark: de.splatgames.aether.datafixers.benchmarks.format.JsonBenchmark.jacksonFieldRead
# Parameters: (payloadSize = MEDIUM)

# Run progress: 69.28% complete, ETA 00:39:59
# Fork: 1 of 3
# Warmup Iteration   1: 0.016 us/op
# Warmup Iteration   2: 0.017 us/op
# Warmup Iteration   3: 0.016 us/op
# Warmup Iteration   4: 0.016 us/op
# Warmup Iteration   5: 0.016 us/op
Iteration   1: 0.016 us/op
Iteration   2: 0.016 us/op
Iteration   3: 0.017 us/op
Iteration   4: 0.016 us/op
Iteration   5: 0.016 us/op
Iteration   6: 0.016 us/op
Iteration   7: 0.016 us/op
Iteration   8: 0.016 us/op
Iteration   9: 0.017 us/op
Iteration  10: 0.016 us/op

# Run progress: 69.48% complete, ETA 00:39:44
# Fork: 2 of 3
# Warmup Iteration   1: 0.016 us/op
# Warmup Iteration   2: 0.016 us/op
# Warmup Iteration   3: 0.016 us/op
# Warmup Iteration   4: 0.016 us/op
# Warmup Iteration   5: 0.017 us/op
Iteration   1: 0.017 us/op
Iteration   2: 0.016 us/op
Iteration   3: 0.016 us/op
Iteration   4: 0.016 us/op
Iteration   5: 0.016 us/op
Iteration   6: 0.016 us/op
Iteration   7: 0.016 us/op
Iteration   8: 0.016 us/op
Iteration   9: 0.016 us/op
Iteration  10: 0.016 us/op

# Run progress: 69.68% complete, ETA 00:39:28
# Fork: 3 of 3
# Warmup Iteration   1: 0.016 us/op
# Warmup Iteration   2: 0.017 us/op
# Warmup Iteration   3: 0.017 us/op
# Warmup Iteration   4: 0.016 us/op
# Warmup Iteration   5: 0.016 us/op
Iteration   1: 0.016 us/op
Iteration   2: 0.017 us/op
Iteration   3: 0.016 us/op
Iteration   4: 0.016 us/op
Iteration   5: 0.016 us/op
Iteration   6: 0.016 us/op
Iteration   7: 0.016 us/op
Iteration   8: 0.016 us/op
Iteration   9: 0.016 us/op
Iteration  10: 0.016 us/op


Result "de.splatgames.aether.datafixers.benchmarks.format.JsonBenchmark.jacksonFieldRead":
  0.016 ±(99.9%) 0.001 us/op [Average]
  (min, avg, max) = (0.016, 0.016, 0.017), stdev = 0.001
  CI (99.9%): [0.016, 0.016] (assumes normal distribution)


# JMH version: 1.37
# VM version: JDK 17.0.18, OpenJDK 64-Bit Server VM, 17.0.18+8-Ubuntu-122.04.1
# VM invoker: /usr/lib/jvm/java-17-openjdk-amd64/bin/java
# VM options: -Xms4G -Xmx4G -XX:+UseG1GC -XX:+AlwaysPreTouch
# Blackhole mode: compiler (auto-detected, use -Djmh.blackhole.autoDetect=false to disable)
# Warmup: 5 iterations, 1 s each
# Measurement: 10 iterations, 1 s each
# Timeout: 10 min per iteration
# Threads: 1 thread, will synchronize iterations
# Benchmark mode: Average time, time/op
# Benchmark: de.splatgames.aether.datafixers.benchmarks.format.JsonBenchmark.jacksonFieldRead
# Parameters: (payloadSize = LARGE)

# Run progress: 69.88% complete, ETA 00:39:12
# Fork: 1 of 3
# Warmup Iteration   1: 0.017 us/op
# Warmup Iteration   2: 0.016 us/op
# Warmup Iteration   3: 0.016 us/op
# Warmup Iteration   4: 0.016 us/op
# Warmup Iteration   5: 0.016 us/op
Iteration   1: 0.016 us/op
Iteration   2: 0.016 us/op
Iteration   3: 0.016 us/op
Iteration   4: 0.016 us/op
Iteration   5: 0.016 us/op
Iteration   6: 0.016 us/op
Iteration   7: 0.016 us/op
Iteration   8: 0.016 us/op
Iteration   9: 0.016 us/op
Iteration  10: 0.016 us/op

# Run progress: 70.08% complete, ETA 00:38:57
# Fork: 2 of 3
# Warmup Iteration   1: 0.018 us/op
# Warmup Iteration   2: 0.017 us/op
# Warmup Iteration   3: 0.017 us/op
# Warmup Iteration   4: 0.017 us/op
# Warmup Iteration   5: 0.017 us/op
Iteration   1: 0.017 us/op
Iteration   2: 0.016 us/op
Iteration   3: 0.017 us/op
Iteration   4: 0.016 us/op
Iteration   5: 0.017 us/op
Iteration   6: 0.016 us/op
Iteration   7: 0.017 us/op
Iteration   8: 0.017 us/op
Iteration   9: 0.017 us/op
Iteration  10: 0.017 us/op

# Run progress: 70.28% complete, ETA 00:38:41
# Fork: 3 of 3
# Warmup Iteration   1: 0.017 us/op
# Warmup Iteration   2: 0.016 us/op
# Warmup Iteration   3: 0.016 us/op
# Warmup Iteration   4: 0.016 us/op
# Warmup Iteration   5: 0.016 us/op
Iteration   1: 0.016 us/op
Iteration   2: 0.016 us/op
Iteration   3: 0.016 us/op
Iteration   4: 0.016 us/op
Iteration   5: 0.017 us/op
Iteration   6: 0.016 us/op
Iteration   7: 0.016 us/op
Iteration   8: 0.016 us/op
Iteration   9: 0.016 us/op
Iteration  10: 0.016 us/op


Result "de.splatgames.aether.datafixers.benchmarks.format.JsonBenchmark.jacksonFieldRead":
  0.016 ±(99.9%) 0.001 us/op [Average]
  (min, avg, max) = (0.016, 0.016, 0.017), stdev = 0.001
  CI (99.9%): [0.016, 0.017] (assumes normal distribution)


# JMH version: 1.37
# VM version: JDK 17.0.18, OpenJDK 64-Bit Server VM, 17.0.18+8-Ubuntu-122.04.1
# VM invoker: /usr/lib/jvm/java-17-openjdk-amd64/bin/java
# VM options: -Xms4G -Xmx4G -XX:+UseG1GC -XX:+AlwaysPreTouch
# Blackhole mode: compiler (auto-detected, use -Djmh.blackhole.autoDetect=false to disable)
# Warmup: 5 iterations, 1 s each
# Measurement: 10 iterations, 1 s each
# Timeout: 10 min per iteration
# Threads: 1 thread, will synchronize iterations
# Benchmark mode: Average time, time/op
# Benchmark: de.splatgames.aether.datafixers.benchmarks.format.JsonBenchmark.jacksonFieldSet
# Parameters: (payloadSize = SMALL)

# Run progress: 70.48% complete, ETA 00:38:25
# Fork: 1 of 3
# Warmup Iteration   1: 1.189 us/op
# Warmup Iteration   2: 1.130 us/op
# Warmup Iteration   3: 1.152 us/op
# Warmup Iteration   4: 1.166 us/op
# Warmup Iteration   5: 1.180 us/op
Iteration   1: 1.187 us/op
Iteration   2: 1.148 us/op
Iteration   3: 1.151 us/op
Iteration   4: 1.149 us/op
Iteration   5: 1.156 us/op
Iteration   6: 1.163 us/op
Iteration   7: 1.151 us/op
Iteration   8: 1.158 us/op
Iteration   9: 1.163 us/op
Iteration  10: 1.173 us/op

# Run progress: 70.68% complete, ETA 00:38:10
# Fork: 2 of 3
# Warmup Iteration   1: 1.182 us/op
# Warmup Iteration   2: 1.121 us/op
# Warmup Iteration   3: 1.136 us/op
# Warmup Iteration   4: 1.135 us/op
# Warmup Iteration   5: 1.182 us/op
Iteration   1: 1.137 us/op
Iteration   2: 1.133 us/op
Iteration   3: 1.154 us/op
Iteration   4: 1.132 us/op
Iteration   5: 1.151 us/op
Iteration   6: 1.133 us/op
Iteration   7: 1.127 us/op
Iteration   8: 1.122 us/op
Iteration   9: 1.132 us/op
Iteration  10: 1.139 us/op

# Run progress: 70.88% complete, ETA 00:37:54
# Fork: 3 of 3
# Warmup Iteration   1: 1.152 us/op
# Warmup Iteration   2: 1.115 us/op
# Warmup Iteration   3: 1.140 us/op
# Warmup Iteration   4: 1.140 us/op
# Warmup Iteration   5: 1.123 us/op
Iteration   1: 1.122 us/op
Iteration   2: 1.180 us/op
Iteration   3: 1.195 us/op
Iteration   4: 1.142 us/op
Iteration   5: 1.123 us/op
Iteration   6: 1.118 us/op
Iteration   7: 1.148 us/op
Iteration   8: 1.136 us/op
Iteration   9: 1.143 us/op
Iteration  10: 1.113 us/op


Result "de.splatgames.aether.datafixers.benchmarks.format.JsonBenchmark.jacksonFieldSet":
  1.146 ±(99.9%) 0.014 us/op [Average]
  (min, avg, max) = (1.113, 1.146, 1.195), stdev = 0.020
  CI (99.9%): [1.132, 1.159] (assumes normal distribution)


# JMH version: 1.37
# VM version: JDK 17.0.18, OpenJDK 64-Bit Server VM, 17.0.18+8-Ubuntu-122.04.1
# VM invoker: /usr/lib/jvm/java-17-openjdk-amd64/bin/java
# VM options: -Xms4G -Xmx4G -XX:+UseG1GC -XX:+AlwaysPreTouch
# Blackhole mode: compiler (auto-detected, use -Djmh.blackhole.autoDetect=false to disable)
# Warmup: 5 iterations, 1 s each
# Measurement: 10 iterations, 1 s each
# Timeout: 10 min per iteration
# Threads: 1 thread, will synchronize iterations
# Benchmark mode: Average time, time/op
# Benchmark: de.splatgames.aether.datafixers.benchmarks.format.JsonBenchmark.jacksonFieldSet
# Parameters: (payloadSize = MEDIUM)

# Run progress: 71.08% complete, ETA 00:37:38
# Fork: 1 of 3
# Warmup Iteration   1: 8.094 us/op
# Warmup Iteration   2: 7.943 us/op
# Warmup Iteration   3: 7.833 us/op
# Warmup Iteration   4: 7.865 us/op
# Warmup Iteration   5: 7.763 us/op
Iteration   1: 7.924 us/op
Iteration   2: 8.005 us/op
Iteration   3: 7.855 us/op
Iteration   4: 7.844 us/op
Iteration   5: 7.858 us/op
Iteration   6: 7.874 us/op
Iteration   7: 7.815 us/op
Iteration   8: 7.828 us/op
Iteration   9: 7.825 us/op
Iteration  10: 7.828 us/op

# Run progress: 71.29% complete, ETA 00:37:23
# Fork: 2 of 3
# Warmup Iteration   1: 8.295 us/op
# Warmup Iteration   2: 7.777 us/op
# Warmup Iteration   3: 7.758 us/op
# Warmup Iteration   4: 7.956 us/op
# Warmup Iteration   5: 7.715 us/op
Iteration   1: 7.744 us/op
Iteration   2: 7.953 us/op
Iteration   3: 7.771 us/op
Iteration   4: 7.876 us/op
Iteration   5: 7.875 us/op
Iteration   6: 7.914 us/op
Iteration   7: 7.943 us/op
Iteration   8: 7.747 us/op
Iteration   9: 7.787 us/op
Iteration  10: 7.810 us/op

# Run progress: 71.49% complete, ETA 00:37:07
# Fork: 3 of 3
# Warmup Iteration   1: 8.131 us/op
# Warmup Iteration   2: 7.925 us/op
# Warmup Iteration   3: 8.092 us/op
# Warmup Iteration   4: 7.750 us/op
# Warmup Iteration   5: 7.801 us/op
Iteration   1: 7.902 us/op
Iteration   2: 7.899 us/op
Iteration   3: 7.814 us/op
Iteration   4: 7.953 us/op
Iteration   5: 7.949 us/op
Iteration   6: 7.895 us/op
Iteration   7: 8.086 us/op
Iteration   8: 7.968 us/op
Iteration   9: 7.989 us/op
Iteration  10: 8.062 us/op


Result "de.splatgames.aether.datafixers.benchmarks.format.JsonBenchmark.jacksonFieldSet":
  7.886 ±(99.9%) 0.057 us/op [Average]
  (min, avg, max) = (7.744, 7.886, 8.086), stdev = 0.086
  CI (99.9%): [7.829, 7.944] (assumes normal distribution)


# JMH version: 1.37
# VM version: JDK 17.0.18, OpenJDK 64-Bit Server VM, 17.0.18+8-Ubuntu-122.04.1
# VM invoker: /usr/lib/jvm/java-17-openjdk-amd64/bin/java
# VM options: -Xms4G -Xmx4G -XX:+UseG1GC -XX:+AlwaysPreTouch
# Blackhole mode: compiler (auto-detected, use -Djmh.blackhole.autoDetect=false to disable)
# Warmup: 5 iterations, 1 s each
# Measurement: 10 iterations, 1 s each
# Timeout: 10 min per iteration
# Threads: 1 thread, will synchronize iterations
# Benchmark mode: Average time, time/op
# Benchmark: de.splatgames.aether.datafixers.benchmarks.format.JsonBenchmark.jacksonFieldSet
# Parameters: (payloadSize = LARGE)

# Run progress: 71.69% complete, ETA 00:36:51
# Fork: 1 of 3
# Warmup Iteration   1: 73.468 us/op
# Warmup Iteration   2: 71.633 us/op
# Warmup Iteration   3: 70.295 us/op
# Warmup Iteration   4: 71.059 us/op
# Warmup Iteration   5: 73.998 us/op
Iteration   1: 71.766 us/op
Iteration   2: 70.969 us/op
Iteration   3: 69.921 us/op
Iteration   4: 72.605 us/op
Iteration   5: 74.189 us/op
Iteration   6: 73.273 us/op
Iteration   7: 72.579 us/op
Iteration   8: 73.922 us/op
Iteration   9: 73.267 us/op
Iteration  10: 73.822 us/op

# Run progress: 71.89% complete, ETA 00:36:36
# Fork: 2 of 3
# Warmup Iteration   1: 74.059 us/op
# Warmup Iteration   2: 71.109 us/op
# Warmup Iteration   3: 70.996 us/op
# Warmup Iteration   4: 73.412 us/op
# Warmup Iteration   5: 73.407 us/op
Iteration   1: 73.581 us/op
Iteration   2: 73.544 us/op
Iteration   3: 72.100 us/op
Iteration   4: 76.226 us/op
Iteration   5: 79.166 us/op
Iteration   6: 76.722 us/op
Iteration   7: 76.688 us/op
Iteration   8: 76.220 us/op
Iteration   9: 78.173 us/op
Iteration  10: 76.352 us/op

# Run progress: 72.09% complete, ETA 00:36:20
# Fork: 3 of 3
# Warmup Iteration   1: 74.371 us/op
# Warmup Iteration   2: 70.409 us/op
# Warmup Iteration   3: 71.339 us/op
# Warmup Iteration   4: 72.095 us/op
# Warmup Iteration   5: 71.642 us/op
Iteration   1: 72.421 us/op
Iteration   2: 70.688 us/op
Iteration   3: 72.008 us/op
Iteration   4: 73.390 us/op
Iteration   5: 73.004 us/op
Iteration   6: 72.830 us/op
Iteration   7: 71.790 us/op
Iteration   8: 72.427 us/op
Iteration   9: 72.022 us/op
Iteration  10: 73.830 us/op


Result "de.splatgames.aether.datafixers.benchmarks.format.JsonBenchmark.jacksonFieldSet":
  73.650 ±(99.9%) 1.478 us/op [Average]
  (min, avg, max) = (69.921, 73.650, 79.166), stdev = 2.212
  CI (99.9%): [72.172, 75.127] (assumes normal distribution)


# JMH version: 1.37
# VM version: JDK 17.0.18, OpenJDK 64-Bit Server VM, 17.0.18+8-Ubuntu-122.04.1
# VM invoker: /usr/lib/jvm/java-17-openjdk-amd64/bin/java
# VM options: -Xms4G -Xmx4G -XX:+UseG1GC -XX:+AlwaysPreTouch
# Blackhole mode: compiler (auto-detected, use -Djmh.blackhole.autoDetect=false to disable)
# Warmup: 5 iterations, 1 s each
# Measurement: 10 iterations, 1 s each
# Timeout: 10 min per iteration
# Threads: 1 thread, will synchronize iterations
# Benchmark mode: Average time, time/op
# Benchmark: de.splatgames.aether.datafixers.benchmarks.format.JsonBenchmark.jacksonGenerate
# Parameters: (payloadSize = SMALL)

# Run progress: 72.29% complete, ETA 00:36:04
# Fork: 1 of 3
# Warmup Iteration   1: 7.507 us/op
# Warmup Iteration   2: 6.785 us/op
# Warmup Iteration   3: 6.854 us/op
# Warmup Iteration   4: 6.776 us/op
# Warmup Iteration   5: 6.817 us/op
Iteration   1: 6.746 us/op
Iteration   2: 7.100 us/op
Iteration   3: 6.761 us/op
Iteration   4: 6.770 us/op
Iteration   5: 6.749 us/op
Iteration   6: 6.685 us/op
Iteration   7: 6.865 us/op
Iteration   8: 6.778 us/op
Iteration   9: 6.847 us/op
Iteration  10: 6.753 us/op

# Run progress: 72.49% complete, ETA 00:35:49
# Fork: 2 of 3
# Warmup Iteration   1: 7.503 us/op
# Warmup Iteration   2: 6.735 us/op
# Warmup Iteration   3: 7.042 us/op
# Warmup Iteration   4: 6.795 us/op
# Warmup Iteration   5: 6.754 us/op
Iteration   1: 6.704 us/op
Iteration   2: 6.799 us/op
Iteration   3: 6.745 us/op
Iteration   4: 6.735 us/op
Iteration   5: 6.664 us/op
Iteration   6: 6.729 us/op
Iteration   7: 6.659 us/op
Iteration   8: 6.617 us/op
Iteration   9: 6.672 us/op
Iteration  10: 6.701 us/op

# Run progress: 72.69% complete, ETA 00:35:33
# Fork: 3 of 3
# Warmup Iteration   1: 7.757 us/op
# Warmup Iteration   2: 6.929 us/op
# Warmup Iteration   3: 6.893 us/op
# Warmup Iteration   4: 7.006 us/op
# Warmup Iteration   5: 6.823 us/op
Iteration   1: 6.819 us/op
Iteration   2: 6.836 us/op
Iteration   3: 6.960 us/op
Iteration   4: 6.855 us/op
Iteration   5: 6.816 us/op
Iteration   6: 6.892 us/op
Iteration   7: 6.785 us/op
Iteration   8: 6.857 us/op
Iteration   9: 6.915 us/op
Iteration  10: 6.805 us/op


Result "de.splatgames.aether.datafixers.benchmarks.format.JsonBenchmark.jacksonGenerate":
  6.787 ±(99.9%) 0.067 us/op [Average]
  (min, avg, max) = (6.617, 6.787, 7.100), stdev = 0.100
  CI (99.9%): [6.721, 6.854] (assumes normal distribution)


# JMH version: 1.37
# VM version: JDK 17.0.18, OpenJDK 64-Bit Server VM, 17.0.18+8-Ubuntu-122.04.1
# VM invoker: /usr/lib/jvm/java-17-openjdk-amd64/bin/java
# VM options: -Xms4G -Xmx4G -XX:+UseG1GC -XX:+AlwaysPreTouch
# Blackhole mode: compiler (auto-detected, use -Djmh.blackhole.autoDetect=false to disable)
# Warmup: 5 iterations, 1 s each
# Measurement: 10 iterations, 1 s each
# Timeout: 10 min per iteration
# Threads: 1 thread, will synchronize iterations
# Benchmark mode: Average time, time/op
# Benchmark: de.splatgames.aether.datafixers.benchmarks.format.JsonBenchmark.jacksonGenerate
# Parameters: (payloadSize = MEDIUM)

# Run progress: 72.89% complete, ETA 00:35:17
# Fork: 1 of 3
# Warmup Iteration   1: 74.767 us/op
# Warmup Iteration   2: 67.664 us/op
# Warmup Iteration   3: 68.358 us/op
# Warmup Iteration   4: 67.390 us/op
# Warmup Iteration   5: 68.012 us/op
Iteration   1: 68.704 us/op
Iteration   2: 68.248 us/op
Iteration   3: 68.114 us/op
Iteration   4: 67.953 us/op
Iteration   5: 68.849 us/op
Iteration   6: 68.443 us/op
Iteration   7: 67.504 us/op
Iteration   8: 67.912 us/op
Iteration   9: 67.757 us/op
Iteration  10: 67.978 us/op

# Run progress: 73.09% complete, ETA 00:35:01
# Fork: 2 of 3
# Warmup Iteration   1: 73.815 us/op
# Warmup Iteration   2: 68.149 us/op
# Warmup Iteration   3: 67.669 us/op
# Warmup Iteration   4: 67.029 us/op
# Warmup Iteration   5: 66.761 us/op
Iteration   1: 67.114 us/op
Iteration   2: 67.797 us/op
Iteration   3: 67.704 us/op
Iteration   4: 66.876 us/op
Iteration   5: 68.333 us/op
Iteration   6: 66.606 us/op
Iteration   7: 67.013 us/op
Iteration   8: 66.996 us/op
Iteration   9: 66.927 us/op
Iteration  10: 66.601 us/op

# Run progress: 73.29% complete, ETA 00:34:46
# Fork: 3 of 3
# Warmup Iteration   1: 74.264 us/op
# Warmup Iteration   2: 67.989 us/op
# Warmup Iteration   3: 67.160 us/op
# Warmup Iteration   4: 68.526 us/op
# Warmup Iteration   5: 68.113 us/op
Iteration   1: 68.086 us/op
Iteration   2: 68.214 us/op
Iteration   3: 68.334 us/op
Iteration   4: 66.949 us/op
Iteration   5: 66.455 us/op
Iteration   6: 67.042 us/op
Iteration   7: 66.998 us/op
Iteration   8: 66.271 us/op
Iteration   9: 67.728 us/op
Iteration  10: 67.367 us/op


Result "de.splatgames.aether.datafixers.benchmarks.format.JsonBenchmark.jacksonGenerate":
  67.562 ±(99.9%) 0.471 us/op [Average]
  (min, avg, max) = (66.271, 67.562, 68.849), stdev = 0.705
  CI (99.9%): [67.091, 68.033] (assumes normal distribution)


# JMH version: 1.37
# VM version: JDK 17.0.18, OpenJDK 64-Bit Server VM, 17.0.18+8-Ubuntu-122.04.1
# VM invoker: /usr/lib/jvm/java-17-openjdk-amd64/bin/java
# VM options: -Xms4G -Xmx4G -XX:+UseG1GC -XX:+AlwaysPreTouch
# Blackhole mode: compiler (auto-detected, use -Djmh.blackhole.autoDetect=false to disable)
# Warmup: 5 iterations, 1 s each
# Measurement: 10 iterations, 1 s each
# Timeout: 10 min per iteration
# Threads: 1 thread, will synchronize iterations
# Benchmark mode: Average time, time/op
# Benchmark: de.splatgames.aether.datafixers.benchmarks.format.JsonBenchmark.jacksonGenerate
# Parameters: (payloadSize = LARGE)

# Run progress: 73.49% complete, ETA 00:34:30
# Fork: 1 of 3
# Warmup Iteration   1: 526.377 us/op
# Warmup Iteration   2: 465.816 us/op
# Warmup Iteration   3: 463.602 us/op
# Warmup Iteration   4: 464.212 us/op
# Warmup Iteration   5: 460.180 us/op
Iteration   1: 462.017 us/op
Iteration   2: 466.922 us/op
Iteration   3: 460.979 us/op
Iteration   4: 469.799 us/op
Iteration   5: 462.536 us/op
Iteration   6: 465.155 us/op
Iteration   7: 462.024 us/op
Iteration   8: 457.678 us/op
Iteration   9: 464.329 us/op
Iteration  10: 459.612 us/op

# Run progress: 73.69% complete, ETA 00:34:14
# Fork: 2 of 3
# Warmup Iteration   1: 561.338 us/op
# Warmup Iteration   2: 504.539 us/op
# Warmup Iteration   3: 516.407 us/op
# Warmup Iteration   4: 509.182 us/op
# Warmup Iteration   5: 511.988 us/op
Iteration   1: 509.273 us/op
Iteration   2: 510.445 us/op
Iteration   3: 503.544 us/op
Iteration   4: 505.519 us/op
Iteration   5: 505.025 us/op
Iteration   6: 508.018 us/op
Iteration   7: 508.210 us/op
Iteration   8: 507.886 us/op
Iteration   9: 504.073 us/op
Iteration  10: 512.887 us/op

# Run progress: 73.90% complete, ETA 00:33:59
# Fork: 3 of 3
# Warmup Iteration   1: 556.919 us/op
# Warmup Iteration   2: 508.060 us/op
# Warmup Iteration   3: 510.078 us/op
# Warmup Iteration   4: 513.266 us/op
# Warmup Iteration   5: 507.946 us/op
Iteration   1: 506.347 us/op
Iteration   2: 518.347 us/op
Iteration   3: 521.098 us/op
Iteration   4: 514.906 us/op
Iteration   5: 510.666 us/op
Iteration   6: 510.657 us/op
Iteration   7: 507.887 us/op
Iteration   8: 504.533 us/op
Iteration   9: 535.525 us/op
Iteration  10: 509.439 us/op


Result "de.splatgames.aether.datafixers.benchmarks.format.JsonBenchmark.jacksonGenerate":
  494.845 ±(99.9%) 15.827 us/op [Average]
  (min, avg, max) = (457.678, 494.845, 535.525), stdev = 23.689
  CI (99.9%): [479.017, 510.672] (assumes normal distribution)


# JMH version: 1.37
# VM version: JDK 17.0.18, OpenJDK 64-Bit Server VM, 17.0.18+8-Ubuntu-122.04.1
# VM invoker: /usr/lib/jvm/java-17-openjdk-amd64/bin/java
# VM options: -Xms4G -Xmx4G -XX:+UseG1GC -XX:+AlwaysPreTouch
# Blackhole mode: compiler (auto-detected, use -Djmh.blackhole.autoDetect=false to disable)
# Warmup: 5 iterations, 1 s each
# Measurement: 10 iterations, 1 s each
# Timeout: 10 min per iteration
# Threads: 1 thread, will synchronize iterations
# Benchmark mode: Average time, time/op
# Benchmark: de.splatgames.aether.datafixers.benchmarks.format.JsonBenchmark.jacksonMigration
# Parameters: (payloadSize = SMALL)

# Run progress: 74.10% complete, ETA 00:33:43
# Fork: 1 of 3
# Warmup Iteration   1: 0.301 us/op
# Warmup Iteration   2: 0.269 us/op
# Warmup Iteration   3: 0.266 us/op
# Warmup Iteration   4: 0.270 us/op
# Warmup Iteration   5: 0.280 us/op
Iteration   1: 0.266 us/op
Iteration   2: 0.265 us/op
Iteration   3: 0.264 us/op
Iteration   4: 0.265 us/op
Iteration   5: 0.269 us/op
Iteration   6: 0.275 us/op
Iteration   7: 0.269 us/op
Iteration   8: 0.267 us/op
Iteration   9: 0.271 us/op
Iteration  10: 0.275 us/op

# Run progress: 74.30% complete, ETA 00:33:27
# Fork: 2 of 3
# Warmup Iteration   1: 0.297 us/op
# Warmup Iteration   2: 0.272 us/op
# Warmup Iteration   3: 0.270 us/op
# Warmup Iteration   4: 0.270 us/op
# Warmup Iteration   5: 0.271 us/op
Iteration   1: 0.271 us/op
Iteration   2: 0.267 us/op
Iteration   3: 0.269 us/op
Iteration   4: 0.270 us/op
Iteration   5: 0.267 us/op
Iteration   6: 0.270 us/op
Iteration   7: 0.270 us/op
Iteration   8: 0.270 us/op
Iteration   9: 0.267 us/op
Iteration  10: 0.269 us/op

# Run progress: 74.50% complete, ETA 00:33:12
# Fork: 3 of 3
# Warmup Iteration   1: 0.296 us/op
# Warmup Iteration   2: 0.269 us/op
# Warmup Iteration   3: 0.270 us/op
# Warmup Iteration   4: 0.266 us/op
# Warmup Iteration   5: 0.266 us/op
Iteration   1: 0.267 us/op
Iteration   2: 0.266 us/op
Iteration   3: 0.272 us/op
Iteration   4: 0.267 us/op
Iteration   5: 0.271 us/op
Iteration   6: 0.266 us/op
Iteration   7: 0.267 us/op
Iteration   8: 0.268 us/op
Iteration   9: 0.266 us/op
Iteration  10: 0.265 us/op


Result "de.splatgames.aether.datafixers.benchmarks.format.JsonBenchmark.jacksonMigration":
  0.268 ±(99.9%) 0.002 us/op [Average]
  (min, avg, max) = (0.264, 0.268, 0.275), stdev = 0.003
  CI (99.9%): [0.267, 0.270] (assumes normal distribution)


# JMH version: 1.37
# VM version: JDK 17.0.18, OpenJDK 64-Bit Server VM, 17.0.18+8-Ubuntu-122.04.1
# VM invoker: /usr/lib/jvm/java-17-openjdk-amd64/bin/java
# VM options: -Xms4G -Xmx4G -XX:+UseG1GC -XX:+AlwaysPreTouch
# Blackhole mode: compiler (auto-detected, use -Djmh.blackhole.autoDetect=false to disable)
# Warmup: 5 iterations, 1 s each
# Measurement: 10 iterations, 1 s each
# Timeout: 10 min per iteration
# Threads: 1 thread, will synchronize iterations
# Benchmark mode: Average time, time/op
# Benchmark: de.splatgames.aether.datafixers.benchmarks.format.JsonBenchmark.jacksonMigration
# Parameters: (payloadSize = MEDIUM)

# Run progress: 74.70% complete, ETA 00:32:56
# Fork: 1 of 3
# Warmup Iteration   1: 0.296 us/op
# Warmup Iteration   2: 0.267 us/op
# Warmup Iteration   3: 0.264 us/op
# Warmup Iteration   4: 0.269 us/op
# Warmup Iteration   5: 0.268 us/op
Iteration   1: 0.263 us/op
Iteration   2: 0.263 us/op
Iteration   3: 0.263 us/op
Iteration   4: 0.263 us/op
Iteration   5: 0.266 us/op
Iteration   6: 0.273 us/op
Iteration   7: 0.278 us/op
Iteration   8: 0.262 us/op
Iteration   9: 0.268 us/op
Iteration  10: 0.266 us/op

# Run progress: 74.90% complete, ETA 00:32:40
# Fork: 2 of 3
# Warmup Iteration   1: 0.306 us/op
# Warmup Iteration   2: 0.277 us/op
# Warmup Iteration   3: 0.266 us/op
# Warmup Iteration   4: 0.263 us/op
# Warmup Iteration   5: 0.263 us/op
Iteration   1: 0.264 us/op
Iteration   2: 0.262 us/op
Iteration   3: 0.263 us/op
Iteration   4: 0.270 us/op
Iteration   5: 0.263 us/op
Iteration   6: 0.264 us/op
Iteration   7: 0.272 us/op
Iteration   8: 0.262 us/op
Iteration   9: 0.264 us/op
Iteration  10: 0.262 us/op

# Run progress: 75.10% complete, ETA 00:32:25
# Fork: 3 of 3
# Warmup Iteration   1: 0.300 us/op
# Warmup Iteration   2: 0.268 us/op
# Warmup Iteration   3: 0.272 us/op
# Warmup Iteration   4: 0.268 us/op
# Warmup Iteration   5: 0.269 us/op
Iteration   1: 0.268 us/op
Iteration   2: 0.269 us/op
Iteration   3: 0.269 us/op
Iteration   4: 0.268 us/op
Iteration   5: 0.268 us/op
Iteration   6: 0.270 us/op
Iteration   7: 0.268 us/op
Iteration   8: 0.271 us/op
Iteration   9: 0.268 us/op
Iteration  10: 0.272 us/op


Result "de.splatgames.aether.datafixers.benchmarks.format.JsonBenchmark.jacksonMigration":
  0.267 ±(99.9%) 0.003 us/op [Average]
  (min, avg, max) = (0.262, 0.267, 0.278), stdev = 0.004
  CI (99.9%): [0.264, 0.269] (assumes normal distribution)


# JMH version: 1.37
# VM version: JDK 17.0.18, OpenJDK 64-Bit Server VM, 17.0.18+8-Ubuntu-122.04.1
# VM invoker: /usr/lib/jvm/java-17-openjdk-amd64/bin/java
# VM options: -Xms4G -Xmx4G -XX:+UseG1GC -XX:+AlwaysPreTouch
# Blackhole mode: compiler (auto-detected, use -Djmh.blackhole.autoDetect=false to disable)
# Warmup: 5 iterations, 1 s each
# Measurement: 10 iterations, 1 s each
# Timeout: 10 min per iteration
# Threads: 1 thread, will synchronize iterations
# Benchmark mode: Average time, time/op
# Benchmark: de.splatgames.aether.datafixers.benchmarks.format.JsonBenchmark.jacksonMigration
# Parameters: (payloadSize = LARGE)

# Run progress: 75.30% complete, ETA 00:32:09
# Fork: 1 of 3
# Warmup Iteration   1: 0.330 us/op
# Warmup Iteration   2: 0.299 us/op
# Warmup Iteration   3: 0.294 us/op
# Warmup Iteration   4: 0.295 us/op
# Warmup Iteration   5: 0.299 us/op
Iteration   1: 0.297 us/op
Iteration   2: 0.301 us/op
Iteration   3: 0.299 us/op
Iteration   4: 0.297 us/op
Iteration   5: 0.304 us/op
Iteration   6: 0.299 us/op
Iteration   7: 0.297 us/op
Iteration   8: 0.297 us/op
Iteration   9: 0.297 us/op
Iteration  10: 0.295 us/op

# Run progress: 75.50% complete, ETA 00:31:53
# Fork: 2 of 3
# Warmup Iteration   1: 0.294 us/op
# Warmup Iteration   2: 0.270 us/op
# Warmup Iteration   3: 0.265 us/op
# Warmup Iteration   4: 0.267 us/op
# Warmup Iteration   5: 0.267 us/op
Iteration   1: 0.266 us/op
Iteration   2: 0.266 us/op
Iteration   3: 0.268 us/op
Iteration   4: 0.279 us/op
Iteration   5: 0.267 us/op
Iteration   6: 0.268 us/op
Iteration   7: 0.267 us/op
Iteration   8: 0.265 us/op
Iteration   9: 0.267 us/op
Iteration  10: 0.269 us/op

# Run progress: 75.70% complete, ETA 00:31:38
# Fork: 3 of 3
# Warmup Iteration   1: 0.297 us/op
# Warmup Iteration   2: 0.267 us/op
# Warmup Iteration   3: 0.267 us/op
# Warmup Iteration   4: 0.267 us/op
# Warmup Iteration   5: 0.266 us/op
Iteration   1: 0.270 us/op
Iteration   2: 0.263 us/op
Iteration   3: 0.265 us/op
Iteration   4: 0.268 us/op
Iteration   5: 0.266 us/op
Iteration   6: 0.265 us/op
Iteration   7: 0.265 us/op
Iteration   8: 0.264 us/op
Iteration   9: 0.264 us/op
Iteration  10: 0.272 us/op


Result "de.splatgames.aether.datafixers.benchmarks.format.JsonBenchmark.jacksonMigration":
  0.278 ±(99.9%) 0.010 us/op [Average]
  (min, avg, max) = (0.263, 0.278, 0.304), stdev = 0.015
  CI (99.9%): [0.267, 0.288] (assumes normal distribution)


# JMH version: 1.37
# VM version: JDK 17.0.18, OpenJDK 64-Bit Server VM, 17.0.18+8-Ubuntu-122.04.1
# VM invoker: /usr/lib/jvm/java-17-openjdk-amd64/bin/java
# VM options: -Xms4G -Xmx4G -XX:+UseG1GC -XX:+AlwaysPreTouch
# Blackhole mode: compiler (auto-detected, use -Djmh.blackhole.autoDetect=false to disable)
# Warmup: 5 iterations, 1 s each
# Measurement: 10 iterations, 1 s each
# Timeout: 10 min per iteration
# Threads: 1 thread, will synchronize iterations
# Benchmark mode: Average time, time/op
# Benchmark: de.splatgames.aether.datafixers.benchmarks.format.TomlXmlBenchmark.tomlFieldRead
# Parameters: (payloadSize = SMALL)

# Run progress: 75.90% complete, ETA 00:31:22
# Fork: 1 of 3
# Warmup Iteration   1: 0.015 us/op
# Warmup Iteration   2: 0.016 us/op
# Warmup Iteration   3: 0.016 us/op
# Warmup Iteration   4: 0.016 us/op
# Warmup Iteration   5: 0.016 us/op
Iteration   1: 0.016 us/op
Iteration   2: 0.016 us/op
Iteration   3: 0.016 us/op
Iteration   4: 0.016 us/op
Iteration   5: 0.016 us/op
Iteration   6: 0.016 us/op
Iteration   7: 0.016 us/op
Iteration   8: 0.016 us/op
Iteration   9: 0.016 us/op
Iteration  10: 0.016 us/op

# Run progress: 76.10% complete, ETA 00:31:06
# Fork: 2 of 3
# Warmup Iteration   1: 0.016 us/op
# Warmup Iteration   2: 0.016 us/op
# Warmup Iteration   3: 0.016 us/op
# Warmup Iteration   4: 0.016 us/op
# Warmup Iteration   5: 0.017 us/op
Iteration   1: 0.016 us/op
Iteration   2: 0.016 us/op
Iteration   3: 0.016 us/op
Iteration   4: 0.016 us/op
Iteration   5: 0.016 us/op
Iteration   6: 0.016 us/op
Iteration   7: 0.016 us/op
Iteration   8: 0.016 us/op
Iteration   9: 0.016 us/op
Iteration  10: 0.017 us/op

# Run progress: 76.31% complete, ETA 00:30:50
# Fork: 3 of 3
# Warmup Iteration   1: 0.016 us/op
# Warmup Iteration   2: 0.016 us/op
# Warmup Iteration   3: 0.016 us/op
# Warmup Iteration   4: 0.016 us/op
# Warmup Iteration   5: 0.016 us/op
Iteration   1: 0.016 us/op
Iteration   2: 0.017 us/op
Iteration   3: 0.016 us/op
Iteration   4: 0.016 us/op
Iteration   5: 0.016 us/op
Iteration   6: 0.016 us/op
Iteration   7: 0.016 us/op
Iteration   8: 0.016 us/op
Iteration   9: 0.016 us/op
Iteration  10: 0.016 us/op


Result "de.splatgames.aether.datafixers.benchmarks.format.TomlXmlBenchmark.tomlFieldRead":
  0.016 ±(99.9%) 0.001 us/op [Average]
  (min, avg, max) = (0.016, 0.016, 0.017), stdev = 0.001
  CI (99.9%): [0.016, 0.016] (assumes normal distribution)


# JMH version: 1.37
# VM version: JDK 17.0.18, OpenJDK 64-Bit Server VM, 17.0.18+8-Ubuntu-122.04.1
# VM invoker: /usr/lib/jvm/java-17-openjdk-amd64/bin/java
# VM options: -Xms4G -Xmx4G -XX:+UseG1GC -XX:+AlwaysPreTouch
# Blackhole mode: compiler (auto-detected, use -Djmh.blackhole.autoDetect=false to disable)
# Warmup: 5 iterations, 1 s each
# Measurement: 10 iterations, 1 s each
# Timeout: 10 min per iteration
# Threads: 1 thread, will synchronize iterations
# Benchmark mode: Average time, time/op
# Benchmark: de.splatgames.aether.datafixers.benchmarks.format.TomlXmlBenchmark.tomlFieldRead
# Parameters: (payloadSize = MEDIUM)

# Run progress: 76.51% complete, ETA 00:30:35
# Fork: 1 of 3
# Warmup Iteration   1: 0.018 us/op
# Warmup Iteration   2: 0.016 us/op
# Warmup Iteration   3: 0.016 us/op
# Warmup Iteration   4: 0.016 us/op
# Warmup Iteration   5: 0.016 us/op
Iteration   1: 0.016 us/op
Iteration   2: 0.016 us/op
Iteration   3: 0.016 us/op
Iteration   4: 0.016 us/op
Iteration   5: 0.016 us/op
Iteration   6: 0.016 us/op
Iteration   7: 0.016 us/op
Iteration   8: 0.016 us/op
Iteration   9: 0.016 us/op
Iteration  10: 0.016 us/op

# Run progress: 76.71% complete, ETA 00:30:19
# Fork: 2 of 3
# Warmup Iteration   1: 0.016 us/op
# Warmup Iteration   2: 0.016 us/op
# Warmup Iteration   3: 0.016 us/op
# Warmup Iteration   4: 0.016 us/op
# Warmup Iteration   5: 0.016 us/op
Iteration   1: 0.016 us/op
Iteration   2: 0.016 us/op
Iteration   3: 0.016 us/op
Iteration   4: 0.016 us/op
Iteration   5: 0.016 us/op
Iteration   6: 0.016 us/op
Iteration   7: 0.016 us/op
Iteration   8: 0.016 us/op
Iteration   9: 0.016 us/op
Iteration  10: 0.016 us/op

# Run progress: 76.91% complete, ETA 00:30:03
# Fork: 3 of 3
# Warmup Iteration   1: 0.017 us/op
# Warmup Iteration   2: 0.016 us/op
# Warmup Iteration   3: 0.016 us/op
# Warmup Iteration   4: 0.016 us/op
# Warmup Iteration   5: 0.016 us/op
Iteration   1: 0.016 us/op
Iteration   2: 0.017 us/op
Iteration   3: 0.016 us/op
Iteration   4: 0.016 us/op
Iteration   5: 0.016 us/op
Iteration   6: 0.016 us/op
Iteration   7: 0.016 us/op
Iteration   8: 0.016 us/op
Iteration   9: 0.016 us/op
Iteration  10: 0.016 us/op


Result "de.splatgames.aether.datafixers.benchmarks.format.TomlXmlBenchmark.tomlFieldRead":
  0.016 ±(99.9%) 0.001 us/op [Average]
  (min, avg, max) = (0.016, 0.016, 0.017), stdev = 0.001
  CI (99.9%): [0.016, 0.016] (assumes normal distribution)


# JMH version: 1.37
# VM version: JDK 17.0.18, OpenJDK 64-Bit Server VM, 17.0.18+8-Ubuntu-122.04.1
# VM invoker: /usr/lib/jvm/java-17-openjdk-amd64/bin/java
# VM options: -Xms4G -Xmx4G -XX:+UseG1GC -XX:+AlwaysPreTouch
# Blackhole mode: compiler (auto-detected, use -Djmh.blackhole.autoDetect=false to disable)
# Warmup: 5 iterations, 1 s each
# Measurement: 10 iterations, 1 s each
# Timeout: 10 min per iteration
# Threads: 1 thread, will synchronize iterations
# Benchmark mode: Average time, time/op
# Benchmark: de.splatgames.aether.datafixers.benchmarks.format.TomlXmlBenchmark.tomlFieldSet
# Parameters: (payloadSize = SMALL)

# Run progress: 77.11% complete, ETA 00:29:48
# Fork: 1 of 3
# Warmup Iteration   1: 1.187 us/op
# Warmup Iteration   2: 1.114 us/op
# Warmup Iteration   3: 1.132 us/op
# Warmup Iteration   4: 1.165 us/op
# Warmup Iteration   5: 1.135 us/op
Iteration   1: 1.148 us/op
Iteration   2: 1.119 us/op
Iteration   3: 1.124 us/op
Iteration   4: 1.113 us/op
Iteration   5: 1.136 us/op
Iteration   6: 1.117 us/op
Iteration   7: 1.118 us/op
Iteration   8: 1.120 us/op
Iteration   9: 1.117 us/op
Iteration  10: 1.143 us/op

# Run progress: 77.31% complete, ETA 00:29:32
# Fork: 2 of 3
# Warmup Iteration   1: 1.161 us/op
# Warmup Iteration   2: 1.103 us/op
# Warmup Iteration   3: 1.121 us/op
# Warmup Iteration   4: 1.124 us/op
# Warmup Iteration   5: 1.121 us/op
Iteration   1: 1.118 us/op
Iteration   2: 1.117 us/op
Iteration   3: 1.120 us/op
Iteration   4: 1.122 us/op
Iteration   5: 1.137 us/op
Iteration   6: 1.120 us/op
Iteration   7: 1.115 us/op
Iteration   8: 1.122 us/op
Iteration   9: 1.146 us/op
Iteration  10: 1.115 us/op

# Run progress: 77.51% complete, ETA 00:29:16
# Fork: 3 of 3
# Warmup Iteration   1: 1.153 us/op
# Warmup Iteration   2: 1.104 us/op
# Warmup Iteration   3: 1.100 us/op
# Warmup Iteration   4: 1.108 us/op
# Warmup Iteration   5: 1.114 us/op
Iteration   1: 1.105 us/op
Iteration   2: 1.116 us/op
Iteration   3: 1.108 us/op
Iteration   4: 1.140 us/op
Iteration   5: 1.105 us/op
Iteration   6: 1.095 us/op
Iteration   7: 1.104 us/op
Iteration   8: 1.101 us/op
Iteration   9: 1.116 us/op
Iteration  10: 1.117 us/op


Result "de.splatgames.aether.datafixers.benchmarks.format.TomlXmlBenchmark.tomlFieldSet":
  1.120 ±(99.9%) 0.009 us/op [Average]
  (min, avg, max) = (1.095, 1.120, 1.148), stdev = 0.013
  CI (99.9%): [1.111, 1.129] (assumes normal distribution)


# JMH version: 1.37
# VM version: JDK 17.0.18, OpenJDK 64-Bit Server VM, 17.0.18+8-Ubuntu-122.04.1
# VM invoker: /usr/lib/jvm/java-17-openjdk-amd64/bin/java
# VM options: -Xms4G -Xmx4G -XX:+UseG1GC -XX:+AlwaysPreTouch
# Blackhole mode: compiler (auto-detected, use -Djmh.blackhole.autoDetect=false to disable)
# Warmup: 5 iterations, 1 s each
# Measurement: 10 iterations, 1 s each
# Timeout: 10 min per iteration
# Threads: 1 thread, will synchronize iterations
# Benchmark mode: Average time, time/op
# Benchmark: de.splatgames.aether.datafixers.benchmarks.format.TomlXmlBenchmark.tomlFieldSet
# Parameters: (payloadSize = MEDIUM)

# Run progress: 77.71% complete, ETA 00:29:01
# Fork: 1 of 3
# Warmup Iteration   1: 8.221 us/op
# Warmup Iteration   2: 7.847 us/op
# Warmup Iteration   3: 7.952 us/op
# Warmup Iteration   4: 7.764 us/op
# Warmup Iteration   5: 7.829 us/op
Iteration   1: 7.796 us/op
Iteration   2: 7.795 us/op
Iteration   3: 7.821 us/op
Iteration   4: 8.117 us/op
Iteration   5: 7.844 us/op
Iteration   6: 7.830 us/op
Iteration   7: 8.011 us/op
Iteration   8: 7.897 us/op
Iteration   9: 7.873 us/op
Iteration  10: 7.874 us/op

# Run progress: 77.91% complete, ETA 00:28:45
# Fork: 2 of 3
# Warmup Iteration   1: 8.057 us/op
# Warmup Iteration   2: 8.124 us/op
# Warmup Iteration   3: 7.733 us/op
# Warmup Iteration   4: 7.696 us/op
# Warmup Iteration   5: 7.583 us/op
Iteration   1: 7.512 us/op
Iteration   2: 7.925 us/op
Iteration   3: 7.649 us/op
Iteration   4: 7.850 us/op
Iteration   5: 7.760 us/op
Iteration   6: 7.745 us/op
Iteration   7: 8.004 us/op
Iteration   8: 7.959 us/op
Iteration   9: 7.845 us/op
Iteration  10: 7.738 us/op

# Run progress: 78.11% complete, ETA 00:28:29
# Fork: 3 of 3
# Warmup Iteration   1: 8.090 us/op
# Warmup Iteration   2: 7.772 us/op
# Warmup Iteration   3: 7.662 us/op
# Warmup Iteration   4: 7.676 us/op
# Warmup Iteration   5: 7.652 us/op
Iteration   1: 7.723 us/op
Iteration   2: 7.833 us/op
Iteration   3: 7.813 us/op
Iteration   4: 7.731 us/op
Iteration   5: 7.750 us/op
Iteration   6: 7.904 us/op
Iteration   7: 7.757 us/op
Iteration   8: 7.749 us/op
Iteration   9: 7.755 us/op
Iteration  10: 7.737 us/op


Result "de.splatgames.aether.datafixers.benchmarks.format.TomlXmlBenchmark.tomlFieldSet":
  7.820 ±(99.9%) 0.078 us/op [Average]
  (min, avg, max) = (7.512, 7.820, 8.117), stdev = 0.117
  CI (99.9%): [7.742, 7.898] (assumes normal distribution)


# JMH version: 1.37
# VM version: JDK 17.0.18, OpenJDK 64-Bit Server VM, 17.0.18+8-Ubuntu-122.04.1
# VM invoker: /usr/lib/jvm/java-17-openjdk-amd64/bin/java
# VM options: -Xms4G -Xmx4G -XX:+UseG1GC -XX:+AlwaysPreTouch
# Blackhole mode: compiler (auto-detected, use -Djmh.blackhole.autoDetect=false to disable)
# Warmup: 5 iterations, 1 s each
# Measurement: 10 iterations, 1 s each
# Timeout: 10 min per iteration
# Threads: 1 thread, will synchronize iterations
# Benchmark mode: Average time, time/op
# Benchmark: de.splatgames.aether.datafixers.benchmarks.format.TomlXmlBenchmark.tomlGenerate
# Parameters: (payloadSize = SMALL)

# Run progress: 78.31% complete, ETA 00:28:14
# Fork: 1 of 3
# Warmup Iteration   1: 7.287 us/op
# Warmup Iteration   2: 6.746 us/op
# Warmup Iteration   3: 6.580 us/op
# Warmup Iteration   4: 6.625 us/op
# Warmup Iteration   5: 6.700 us/op
Iteration   1: 6.717 us/op
Iteration   2: 6.631 us/op
Iteration   3: 6.610 us/op
Iteration   4: 6.650 us/op
Iteration   5: 6.630 us/op
Iteration   6: 6.640 us/op
Iteration   7: 6.790 us/op
Iteration   8: 6.550 us/op
Iteration   9: 6.585 us/op
Iteration  10: 6.619 us/op

# Run progress: 78.51% complete, ETA 00:27:58
# Fork: 2 of 3
# Warmup Iteration   1: 7.443 us/op
# Warmup Iteration   2: 6.559 us/op
# Warmup Iteration   3: 6.546 us/op
# Warmup Iteration   4: 6.560 us/op
# Warmup Iteration   5: 6.594 us/op
Iteration   1: 6.694 us/op
Iteration   2: 6.516 us/op
Iteration   3: 6.537 us/op
Iteration   4: 6.538 us/op
Iteration   5: 6.557 us/op
Iteration   6: 6.517 us/op
Iteration   7: 6.518 us/op
Iteration   8: 6.562 us/op
Iteration   9: 6.509 us/op
Iteration  10: 6.915 us/op

# Run progress: 78.71% complete, ETA 00:27:42
# Fork: 3 of 3
# Warmup Iteration   1: 7.809 us/op
# Warmup Iteration   2: 6.891 us/op
# Warmup Iteration   3: 6.704 us/op
# Warmup Iteration   4: 6.817 us/op
# Warmup Iteration   5: 6.742 us/op
Iteration   1: 6.756 us/op
Iteration   2: 6.687 us/op
Iteration   3: 6.724 us/op
Iteration   4: 6.725 us/op
Iteration   5: 6.722 us/op
Iteration   6: 6.951 us/op
Iteration   7: 6.747 us/op
Iteration   8: 6.723 us/op
Iteration   9: 6.783 us/op
Iteration  10: 6.734 us/op


Result "de.splatgames.aether.datafixers.benchmarks.format.TomlXmlBenchmark.tomlGenerate":
  6.661 ±(99.9%) 0.077 us/op [Average]
  (min, avg, max) = (6.509, 6.661, 6.951), stdev = 0.115
  CI (99.9%): [6.584, 6.738] (assumes normal distribution)


# JMH version: 1.37
# VM version: JDK 17.0.18, OpenJDK 64-Bit Server VM, 17.0.18+8-Ubuntu-122.04.1
# VM invoker: /usr/lib/jvm/java-17-openjdk-amd64/bin/java
# VM options: -Xms4G -Xmx4G -XX:+UseG1GC -XX:+AlwaysPreTouch
# Blackhole mode: compiler (auto-detected, use -Djmh.blackhole.autoDetect=false to disable)
# Warmup: 5 iterations, 1 s each
# Measurement: 10 iterations, 1 s each
# Timeout: 10 min per iteration
# Threads: 1 thread, will synchronize iterations
# Benchmark mode: Average time, time/op
# Benchmark: de.splatgames.aether.datafixers.benchmarks.format.TomlXmlBenchmark.tomlGenerate
# Parameters: (payloadSize = MEDIUM)

# Run progress: 78.92% complete, ETA 00:27:27
# Fork: 1 of 3
# Warmup Iteration   1: 71.055 us/op
# Warmup Iteration   2: 67.175 us/op
# Warmup Iteration   3: 65.714 us/op
# Warmup Iteration   4: 67.500 us/op
# Warmup Iteration   5: 65.783 us/op
Iteration   1: 65.866 us/op
Iteration   2: 64.095 us/op
Iteration   3: 66.558 us/op
Iteration   4: 65.301 us/op
Iteration   5: 64.947 us/op
Iteration   6: 65.116 us/op
Iteration   7: 65.542 us/op
Iteration   8: 64.868 us/op
Iteration   9: 65.697 us/op
Iteration  10: 64.887 us/op

# Run progress: 79.12% complete, ETA 00:27:11
# Fork: 2 of 3
# Warmup Iteration   1: 70.788 us/op
# Warmup Iteration   2: 65.374 us/op
# Warmup Iteration   3: 66.127 us/op
# Warmup Iteration   4: 66.685 us/op
# Warmup Iteration   5: 65.998 us/op
Iteration   1: 65.613 us/op
Iteration   2: 65.148 us/op
Iteration   3: 65.083 us/op
Iteration   4: 66.386 us/op
Iteration   5: 65.430 us/op
Iteration   6: 65.012 us/op
Iteration   7: 65.374 us/op
Iteration   8: 65.645 us/op
Iteration   9: 65.605 us/op
Iteration  10: 64.878 us/op

# Run progress: 79.32% complete, ETA 00:26:55
# Fork: 3 of 3
# Warmup Iteration   1: 72.507 us/op
# Warmup Iteration   2: 65.471 us/op
# Warmup Iteration   3: 66.392 us/op
# Warmup Iteration   4: 67.632 us/op
# Warmup Iteration   5: 72.983 us/op
Iteration   1: 67.939 us/op
Iteration   2: 66.874 us/op
Iteration   3: 68.032 us/op
Iteration   4: 67.301 us/op
Iteration   5: 67.239 us/op
Iteration   6: 65.855 us/op
Iteration   7: 65.387 us/op
Iteration   8: 68.382 us/op
Iteration   9: 66.192 us/op
Iteration  10: 65.912 us/op


Result "de.splatgames.aether.datafixers.benchmarks.format.TomlXmlBenchmark.tomlGenerate":
  65.872 ±(99.9%) 0.699 us/op [Average]
  (min, avg, max) = (64.095, 65.872, 68.382), stdev = 1.047
  CI (99.9%): [65.173, 66.572] (assumes normal distribution)


# JMH version: 1.37
# VM version: JDK 17.0.18, OpenJDK 64-Bit Server VM, 17.0.18+8-Ubuntu-122.04.1
# VM invoker: /usr/lib/jvm/java-17-openjdk-amd64/bin/java
# VM options: -Xms4G -Xmx4G -XX:+UseG1GC -XX:+AlwaysPreTouch
# Blackhole mode: compiler (auto-detected, use -Djmh.blackhole.autoDetect=false to disable)
# Warmup: 5 iterations, 1 s each
# Measurement: 10 iterations, 1 s each
# Timeout: 10 min per iteration
# Threads: 1 thread, will synchronize iterations
# Benchmark mode: Average time, time/op
# Benchmark: de.splatgames.aether.datafixers.benchmarks.format.TomlXmlBenchmark.tomlMigration
# Parameters: (payloadSize = SMALL)

# Run progress: 79.52% complete, ETA 00:26:40
# Fork: 1 of 3
# Warmup Iteration   1: 0.308 us/op
# Warmup Iteration   2: 0.281 us/op
# Warmup Iteration   3: 0.274 us/op
# Warmup Iteration   4: 0.273 us/op
# Warmup Iteration   5: 0.275 us/op
Iteration   1: 0.272 us/op
Iteration   2: 0.282 us/op
Iteration   3: 0.277 us/op
Iteration   4: 0.271 us/op
Iteration   5: 0.272 us/op
Iteration   6: 0.271 us/op
Iteration   7: 0.274 us/op
Iteration   8: 0.270 us/op
Iteration   9: 0.271 us/op
Iteration  10: 0.271 us/op

# Run progress: 79.72% complete, ETA 00:26:24
# Fork: 2 of 3
# Warmup Iteration   1: 0.305 us/op
# Warmup Iteration   2: 0.281 us/op
# Warmup Iteration   3: 0.274 us/op
# Warmup Iteration   4: 0.272 us/op
# Warmup Iteration   5: 0.274 us/op
Iteration   1: 0.272 us/op
Iteration   2: 0.274 us/op
Iteration   3: 0.273 us/op
Iteration   4: 0.276 us/op
Iteration   5: 0.276 us/op
Iteration   6: 0.274 us/op
Iteration   7: 0.278 us/op
Iteration   8: 0.277 us/op
Iteration   9: 0.276 us/op
Iteration  10: 0.278 us/op

# Run progress: 79.92% complete, ETA 00:26:08
# Fork: 3 of 3
# Warmup Iteration   1: 0.308 us/op
# Warmup Iteration   2: 0.275 us/op
# Warmup Iteration   3: 0.277 us/op
# Warmup Iteration   4: 0.275 us/op
# Warmup Iteration   5: 0.280 us/op
Iteration   1: 0.277 us/op
Iteration   2: 0.273 us/op
Iteration   3: 0.273 us/op
Iteration   4: 0.276 us/op
Iteration   5: 0.279 us/op
Iteration   6: 0.274 us/op
Iteration   7: 0.274 us/op
Iteration   8: 0.274 us/op
Iteration   9: 0.275 us/op
Iteration  10: 0.275 us/op


Result "de.splatgames.aether.datafixers.benchmarks.format.TomlXmlBenchmark.tomlMigration":
  0.275 ±(99.9%) 0.002 us/op [Average]
  (min, avg, max) = (0.270, 0.275, 0.282), stdev = 0.003
  CI (99.9%): [0.273, 0.276] (assumes normal distribution)


# JMH version: 1.37
# VM version: JDK 17.0.18, OpenJDK 64-Bit Server VM, 17.0.18+8-Ubuntu-122.04.1
# VM invoker: /usr/lib/jvm/java-17-openjdk-amd64/bin/java
# VM options: -Xms4G -Xmx4G -XX:+UseG1GC -XX:+AlwaysPreTouch
# Blackhole mode: compiler (auto-detected, use -Djmh.blackhole.autoDetect=false to disable)
# Warmup: 5 iterations, 1 s each
# Measurement: 10 iterations, 1 s each
# Timeout: 10 min per iteration
# Threads: 1 thread, will synchronize iterations
# Benchmark mode: Average time, time/op
# Benchmark: de.splatgames.aether.datafixers.benchmarks.format.TomlXmlBenchmark.tomlMigration
# Parameters: (payloadSize = MEDIUM)

# Run progress: 80.12% complete, ETA 00:25:53
# Fork: 1 of 3
# Warmup Iteration   1: 0.313 us/op
# Warmup Iteration   2: 0.276 us/op
# Warmup Iteration   3: 0.274 us/op
# Warmup Iteration   4: 0.279 us/op
# Warmup Iteration   5: 0.275 us/op
Iteration   1: 0.275 us/op
Iteration   2: 0.273 us/op
Iteration   3: 0.273 us/op
Iteration   4: 0.275 us/op
Iteration   5: 0.277 us/op
Iteration   6: 0.282 us/op
Iteration   7: 0.274 us/op
Iteration   8: 0.273 us/op
Iteration   9: 0.276 us/op
Iteration  10: 0.275 us/op

# Run progress: 80.32% complete, ETA 00:25:37
# Fork: 2 of 3
# Warmup Iteration   1: 0.304 us/op
# Warmup Iteration   2: 0.274 us/op
# Warmup Iteration   3: 0.273 us/op
# Warmup Iteration   4: 0.274 us/op
# Warmup Iteration   5: 0.277 us/op
Iteration   1: 0.273 us/op
Iteration   2: 0.273 us/op
Iteration   3: 0.274 us/op
Iteration   4: 0.275 us/op
Iteration   5: 0.275 us/op
Iteration   6: 0.275 us/op
Iteration   7: 0.273 us/op
Iteration   8: 0.274 us/op
Iteration   9: 0.272 us/op
Iteration  10: 0.279 us/op

# Run progress: 80.52% complete, ETA 00:25:21
# Fork: 3 of 3
# Warmup Iteration   1: 0.305 us/op
# Warmup Iteration   2: 0.274 us/op
# Warmup Iteration   3: 0.273 us/op
# Warmup Iteration   4: 0.282 us/op
# Warmup Iteration   5: 0.273 us/op
Iteration   1: 0.276 us/op
Iteration   2: 0.273 us/op
Iteration   3: 0.273 us/op
Iteration   4: 0.278 us/op
Iteration   5: 0.274 us/op
Iteration   6: 0.275 us/op
Iteration   7: 0.275 us/op
Iteration   8: 0.275 us/op
Iteration   9: 0.282 us/op
Iteration  10: 0.276 us/op


Result "de.splatgames.aether.datafixers.benchmarks.format.TomlXmlBenchmark.tomlMigration":
  0.275 ±(99.9%) 0.002 us/op [Average]
  (min, avg, max) = (0.272, 0.275, 0.282), stdev = 0.002
  CI (99.9%): [0.274, 0.277] (assumes normal distribution)


# JMH version: 1.37
# VM version: JDK 17.0.18, OpenJDK 64-Bit Server VM, 17.0.18+8-Ubuntu-122.04.1
# VM invoker: /usr/lib/jvm/java-17-openjdk-amd64/bin/java
# VM options: -Xms4G -Xmx4G -XX:+UseG1GC -XX:+AlwaysPreTouch
# Blackhole mode: compiler (auto-detected, use -Djmh.blackhole.autoDetect=false to disable)
# Warmup: 5 iterations, 1 s each
# Measurement: 10 iterations, 1 s each
# Timeout: 10 min per iteration
# Threads: 1 thread, will synchronize iterations
# Benchmark mode: Average time, time/op
# Benchmark: de.splatgames.aether.datafixers.benchmarks.format.TomlXmlBenchmark.xmlFieldRead
# Parameters: (payloadSize = SMALL)

# Run progress: 80.72% complete, ETA 00:25:05
# Fork: 1 of 3
# Warmup Iteration   1: 0.016 us/op
# Warmup Iteration   2: 0.017 us/op
# Warmup Iteration   3: 0.017 us/op
# Warmup Iteration   4: 0.016 us/op
# Warmup Iteration   5: 0.016 us/op
Iteration   1: 0.016 us/op
Iteration   2: 0.017 us/op
Iteration   3: 0.017 us/op
Iteration   4: 0.017 us/op
Iteration   5: 0.016 us/op
Iteration   6: 0.016 us/op
Iteration   7: 0.016 us/op
Iteration   8: 0.016 us/op
Iteration   9: 0.017 us/op
Iteration  10: 0.016 us/op

# Run progress: 80.92% complete, ETA 00:24:50
# Fork: 2 of 3
# Warmup Iteration   1: 0.015 us/op
# Warmup Iteration   2: 0.017 us/op
# Warmup Iteration   3: 0.017 us/op
# Warmup Iteration   4: 0.016 us/op
# Warmup Iteration   5: 0.016 us/op
Iteration   1: 0.016 us/op
Iteration   2: 0.016 us/op
Iteration   3: 0.017 us/op
Iteration   4: 0.016 us/op
Iteration   5: 0.016 us/op
Iteration   6: 0.016 us/op
Iteration   7: 0.016 us/op
Iteration   8: 0.016 us/op
Iteration   9: 0.016 us/op
Iteration  10: 0.016 us/op

# Run progress: 81.12% complete, ETA 00:24:34
# Fork: 3 of 3
# Warmup Iteration   1: 0.016 us/op
# Warmup Iteration   2: 0.017 us/op
# Warmup Iteration   3: 0.016 us/op
# Warmup Iteration   4: 0.016 us/op
# Warmup Iteration   5: 0.016 us/op
Iteration   1: 0.016 us/op
Iteration   2: 0.016 us/op
Iteration   3: 0.017 us/op
Iteration   4: 0.017 us/op
Iteration   5: 0.016 us/op
Iteration   6: 0.016 us/op
Iteration   7: 0.017 us/op
Iteration   8: 0.016 us/op
Iteration   9: 0.016 us/op
Iteration  10: 0.018 us/op


Result "de.splatgames.aether.datafixers.benchmarks.format.TomlXmlBenchmark.xmlFieldRead":
  0.016 ±(99.9%) 0.001 us/op [Average]
  (min, avg, max) = (0.016, 0.016, 0.018), stdev = 0.001
  CI (99.9%): [0.016, 0.017] (assumes normal distribution)


# JMH version: 1.37
# VM version: JDK 17.0.18, OpenJDK 64-Bit Server VM, 17.0.18+8-Ubuntu-122.04.1
# VM invoker: /usr/lib/jvm/java-17-openjdk-amd64/bin/java
# VM options: -Xms4G -Xmx4G -XX:+UseG1GC -XX:+AlwaysPreTouch
# Blackhole mode: compiler (auto-detected, use -Djmh.blackhole.autoDetect=false to disable)
# Warmup: 5 iterations, 1 s each
# Measurement: 10 iterations, 1 s each
# Timeout: 10 min per iteration
# Threads: 1 thread, will synchronize iterations
# Benchmark mode: Average time, time/op
# Benchmark: de.splatgames.aether.datafixers.benchmarks.format.TomlXmlBenchmark.xmlFieldRead
# Parameters: (payloadSize = MEDIUM)

# Run progress: 81.33% complete, ETA 00:24:18
# Fork: 1 of 3
# Warmup Iteration   1: 0.018 us/op
# Warmup Iteration   2: 0.016 us/op
# Warmup Iteration   3: 0.016 us/op
# Warmup Iteration   4: 0.016 us/op
# Warmup Iteration   5: 0.016 us/op
Iteration   1: 0.016 us/op
Iteration   2: 0.016 us/op
Iteration   3: 0.016 us/op
Iteration   4: 0.016 us/op
Iteration   5: 0.016 us/op
Iteration   6: 0.016 us/op
Iteration   7: 0.016 us/op
Iteration   8: 0.016 us/op
Iteration   9: 0.016 us/op
Iteration  10: 0.016 us/op

# Run progress: 81.53% complete, ETA 00:24:03
# Fork: 2 of 3
# Warmup Iteration   1: 0.018 us/op
# Warmup Iteration   2: 0.016 us/op
# Warmup Iteration   3: 0.016 us/op
# Warmup Iteration   4: 0.016 us/op
# Warmup Iteration   5: 0.016 us/op
Iteration   1: 0.016 us/op
Iteration   2: 0.016 us/op
Iteration   3: 0.016 us/op
Iteration   4: 0.016 us/op
Iteration   5: 0.016 us/op
Iteration   6: 0.016 us/op
Iteration   7: 0.016 us/op
Iteration   8: 0.016 us/op
Iteration   9: 0.016 us/op
Iteration  10: 0.016 us/op

# Run progress: 81.73% complete, ETA 00:23:47
# Fork: 3 of 3
# Warmup Iteration   1: 0.018 us/op
# Warmup Iteration   2: 0.016 us/op
# Warmup Iteration   3: 0.016 us/op
# Warmup Iteration   4: 0.016 us/op
# Warmup Iteration   5: 0.016 us/op
Iteration   1: 0.017 us/op
Iteration   2: 0.016 us/op
Iteration   3: 0.016 us/op
Iteration   4: 0.016 us/op
Iteration   5: 0.016 us/op
Iteration   6: 0.016 us/op
Iteration   7: 0.016 us/op
Iteration   8: 0.016 us/op
Iteration   9: 0.016 us/op
Iteration  10: 0.016 us/op


Result "de.splatgames.aether.datafixers.benchmarks.format.TomlXmlBenchmark.xmlFieldRead":
  0.016 ±(99.9%) 0.001 us/op [Average]
  (min, avg, max) = (0.016, 0.016, 0.017), stdev = 0.001
  CI (99.9%): [0.016, 0.016] (assumes normal distribution)


# JMH version: 1.37
# VM version: JDK 17.0.18, OpenJDK 64-Bit Server VM, 17.0.18+8-Ubuntu-122.04.1
# VM invoker: /usr/lib/jvm/java-17-openjdk-amd64/bin/java
# VM options: -Xms4G -Xmx4G -XX:+UseG1GC -XX:+AlwaysPreTouch
# Blackhole mode: compiler (auto-detected, use -Djmh.blackhole.autoDetect=false to disable)
# Warmup: 5 iterations, 1 s each
# Measurement: 10 iterations, 1 s each
# Timeout: 10 min per iteration
# Threads: 1 thread, will synchronize iterations
# Benchmark mode: Average time, time/op
# Benchmark: de.splatgames.aether.datafixers.benchmarks.format.TomlXmlBenchmark.xmlFieldSet
# Parameters: (payloadSize = SMALL)

# Run progress: 81.93% complete, ETA 00:23:31
# Fork: 1 of 3
# Warmup Iteration   1: 1.153 us/op
# Warmup Iteration   2: 1.105 us/op
# Warmup Iteration   3: 1.125 us/op
# Warmup Iteration   4: 1.125 us/op
# Warmup Iteration   5: 1.125 us/op
Iteration   1: 1.125 us/op
Iteration   2: 1.116 us/op
Iteration   3: 1.115 us/op
Iteration   4: 1.124 us/op
Iteration   5: 1.130 us/op
Iteration   6: 1.114 us/op
Iteration   7: 1.112 us/op
Iteration   8: 1.126 us/op
Iteration   9: 1.115 us/op
Iteration  10: 1.118 us/op

# Run progress: 82.13% complete, ETA 00:23:16
# Fork: 2 of 3
# Warmup Iteration   1: 1.142 us/op
# Warmup Iteration   2: 1.089 us/op
# Warmup Iteration   3: 1.104 us/op
# Warmup Iteration   4: 1.126 us/op
# Warmup Iteration   5: 1.115 us/op
Iteration   1: 1.113 us/op
Iteration   2: 1.103 us/op
Iteration   3: 1.113 us/op
Iteration   4: 1.112 us/op
Iteration   5: 1.108 us/op
Iteration   6: 1.100 us/op
Iteration   7: 1.096 us/op
Iteration   8: 1.099 us/op
Iteration   9: 1.110 us/op
Iteration  10: 1.088 us/op

# Run progress: 82.33% complete, ETA 00:23:00
# Fork: 3 of 3
# Warmup Iteration   1: 1.142 us/op
# Warmup Iteration   2: 1.115 us/op
# Warmup Iteration   3: 1.113 us/op
# Warmup Iteration   4: 1.120 us/op
# Warmup Iteration   5: 1.110 us/op
Iteration   1: 1.118 us/op
Iteration   2: 1.100 us/op
Iteration   3: 1.131 us/op
Iteration   4: 1.103 us/op
Iteration   5: 1.120 us/op
Iteration   6: 1.114 us/op
Iteration   7: 1.112 us/op
Iteration   8: 1.118 us/op
Iteration   9: 1.116 us/op
Iteration  10: 1.106 us/op


Result "de.splatgames.aether.datafixers.benchmarks.format.TomlXmlBenchmark.xmlFieldSet":
  1.112 ±(99.9%) 0.007 us/op [Average]
  (min, avg, max) = (1.088, 1.112, 1.131), stdev = 0.010
  CI (99.9%): [1.106, 1.119] (assumes normal distribution)


# JMH version: 1.37
# VM version: JDK 17.0.18, OpenJDK 64-Bit Server VM, 17.0.18+8-Ubuntu-122.04.1
# VM invoker: /usr/lib/jvm/java-17-openjdk-amd64/bin/java
# VM options: -Xms4G -Xmx4G -XX:+UseG1GC -XX:+AlwaysPreTouch
# Blackhole mode: compiler (auto-detected, use -Djmh.blackhole.autoDetect=false to disable)
# Warmup: 5 iterations, 1 s each
# Measurement: 10 iterations, 1 s each
# Timeout: 10 min per iteration
# Threads: 1 thread, will synchronize iterations
# Benchmark mode: Average time, time/op
# Benchmark: de.splatgames.aether.datafixers.benchmarks.format.TomlXmlBenchmark.xmlFieldSet
# Parameters: (payloadSize = MEDIUM)

# Run progress: 82.53% complete, ETA 00:22:44
# Fork: 1 of 3
# Warmup Iteration   1: 7.806 us/op
# Warmup Iteration   2: 7.766 us/op
# Warmup Iteration   3: 7.771 us/op
# Warmup Iteration   4: 7.704 us/op
# Warmup Iteration   5: 7.461 us/op
Iteration   1: 7.503 us/op
Iteration   2: 7.486 us/op
Iteration   3: 7.602 us/op
Iteration   4: 7.521 us/op
Iteration   5: 7.528 us/op
Iteration   6: 7.527 us/op
Iteration   7: 7.652 us/op
Iteration   8: 7.616 us/op
Iteration   9: 7.513 us/op
Iteration  10: 7.506 us/op

# Run progress: 82.73% complete, ETA 00:22:29
# Fork: 2 of 3
# Warmup Iteration   1: 7.889 us/op
# Warmup Iteration   2: 7.710 us/op
# Warmup Iteration   3: 7.622 us/op
# Warmup Iteration   4: 7.615 us/op
# Warmup Iteration   5: 7.612 us/op
Iteration   1: 7.599 us/op
Iteration   2: 7.757 us/op
Iteration   3: 7.707 us/op
Iteration   4: 7.684 us/op
Iteration   5: 7.721 us/op
Iteration   6: 7.711 us/op
Iteration   7: 7.825 us/op
Iteration   8: 7.791 us/op
Iteration   9: 7.764 us/op
Iteration  10: 7.768 us/op

# Run progress: 82.93% complete, ETA 00:22:13
# Fork: 3 of 3
# Warmup Iteration   1: 8.088 us/op
# Warmup Iteration   2: 7.663 us/op
# Warmup Iteration   3: 7.616 us/op
# Warmup Iteration   4: 7.633 us/op
# Warmup Iteration   5: 7.834 us/op
Iteration   1: 7.823 us/op
Iteration   2: 7.810 us/op
Iteration   3: 7.672 us/op
Iteration   4: 7.690 us/op
Iteration   5: 7.675 us/op
Iteration   6: 7.809 us/op
Iteration   7: 7.756 us/op
Iteration   8: 7.717 us/op
Iteration   9: 7.701 us/op
Iteration  10: 7.865 us/op


Result "de.splatgames.aether.datafixers.benchmarks.format.TomlXmlBenchmark.xmlFieldSet":
  7.677 ±(99.9%) 0.075 us/op [Average]
  (min, avg, max) = (7.486, 7.677, 7.865), stdev = 0.113
  CI (99.9%): [7.601, 7.752] (assumes normal distribution)


# JMH version: 1.37
# VM version: JDK 17.0.18, OpenJDK 64-Bit Server VM, 17.0.18+8-Ubuntu-122.04.1
# VM invoker: /usr/lib/jvm/java-17-openjdk-amd64/bin/java
# VM options: -Xms4G -Xmx4G -XX:+UseG1GC -XX:+AlwaysPreTouch
# Blackhole mode: compiler (auto-detected, use -Djmh.blackhole.autoDetect=false to disable)
# Warmup: 5 iterations, 1 s each
# Measurement: 10 iterations, 1 s each
# Timeout: 10 min per iteration
# Threads: 1 thread, will synchronize iterations
# Benchmark mode: Average time, time/op
# Benchmark: de.splatgames.aether.datafixers.benchmarks.format.TomlXmlBenchmark.xmlGenerate
# Parameters: (payloadSize = SMALL)

# Run progress: 83.13% complete, ETA 00:21:57
# Fork: 1 of 3
# Warmup Iteration   1: 7.446 us/op
# Warmup Iteration   2: 6.696 us/op
# Warmup Iteration   3: 6.753 us/op
# Warmup Iteration   4: 6.693 us/op
# Warmup Iteration   5: 6.793 us/op
Iteration   1: 6.771 us/op
Iteration   2: 6.687 us/op
Iteration   3: 6.739 us/op
Iteration   4: 6.700 us/op
Iteration   5: 6.702 us/op
Iteration   6: 6.784 us/op
Iteration   7: 6.698 us/op
Iteration   8: 6.681 us/op
Iteration   9: 6.718 us/op
Iteration  10: 6.812 us/op

# Run progress: 83.33% complete, ETA 00:21:42
# Fork: 2 of 3
# Warmup Iteration   1: 7.847 us/op
# Warmup Iteration   2: 6.801 us/op
# Warmup Iteration   3: 6.876 us/op
# Warmup Iteration   4: 6.778 us/op
# Warmup Iteration   5: 6.818 us/op
Iteration   1: 6.799 us/op
Iteration   2: 6.827 us/op
Iteration   3: 6.872 us/op
Iteration   4: 7.011 us/op
Iteration   5: 6.788 us/op
Iteration   6: 6.749 us/op
Iteration   7: 6.667 us/op
Iteration   8: 6.728 us/op
Iteration   9: 6.741 us/op
Iteration  10: 6.785 us/op

# Run progress: 83.53% complete, ETA 00:21:26
# Fork: 3 of 3
# Warmup Iteration   1: 7.557 us/op
# Warmup Iteration   2: 6.716 us/op
# Warmup Iteration   3: 6.780 us/op
# Warmup Iteration   4: 6.818 us/op
# Warmup Iteration   5: 6.625 us/op
Iteration   1: 6.654 us/op
Iteration   2: 6.658 us/op
Iteration   3: 6.676 us/op
Iteration   4: 6.598 us/op
Iteration   5: 6.773 us/op
Iteration   6: 6.642 us/op
Iteration   7: 6.667 us/op
Iteration   8: 6.661 us/op
Iteration   9: 6.751 us/op
Iteration  10: 6.628 us/op


Result "de.splatgames.aether.datafixers.benchmarks.format.TomlXmlBenchmark.xmlGenerate":
  6.732 ±(99.9%) 0.056 us/op [Average]
  (min, avg, max) = (6.598, 6.732, 7.011), stdev = 0.084
  CI (99.9%): [6.676, 6.788] (assumes normal distribution)


# JMH version: 1.37
# VM version: JDK 17.0.18, OpenJDK 64-Bit Server VM, 17.0.18+8-Ubuntu-122.04.1
# VM invoker: /usr/lib/jvm/java-17-openjdk-amd64/bin/java
# VM options: -Xms4G -Xmx4G -XX:+UseG1GC -XX:+AlwaysPreTouch
# Blackhole mode: compiler (auto-detected, use -Djmh.blackhole.autoDetect=false to disable)
# Warmup: 5 iterations, 1 s each
# Measurement: 10 iterations, 1 s each
# Timeout: 10 min per iteration
# Threads: 1 thread, will synchronize iterations
# Benchmark mode: Average time, time/op
# Benchmark: de.splatgames.aether.datafixers.benchmarks.format.TomlXmlBenchmark.xmlGenerate
# Parameters: (payloadSize = MEDIUM)

# Run progress: 83.73% complete, ETA 00:21:10
# Fork: 1 of 3
# Warmup Iteration   1: 69.705 us/op
# Warmup Iteration   2: 65.481 us/op
# Warmup Iteration   3: 65.231 us/op
# Warmup Iteration   4: 65.076 us/op
# Warmup Iteration   5: 65.775 us/op
Iteration   1: 64.617 us/op
Iteration   2: 64.701 us/op
Iteration   3: 65.329 us/op
Iteration   4: 64.838 us/op
Iteration   5: 64.303 us/op
Iteration   6: 64.039 us/op
Iteration   7: 64.836 us/op
Iteration   8: 65.415 us/op
Iteration   9: 65.165 us/op
Iteration  10: 64.954 us/op

# Run progress: 83.94% complete, ETA 00:20:54
# Fork: 2 of 3
# Warmup Iteration   1: 70.747 us/op
# Warmup Iteration   2: 65.077 us/op
# Warmup Iteration   3: 65.967 us/op
# Warmup Iteration   4: 66.428 us/op
# Warmup Iteration   5: 64.303 us/op
Iteration   1: 64.903 us/op
Iteration   2: 64.813 us/op
Iteration   3: 64.294 us/op
Iteration   4: 64.640 us/op
Iteration   5: 64.390 us/op
Iteration   6: 64.555 us/op
Iteration   7: 65.512 us/op
Iteration   8: 64.308 us/op
Iteration   9: 66.057 us/op
Iteration  10: 65.486 us/op

# Run progress: 84.14% complete, ETA 00:20:39
# Fork: 3 of 3
# Warmup Iteration   1: 71.175 us/op
# Warmup Iteration   2: 66.654 us/op
# Warmup Iteration   3: 66.254 us/op
# Warmup Iteration   4: 65.161 us/op
# Warmup Iteration   5: 64.390 us/op
Iteration   1: 66.082 us/op
Iteration   2: 65.553 us/op
Iteration   3: 65.567 us/op
Iteration   4: 65.068 us/op
Iteration   5: 64.517 us/op
Iteration   6: 65.877 us/op
Iteration   7: 65.222 us/op
Iteration   8: 65.873 us/op
Iteration   9: 65.615 us/op
Iteration  10: 66.088 us/op


Result "de.splatgames.aether.datafixers.benchmarks.format.TomlXmlBenchmark.xmlGenerate":
  65.087 ±(99.9%) 0.398 us/op [Average]
  (min, avg, max) = (64.039, 65.087, 66.088), stdev = 0.596
  CI (99.9%): [64.689, 65.485] (assumes normal distribution)


# JMH version: 1.37
# VM version: JDK 17.0.18, OpenJDK 64-Bit Server VM, 17.0.18+8-Ubuntu-122.04.1
# VM invoker: /usr/lib/jvm/java-17-openjdk-amd64/bin/java
# VM options: -Xms4G -Xmx4G -XX:+UseG1GC -XX:+AlwaysPreTouch
# Blackhole mode: compiler (auto-detected, use -Djmh.blackhole.autoDetect=false to disable)
# Warmup: 5 iterations, 1 s each
# Measurement: 10 iterations, 1 s each
# Timeout: 10 min per iteration
# Threads: 1 thread, will synchronize iterations
# Benchmark mode: Average time, time/op
# Benchmark: de.splatgames.aether.datafixers.benchmarks.format.TomlXmlBenchmark.xmlMigration
# Parameters: (payloadSize = SMALL)

# Run progress: 84.34% complete, ETA 00:20:23
# Fork: 1 of 3
# Warmup Iteration   1: 0.311 us/op
# Warmup Iteration   2: 0.276 us/op
# Warmup Iteration   3: 0.274 us/op
# Warmup Iteration   4: 0.273 us/op
# Warmup Iteration   5: 0.275 us/op
Iteration   1: 0.275 us/op
Iteration   2: 0.276 us/op
Iteration   3: 0.276 us/op
Iteration   4: 0.274 us/op
Iteration   5: 0.274 us/op
Iteration   6: 0.278 us/op
Iteration   7: 0.274 us/op
Iteration   8: 0.274 us/op
Iteration   9: 0.273 us/op
Iteration  10: 0.275 us/op

# Run progress: 84.54% complete, ETA 00:20:07
# Fork: 2 of 3
# Warmup Iteration   1: 0.307 us/op
# Warmup Iteration   2: 0.277 us/op
# Warmup Iteration   3: 0.275 us/op
# Warmup Iteration   4: 0.274 us/op
# Warmup Iteration   5: 0.280 us/op
Iteration   1: 0.272 us/op
Iteration   2: 0.273 us/op
Iteration   3: 0.273 us/op
Iteration   4: 0.273 us/op
Iteration   5: 0.274 us/op
Iteration   6: 0.271 us/op
Iteration   7: 0.279 us/op
Iteration   8: 0.275 us/op
Iteration   9: 0.273 us/op
Iteration  10: 0.273 us/op

# Run progress: 84.74% complete, ETA 00:19:52
# Fork: 3 of 3
# Warmup Iteration   1: 0.332 us/op
# Warmup Iteration   2: 0.286 us/op
# Warmup Iteration   3: 0.284 us/op
# Warmup Iteration   4: 0.285 us/op
# Warmup Iteration   5: 0.285 us/op
Iteration   1: 0.288 us/op
Iteration   2: 0.286 us/op
Iteration   3: 0.284 us/op
Iteration   4: 0.289 us/op
Iteration   5: 0.286 us/op
Iteration   6: 0.287 us/op
Iteration   7: 0.298 us/op
Iteration   8: 0.286 us/op
Iteration   9: 0.283 us/op
Iteration  10: 0.284 us/op


Result "de.splatgames.aether.datafixers.benchmarks.format.TomlXmlBenchmark.xmlMigration":
  0.279 ±(99.9%) 0.005 us/op [Average]
  (min, avg, max) = (0.271, 0.279, 0.298), stdev = 0.007
  CI (99.9%): [0.274, 0.283] (assumes normal distribution)


# JMH version: 1.37
# VM version: JDK 17.0.18, OpenJDK 64-Bit Server VM, 17.0.18+8-Ubuntu-122.04.1
# VM invoker: /usr/lib/jvm/java-17-openjdk-amd64/bin/java
# VM options: -Xms4G -Xmx4G -XX:+UseG1GC -XX:+AlwaysPreTouch
# Blackhole mode: compiler (auto-detected, use -Djmh.blackhole.autoDetect=false to disable)
# Warmup: 5 iterations, 1 s each
# Measurement: 10 iterations, 1 s each
# Timeout: 10 min per iteration
# Threads: 1 thread, will synchronize iterations
# Benchmark mode: Average time, time/op
# Benchmark: de.splatgames.aether.datafixers.benchmarks.format.TomlXmlBenchmark.xmlMigration
# Parameters: (payloadSize = MEDIUM)

# Run progress: 84.94% complete, ETA 00:19:36
# Fork: 1 of 3
# Warmup Iteration   1: 0.306 us/op
# Warmup Iteration   2: 0.275 us/op
# Warmup Iteration   3: 0.275 us/op
# Warmup Iteration   4: 0.275 us/op
# Warmup Iteration   5: 0.275 us/op
Iteration   1: 0.274 us/op
Iteration   2: 0.276 us/op
Iteration   3: 0.272 us/op
Iteration   4: 0.276 us/op
Iteration   5: 0.274 us/op
Iteration   6: 0.275 us/op
Iteration   7: 0.274 us/op
Iteration   8: 0.273 us/op
Iteration   9: 0.278 us/op
Iteration  10: 0.274 us/op

# Run progress: 85.14% complete, ETA 00:19:20
# Fork: 2 of 3
# Warmup Iteration   1: 0.304 us/op
# Warmup Iteration   2: 0.274 us/op
# Warmup Iteration   3: 0.272 us/op
# Warmup Iteration   4: 0.272 us/op
# Warmup Iteration   5: 0.274 us/op
Iteration   1: 0.273 us/op
Iteration   2: 0.273 us/op
Iteration   3: 0.276 us/op
Iteration   4: 0.272 us/op
Iteration   5: 0.273 us/op
Iteration   6: 0.271 us/op
Iteration   7: 0.273 us/op
Iteration   8: 0.273 us/op
Iteration   9: 0.273 us/op
Iteration  10: 0.272 us/op

# Run progress: 85.34% complete, ETA 00:19:05
# Fork: 3 of 3
# Warmup Iteration   1: 0.302 us/op
# Warmup Iteration   2: 0.275 us/op
# Warmup Iteration   3: 0.275 us/op
# Warmup Iteration   4: 0.272 us/op
# Warmup Iteration   5: 0.273 us/op
Iteration   1: 0.273 us/op
Iteration   2: 0.274 us/op
Iteration   3: 0.273 us/op
Iteration   4: 0.274 us/op
Iteration   5: 0.276 us/op
Iteration   6: 0.272 us/op
Iteration   7: 0.272 us/op
Iteration   8: 0.274 us/op
Iteration   9: 0.274 us/op
Iteration  10: 0.275 us/op


Result "de.splatgames.aether.datafixers.benchmarks.format.TomlXmlBenchmark.xmlMigration":
  0.274 ±(99.9%) 0.001 us/op [Average]
  (min, avg, max) = (0.271, 0.274, 0.278), stdev = 0.002
  CI (99.9%): [0.273, 0.275] (assumes normal distribution)


# JMH version: 1.37
# VM version: JDK 17.0.18, OpenJDK 64-Bit Server VM, 17.0.18+8-Ubuntu-122.04.1
# VM invoker: /usr/lib/jvm/java-17-openjdk-amd64/bin/java
# VM options: -Xms4G -Xmx4G -XX:+UseG1GC -XX:+AlwaysPreTouch
# Blackhole mode: compiler (auto-detected, use -Djmh.blackhole.autoDetect=false to disable)
# Warmup: 5 iterations, 1 s each
# Measurement: 10 iterations, 1 s each
# Timeout: 10 min per iteration
# Threads: 1 thread, will synchronize iterations
# Benchmark mode: Average time, time/op
# Benchmark: de.splatgames.aether.datafixers.benchmarks.format.YamlBenchmark.jacksonYamlFieldRead
# Parameters: (payloadSize = SMALL)

# Run progress: 85.54% complete, ETA 00:18:49
# Fork: 1 of 3
# Warmup Iteration   1: 0.017 us/op
# Warmup Iteration   2: 0.018 us/op
# Warmup Iteration   3: 0.017 us/op
# Warmup Iteration   4: 0.017 us/op
# Warmup Iteration   5: 0.017 us/op
Iteration   1: 0.017 us/op
Iteration   2: 0.018 us/op
Iteration   3: 0.017 us/op
Iteration   4: 0.018 us/op
Iteration   5: 0.018 us/op
Iteration   6: 0.017 us/op
Iteration   7: 0.017 us/op
Iteration   8: 0.018 us/op
Iteration   9: 0.017 us/op
Iteration  10: 0.017 us/op

# Run progress: 85.74% complete, ETA 00:18:33
# Fork: 2 of 3
# Warmup Iteration   1: 0.018 us/op
# Warmup Iteration   2: 0.017 us/op
# Warmup Iteration   3: 0.016 us/op
# Warmup Iteration   4: 0.016 us/op
# Warmup Iteration   5: 0.016 us/op
Iteration   1: 0.016 us/op
Iteration   2: 0.016 us/op
Iteration   3: 0.016 us/op
Iteration   4: 0.016 us/op
Iteration   5: 0.016 us/op
Iteration   6: 0.016 us/op
Iteration   7: 0.016 us/op
Iteration   8: 0.016 us/op
Iteration   9: 0.017 us/op
Iteration  10: 0.016 us/op

# Run progress: 85.94% complete, ETA 00:18:18
# Fork: 3 of 3
# Warmup Iteration   1: 0.018 us/op
# Warmup Iteration   2: 0.016 us/op
# Warmup Iteration   3: 0.017 us/op
# Warmup Iteration   4: 0.016 us/op
# Warmup Iteration   5: 0.016 us/op
Iteration   1: 0.016 us/op
Iteration   2: 0.016 us/op
Iteration   3: 0.016 us/op
Iteration   4: 0.016 us/op
Iteration   5: 0.016 us/op
Iteration   6: 0.016 us/op
Iteration   7: 0.016 us/op
Iteration   8: 0.016 us/op
Iteration   9: 0.016 us/op
Iteration  10: 0.016 us/op


Result "de.splatgames.aether.datafixers.benchmarks.format.YamlBenchmark.jacksonYamlFieldRead":
  0.017 ±(99.9%) 0.001 us/op [Average]
  (min, avg, max) = (0.016, 0.017, 0.018), stdev = 0.001
  CI (99.9%): [0.016, 0.017] (assumes normal distribution)


# JMH version: 1.37
# VM version: JDK 17.0.18, OpenJDK 64-Bit Server VM, 17.0.18+8-Ubuntu-122.04.1
# VM invoker: /usr/lib/jvm/java-17-openjdk-amd64/bin/java
# VM options: -Xms4G -Xmx4G -XX:+UseG1GC -XX:+AlwaysPreTouch
# Blackhole mode: compiler (auto-detected, use -Djmh.blackhole.autoDetect=false to disable)
# Warmup: 5 iterations, 1 s each
# Measurement: 10 iterations, 1 s each
# Timeout: 10 min per iteration
# Threads: 1 thread, will synchronize iterations
# Benchmark mode: Average time, time/op
# Benchmark: de.splatgames.aether.datafixers.benchmarks.format.YamlBenchmark.jacksonYamlFieldRead
# Parameters: (payloadSize = MEDIUM)

# Run progress: 86.14% complete, ETA 00:18:02
# Fork: 1 of 3
# Warmup Iteration   1: 0.017 us/op
# Warmup Iteration   2: 0.016 us/op
# Warmup Iteration   3: 0.016 us/op
# Warmup Iteration   4: 0.017 us/op
# Warmup Iteration   5: 0.016 us/op
Iteration   1: 0.016 us/op
Iteration   2: 0.016 us/op
Iteration   3: 0.016 us/op
Iteration   4: 0.016 us/op
Iteration   5: 0.017 us/op
Iteration   6: 0.016 us/op
Iteration   7: 0.016 us/op
Iteration   8: 0.016 us/op
Iteration   9: 0.016 us/op
Iteration  10: 0.017 us/op

# Run progress: 86.35% complete, ETA 00:17:46
# Fork: 2 of 3
# Warmup Iteration   1: 0.017 us/op
# Warmup Iteration   2: 0.017 us/op
# Warmup Iteration   3: 0.016 us/op
# Warmup Iteration   4: 0.017 us/op
# Warmup Iteration   5: 0.016 us/op
Iteration   1: 0.016 us/op
Iteration   2: 0.018 us/op
Iteration   3: 0.017 us/op
Iteration   4: 0.016 us/op
Iteration   5: 0.016 us/op
Iteration   6: 0.016 us/op
Iteration   7: 0.017 us/op
Iteration   8: 0.016 us/op
Iteration   9: 0.017 us/op
Iteration  10: 0.016 us/op

# Run progress: 86.55% complete, ETA 00:17:31
# Fork: 3 of 3
# Warmup Iteration   1: 0.016 us/op
# Warmup Iteration   2: 0.017 us/op
# Warmup Iteration   3: 0.016 us/op
# Warmup Iteration   4: 0.016 us/op
# Warmup Iteration   5: 0.016 us/op
Iteration   1: 0.016 us/op
Iteration   2: 0.016 us/op
Iteration   3: 0.017 us/op
Iteration   4: 0.017 us/op
Iteration   5: 0.016 us/op
Iteration   6: 0.016 us/op
Iteration   7: 0.016 us/op
Iteration   8: 0.016 us/op
Iteration   9: 0.016 us/op
Iteration  10: 0.016 us/op


Result "de.splatgames.aether.datafixers.benchmarks.format.YamlBenchmark.jacksonYamlFieldRead":
  0.016 ±(99.9%) 0.001 us/op [Average]
  (min, avg, max) = (0.016, 0.016, 0.018), stdev = 0.001
  CI (99.9%): [0.016, 0.017] (assumes normal distribution)


# JMH version: 1.37
# VM version: JDK 17.0.18, OpenJDK 64-Bit Server VM, 17.0.18+8-Ubuntu-122.04.1
# VM invoker: /usr/lib/jvm/java-17-openjdk-amd64/bin/java
# VM options: -Xms4G -Xmx4G -XX:+UseG1GC -XX:+AlwaysPreTouch
# Blackhole mode: compiler (auto-detected, use -Djmh.blackhole.autoDetect=false to disable)
# Warmup: 5 iterations, 1 s each
# Measurement: 10 iterations, 1 s each
# Timeout: 10 min per iteration
# Threads: 1 thread, will synchronize iterations
# Benchmark mode: Average time, time/op
# Benchmark: de.splatgames.aether.datafixers.benchmarks.format.YamlBenchmark.jacksonYamlFieldRead
# Parameters: (payloadSize = LARGE)

# Run progress: 86.75% complete, ETA 00:17:15
# Fork: 1 of 3
# Warmup Iteration   1: 0.017 us/op
# Warmup Iteration   2: 0.017 us/op
# Warmup Iteration   3: 0.016 us/op
# Warmup Iteration   4: 0.016 us/op
# Warmup Iteration   5: 0.016 us/op
Iteration   1: 0.016 us/op
Iteration   2: 0.016 us/op
Iteration   3: 0.016 us/op
Iteration   4: 0.016 us/op
Iteration   5: 0.016 us/op
Iteration   6: 0.016 us/op
Iteration   7: 0.017 us/op
Iteration   8: 0.017 us/op
Iteration   9: 0.016 us/op
Iteration  10: 0.016 us/op

# Run progress: 86.95% complete, ETA 00:16:59
# Fork: 2 of 3
# Warmup Iteration   1: 0.018 us/op
# Warmup Iteration   2: 0.017 us/op
# Warmup Iteration   3: 0.017 us/op
# Warmup Iteration   4: 0.016 us/op
# Warmup Iteration   5: 0.017 us/op
Iteration   1: 0.017 us/op
Iteration   2: 0.016 us/op
Iteration   3: 0.016 us/op
Iteration   4: 0.016 us/op
Iteration   5: 0.016 us/op
Iteration   6: 0.016 us/op
Iteration   7: 0.016 us/op
Iteration   8: 0.016 us/op
Iteration   9: 0.016 us/op
Iteration  10: 0.016 us/op

# Run progress: 87.15% complete, ETA 00:16:44
# Fork: 3 of 3
# Warmup Iteration   1: 0.018 us/op
# Warmup Iteration   2: 0.017 us/op
# Warmup Iteration   3: 0.016 us/op
# Warmup Iteration   4: 0.016 us/op
# Warmup Iteration   5: 0.017 us/op
Iteration   1: 0.016 us/op
Iteration   2: 0.016 us/op
Iteration   3: 0.016 us/op
Iteration   4: 0.017 us/op
Iteration   5: 0.016 us/op
Iteration   6: 0.016 us/op
Iteration   7: 0.016 us/op
Iteration   8: 0.016 us/op
Iteration   9: 0.016 us/op
Iteration  10: 0.016 us/op


Result "de.splatgames.aether.datafixers.benchmarks.format.YamlBenchmark.jacksonYamlFieldRead":
  0.016 ±(99.9%) 0.001 us/op [Average]
  (min, avg, max) = (0.016, 0.016, 0.017), stdev = 0.001
  CI (99.9%): [0.016, 0.016] (assumes normal distribution)


# JMH version: 1.37
# VM version: JDK 17.0.18, OpenJDK 64-Bit Server VM, 17.0.18+8-Ubuntu-122.04.1
# VM invoker: /usr/lib/jvm/java-17-openjdk-amd64/bin/java
# VM options: -Xms4G -Xmx4G -XX:+UseG1GC -XX:+AlwaysPreTouch
# Blackhole mode: compiler (auto-detected, use -Djmh.blackhole.autoDetect=false to disable)
# Warmup: 5 iterations, 1 s each
# Measurement: 10 iterations, 1 s each
# Timeout: 10 min per iteration
# Threads: 1 thread, will synchronize iterations
# Benchmark mode: Average time, time/op
# Benchmark: de.splatgames.aether.datafixers.benchmarks.format.YamlBenchmark.jacksonYamlFieldSet
# Parameters: (payloadSize = SMALL)

# Run progress: 87.35% complete, ETA 00:16:28
# Fork: 1 of 3
# Warmup Iteration   1: 1.206 us/op
# Warmup Iteration   2: 1.152 us/op
# Warmup Iteration   3: 1.119 us/op
# Warmup Iteration   4: 1.145 us/op
# Warmup Iteration   5: 1.141 us/op
Iteration   1: 1.120 us/op
Iteration   2: 1.111 us/op
Iteration   3: 1.110 us/op
Iteration   4: 1.109 us/op
Iteration   5: 1.111 us/op
Iteration   6: 1.112 us/op
Iteration   7: 1.116 us/op
Iteration   8: 1.128 us/op
Iteration   9: 1.113 us/op
Iteration  10: 1.124 us/op

# Run progress: 87.55% complete, ETA 00:16:12
# Fork: 2 of 3
# Warmup Iteration   1: 1.163 us/op
# Warmup Iteration   2: 1.109 us/op
# Warmup Iteration   3: 1.117 us/op
# Warmup Iteration   4: 1.108 us/op
# Warmup Iteration   5: 1.122 us/op
Iteration   1: 1.116 us/op
Iteration   2: 1.137 us/op
Iteration   3: 1.120 us/op
Iteration   4: 1.124 us/op
Iteration   5: 1.127 us/op
Iteration   6: 1.117 us/op
Iteration   7: 1.109 us/op
Iteration   8: 1.112 us/op
Iteration   9: 1.111 us/op
Iteration  10: 1.122 us/op

# Run progress: 87.75% complete, ETA 00:15:56
# Fork: 3 of 3
# Warmup Iteration   1: 1.151 us/op
# Warmup Iteration   2: 1.101 us/op
# Warmup Iteration   3: 1.132 us/op
# Warmup Iteration   4: 1.112 us/op
# Warmup Iteration   5: 1.100 us/op
Iteration   1: 1.092 us/op
Iteration   2: 1.100 us/op
Iteration   3: 1.095 us/op
Iteration   4: 1.097 us/op
Iteration   5: 1.091 us/op
Iteration   6: 1.093 us/op
Iteration   7: 1.096 us/op
Iteration   8: 1.093 us/op
Iteration   9: 1.094 us/op
Iteration  10: 1.111 us/op


Result "de.splatgames.aether.datafixers.benchmarks.format.YamlBenchmark.jacksonYamlFieldSet":
  1.110 ±(99.9%) 0.008 us/op [Average]
  (min, avg, max) = (1.091, 1.110, 1.137), stdev = 0.012
  CI (99.9%): [1.102, 1.119] (assumes normal distribution)


# JMH version: 1.37
# VM version: JDK 17.0.18, OpenJDK 64-Bit Server VM, 17.0.18+8-Ubuntu-122.04.1
# VM invoker: /usr/lib/jvm/java-17-openjdk-amd64/bin/java
# VM options: -Xms4G -Xmx4G -XX:+UseG1GC -XX:+AlwaysPreTouch
# Blackhole mode: compiler (auto-detected, use -Djmh.blackhole.autoDetect=false to disable)
# Warmup: 5 iterations, 1 s each
# Measurement: 10 iterations, 1 s each
# Timeout: 10 min per iteration
# Threads: 1 thread, will synchronize iterations
# Benchmark mode: Average time, time/op
# Benchmark: de.splatgames.aether.datafixers.benchmarks.format.YamlBenchmark.jacksonYamlFieldSet
# Parameters: (payloadSize = MEDIUM)

# Run progress: 87.95% complete, ETA 00:15:41
# Fork: 1 of 3
# Warmup Iteration   1: 8.274 us/op
# Warmup Iteration   2: 8.097 us/op
# Warmup Iteration   3: 8.062 us/op
# Warmup Iteration   4: 7.917 us/op
# Warmup Iteration   5: 7.811 us/op
Iteration   1: 7.790 us/op
Iteration   2: 7.867 us/op
Iteration   3: 7.974 us/op
Iteration   4: 7.957 us/op
Iteration   5: 7.834 us/op
Iteration   6: 7.796 us/op
Iteration   7: 7.839 us/op
Iteration   8: 7.811 us/op
Iteration   9: 7.832 us/op
Iteration  10: 7.900 us/op

# Run progress: 88.15% complete, ETA 00:15:25
# Fork: 2 of 3
# Warmup Iteration   1: 8.116 us/op
# Warmup Iteration   2: 7.796 us/op
# Warmup Iteration   3: 8.074 us/op
# Warmup Iteration   4: 7.789 us/op
# Warmup Iteration   5: 7.856 us/op
Iteration   1: 7.781 us/op
Iteration   2: 7.907 us/op
Iteration   3: 7.772 us/op
Iteration   4: 7.845 us/op
Iteration   5: 8.019 us/op
Iteration   6: 8.023 us/op
Iteration   7: 7.954 us/op
Iteration   8: 8.127 us/op
Iteration   9: 7.948 us/op
Iteration  10: 7.990 us/op

# Run progress: 88.35% complete, ETA 00:15:09
# Fork: 3 of 3
# Warmup Iteration   1: 8.201 us/op
# Warmup Iteration   2: 7.921 us/op
# Warmup Iteration   3: 7.951 us/op
# Warmup Iteration   4: 7.965 us/op
# Warmup Iteration   5: 7.919 us/op
Iteration   1: 7.976 us/op
Iteration   2: 7.977 us/op
Iteration   3: 7.993 us/op
Iteration   4: 7.864 us/op
Iteration   5: 7.838 us/op
Iteration   6: 7.844 us/op
Iteration   7: 7.892 us/op
Iteration   8: 7.822 us/op
Iteration   9: 7.982 us/op
Iteration  10: 7.861 us/op


Result "de.splatgames.aether.datafixers.benchmarks.format.YamlBenchmark.jacksonYamlFieldSet":
  7.901 ±(99.9%) 0.059 us/op [Average]
  (min, avg, max) = (7.772, 7.901, 8.127), stdev = 0.088
  CI (99.9%): [7.842, 7.959] (assumes normal distribution)


# JMH version: 1.37
# VM version: JDK 17.0.18, OpenJDK 64-Bit Server VM, 17.0.18+8-Ubuntu-122.04.1
# VM invoker: /usr/lib/jvm/java-17-openjdk-amd64/bin/java
# VM options: -Xms4G -Xmx4G -XX:+UseG1GC -XX:+AlwaysPreTouch
# Blackhole mode: compiler (auto-detected, use -Djmh.blackhole.autoDetect=false to disable)
# Warmup: 5 iterations, 1 s each
# Measurement: 10 iterations, 1 s each
# Timeout: 10 min per iteration
# Threads: 1 thread, will synchronize iterations
# Benchmark mode: Average time, time/op
# Benchmark: de.splatgames.aether.datafixers.benchmarks.format.YamlBenchmark.jacksonYamlFieldSet
# Parameters: (payloadSize = LARGE)

# Run progress: 88.55% complete, ETA 00:14:54
# Fork: 1 of 3
# Warmup Iteration   1: 72.155 us/op
# Warmup Iteration   2: 71.050 us/op
# Warmup Iteration   3: 68.182 us/op
# Warmup Iteration   4: 70.738 us/op
# Warmup Iteration   5: 70.034 us/op
Iteration   1: 69.077 us/op
Iteration   2: 69.475 us/op
Iteration   3: 69.482 us/op
Iteration   4: 72.950 us/op
Iteration   5: 72.557 us/op
Iteration   6: 71.784 us/op
Iteration   7: 73.479 us/op
Iteration   8: 72.228 us/op
Iteration   9: 72.074 us/op
Iteration  10: 73.169 us/op

# Run progress: 88.76% complete, ETA 00:14:38
# Fork: 2 of 3
# Warmup Iteration   1: 74.800 us/op
# Warmup Iteration   2: 71.578 us/op
# Warmup Iteration   3: 72.067 us/op
# Warmup Iteration   4: 70.832 us/op
# Warmup Iteration   5: 74.181 us/op
Iteration   1: 74.816 us/op
Iteration   2: 74.430 us/op
Iteration   3: 71.087 us/op
Iteration   4: 72.385 us/op
Iteration   5: 74.490 us/op
Iteration   6: 74.487 us/op
Iteration   7: 74.845 us/op
Iteration   8: 75.020 us/op
Iteration   9: 75.432 us/op
Iteration  10: 76.443 us/op

# Run progress: 88.96% complete, ETA 00:14:22
# Fork: 3 of 3
# Warmup Iteration   1: 73.454 us/op
# Warmup Iteration   2: 71.036 us/op
# Warmup Iteration   3: 71.087 us/op
# Warmup Iteration   4: 70.932 us/op
# Warmup Iteration   5: 70.296 us/op
Iteration   1: 70.252 us/op
Iteration   2: 71.106 us/op
Iteration   3: 71.867 us/op
Iteration   4: 71.594 us/op
Iteration   5: 72.781 us/op
Iteration   6: 71.544 us/op
Iteration   7: 72.612 us/op
Iteration   8: 71.316 us/op
Iteration   9: 71.356 us/op
Iteration  10: 71.209 us/op


Result "de.splatgames.aether.datafixers.benchmarks.format.YamlBenchmark.jacksonYamlFieldSet":
  72.512 ±(99.9%) 1.247 us/op [Average]
  (min, avg, max) = (69.077, 72.512, 76.443), stdev = 1.866
  CI (99.9%): [71.265, 73.758] (assumes normal distribution)


# JMH version: 1.37
# VM version: JDK 17.0.18, OpenJDK 64-Bit Server VM, 17.0.18+8-Ubuntu-122.04.1
# VM invoker: /usr/lib/jvm/java-17-openjdk-amd64/bin/java
# VM options: -Xms4G -Xmx4G -XX:+UseG1GC -XX:+AlwaysPreTouch
# Blackhole mode: compiler (auto-detected, use -Djmh.blackhole.autoDetect=false to disable)
# Warmup: 5 iterations, 1 s each
# Measurement: 10 iterations, 1 s each
# Timeout: 10 min per iteration
# Threads: 1 thread, will synchronize iterations
# Benchmark mode: Average time, time/op
# Benchmark: de.splatgames.aether.datafixers.benchmarks.format.YamlBenchmark.jacksonYamlGenerate
# Parameters: (payloadSize = SMALL)

# Run progress: 89.16% complete, ETA 00:14:07
# Fork: 1 of 3
# Warmup Iteration   1: 7.370 us/op
# Warmup Iteration   2: 6.645 us/op
# Warmup Iteration   3: 6.717 us/op
# Warmup Iteration   4: 6.733 us/op
# Warmup Iteration   5: 6.702 us/op
Iteration   1: 6.682 us/op
Iteration   2: 6.666 us/op
Iteration   3: 6.666 us/op
Iteration   4: 6.689 us/op
Iteration   5: 6.686 us/op
Iteration   6: 6.670 us/op
Iteration   7: 6.668 us/op
Iteration   8: 6.744 us/op
Iteration   9: 6.690 us/op
Iteration  10: 6.824 us/op

# Run progress: 89.36% complete, ETA 00:13:51
# Fork: 2 of 3
# Warmup Iteration   1: 7.862 us/op
# Warmup Iteration   2: 6.881 us/op
# Warmup Iteration   3: 7.042 us/op
# Warmup Iteration   4: 6.871 us/op
# Warmup Iteration   5: 7.046 us/op
Iteration   1: 7.021 us/op
Iteration   2: 6.819 us/op
Iteration   3: 6.887 us/op
Iteration   4: 6.977 us/op
Iteration   5: 6.805 us/op
Iteration   6: 6.820 us/op
Iteration   7: 6.818 us/op
Iteration   8: 6.915 us/op
Iteration   9: 7.005 us/op
Iteration  10: 6.801 us/op

# Run progress: 89.56% complete, ETA 00:13:35
# Fork: 3 of 3
# Warmup Iteration   1: 7.406 us/op
# Warmup Iteration   2: 6.813 us/op
# Warmup Iteration   3: 6.901 us/op
# Warmup Iteration   4: 6.846 us/op
# Warmup Iteration   5: 6.756 us/op
Iteration   1: 6.795 us/op
Iteration   2: 6.703 us/op
Iteration   3: 6.873 us/op
Iteration   4: 6.686 us/op
Iteration   5: 6.911 us/op
Iteration   6: 6.663 us/op
Iteration   7: 6.730 us/op
Iteration   8: 6.755 us/op
Iteration   9: 6.730 us/op
Iteration  10: 6.785 us/op


Result "de.splatgames.aether.datafixers.benchmarks.format.YamlBenchmark.jacksonYamlGenerate":
  6.783 ±(99.9%) 0.071 us/op [Average]
  (min, avg, max) = (6.663, 6.783, 7.021), stdev = 0.107
  CI (99.9%): [6.711, 6.854] (assumes normal distribution)


# JMH version: 1.37
# VM version: JDK 17.0.18, OpenJDK 64-Bit Server VM, 17.0.18+8-Ubuntu-122.04.1
# VM invoker: /usr/lib/jvm/java-17-openjdk-amd64/bin/java
# VM options: -Xms4G -Xmx4G -XX:+UseG1GC -XX:+AlwaysPreTouch
# Blackhole mode: compiler (auto-detected, use -Djmh.blackhole.autoDetect=false to disable)
# Warmup: 5 iterations, 1 s each
# Measurement: 10 iterations, 1 s each
# Timeout: 10 min per iteration
# Threads: 1 thread, will synchronize iterations
# Benchmark mode: Average time, time/op
# Benchmark: de.splatgames.aether.datafixers.benchmarks.format.YamlBenchmark.jacksonYamlGenerate
# Parameters: (payloadSize = MEDIUM)

# Run progress: 89.76% complete, ETA 00:13:20
# Fork: 1 of 3
# Warmup Iteration   1: 72.437 us/op
# Warmup Iteration   2: 68.049 us/op
# Warmup Iteration   3: 67.964 us/op
# Warmup Iteration   4: 67.617 us/op
# Warmup Iteration   5: 67.118 us/op
Iteration   1: 68.006 us/op
Iteration   2: 68.511 us/op
Iteration   3: 67.191 us/op
Iteration   4: 66.552 us/op
Iteration   5: 66.412 us/op
Iteration   6: 66.334 us/op
Iteration   7: 67.601 us/op
Iteration   8: 66.896 us/op
Iteration   9: 67.429 us/op
Iteration  10: 67.053 us/op

# Run progress: 89.96% complete, ETA 00:13:04
# Fork: 2 of 3
# Warmup Iteration   1: 72.996 us/op
# Warmup Iteration   2: 67.826 us/op
# Warmup Iteration   3: 67.006 us/op
# Warmup Iteration   4: 67.041 us/op
# Warmup Iteration   5: 67.508 us/op
Iteration   1: 67.156 us/op
Iteration   2: 66.791 us/op
Iteration   3: 66.714 us/op
Iteration   4: 67.555 us/op
Iteration   5: 66.741 us/op
Iteration   6: 68.318 us/op
Iteration   7: 68.695 us/op
Iteration   8: 67.395 us/op
Iteration   9: 67.784 us/op
Iteration  10: 66.972 us/op

# Run progress: 90.16% complete, ETA 00:12:48
# Fork: 3 of 3
# Warmup Iteration   1: 73.482 us/op
# Warmup Iteration   2: 68.268 us/op
# Warmup Iteration   3: 68.908 us/op
# Warmup Iteration   4: 66.425 us/op
# Warmup Iteration   5: 66.614 us/op
Iteration   1: 67.171 us/op
Iteration   2: 66.890 us/op
Iteration   3: 67.027 us/op
Iteration   4: 66.639 us/op
Iteration   5: 67.509 us/op
Iteration   6: 67.901 us/op
Iteration   7: 67.918 us/op
Iteration   8: 67.368 us/op
Iteration   9: 66.432 us/op
Iteration  10: 68.086 us/op


Result "de.splatgames.aether.datafixers.benchmarks.format.YamlBenchmark.jacksonYamlGenerate":
  67.301 ±(99.9%) 0.426 us/op [Average]
  (min, avg, max) = (66.334, 67.301, 68.695), stdev = 0.637
  CI (99.9%): [66.876, 67.727] (assumes normal distribution)


# JMH version: 1.37
# VM version: JDK 17.0.18, OpenJDK 64-Bit Server VM, 17.0.18+8-Ubuntu-122.04.1
# VM invoker: /usr/lib/jvm/java-17-openjdk-amd64/bin/java
# VM options: -Xms4G -Xmx4G -XX:+UseG1GC -XX:+AlwaysPreTouch
# Blackhole mode: compiler (auto-detected, use -Djmh.blackhole.autoDetect=false to disable)
# Warmup: 5 iterations, 1 s each
# Measurement: 10 iterations, 1 s each
# Timeout: 10 min per iteration
# Threads: 1 thread, will synchronize iterations
# Benchmark mode: Average time, time/op
# Benchmark: de.splatgames.aether.datafixers.benchmarks.format.YamlBenchmark.jacksonYamlGenerate
# Parameters: (payloadSize = LARGE)

# Run progress: 90.36% complete, ETA 00:12:32
# Fork: 1 of 3
# Warmup Iteration   1: 600.814 us/op
# Warmup Iteration   2: 516.363 us/op
# Warmup Iteration   3: 516.857 us/op
# Warmup Iteration   4: 513.288 us/op
# Warmup Iteration   5: 515.516 us/op
Iteration   1: 522.497 us/op
Iteration   2: 515.392 us/op
Iteration   3: 524.310 us/op
Iteration   4: 512.599 us/op
Iteration   5: 519.430 us/op
Iteration   6: 523.928 us/op
Iteration   7: 516.177 us/op
Iteration   8: 520.318 us/op
Iteration   9: 515.602 us/op
Iteration  10: 520.054 us/op

# Run progress: 90.56% complete, ETA 00:12:17
# Fork: 2 of 3
# Warmup Iteration   1: 624.145 us/op
# Warmup Iteration   2: 543.414 us/op
# Warmup Iteration   3: 537.747 us/op
# Warmup Iteration   4: 544.792 us/op
# Warmup Iteration   5: 536.155 us/op
Iteration   1: 531.285 us/op
Iteration   2: 535.086 us/op
Iteration   3: 528.493 us/op
Iteration   4: 537.420 us/op
Iteration   5: 531.294 us/op
Iteration   6: 538.200 us/op
Iteration   7: 533.385 us/op
Iteration   8: 528.003 us/op
Iteration   9: 542.469 us/op
Iteration  10: 534.681 us/op

# Run progress: 90.76% complete, ETA 00:12:01
# Fork: 3 of 3
# Warmup Iteration   1: 606.910 us/op
# Warmup Iteration   2: 533.271 us/op
# Warmup Iteration   3: 541.191 us/op
# Warmup Iteration   4: 528.869 us/op
# Warmup Iteration   5: 526.169 us/op
Iteration   1: 542.315 us/op
Iteration   2: 527.326 us/op
Iteration   3: 532.891 us/op
Iteration   4: 536.834 us/op
Iteration   5: 529.777 us/op
Iteration   6: 525.697 us/op
Iteration   7: 527.089 us/op
Iteration   8: 527.072 us/op
Iteration   9: 522.567 us/op
Iteration  10: 524.008 us/op


Result "de.splatgames.aether.datafixers.benchmarks.format.YamlBenchmark.jacksonYamlGenerate":
  527.540 ±(99.9%) 5.336 us/op [Average]
  (min, avg, max) = (512.599, 527.540, 542.469), stdev = 7.987
  CI (99.9%): [522.203, 532.876] (assumes normal distribution)


# JMH version: 1.37
# VM version: JDK 17.0.18, OpenJDK 64-Bit Server VM, 17.0.18+8-Ubuntu-122.04.1
# VM invoker: /usr/lib/jvm/java-17-openjdk-amd64/bin/java
# VM options: -Xms4G -Xmx4G -XX:+UseG1GC -XX:+AlwaysPreTouch
# Blackhole mode: compiler (auto-detected, use -Djmh.blackhole.autoDetect=false to disable)
# Warmup: 5 iterations, 1 s each
# Measurement: 10 iterations, 1 s each
# Timeout: 10 min per iteration
# Threads: 1 thread, will synchronize iterations
# Benchmark mode: Average time, time/op
# Benchmark: de.splatgames.aether.datafixers.benchmarks.format.YamlBenchmark.jacksonYamlMigration
# Parameters: (payloadSize = SMALL)

# Run progress: 90.96% complete, ETA 00:11:45
# Fork: 1 of 3
# Warmup Iteration   1: 0.301 us/op
# Warmup Iteration   2: 0.271 us/op
# Warmup Iteration   3: 0.275 us/op
# Warmup Iteration   4: 0.274 us/op
# Warmup Iteration   5: 0.267 us/op
Iteration   1: 0.268 us/op
Iteration   2: 0.271 us/op
Iteration   3: 0.267 us/op
Iteration   4: 0.286 us/op
Iteration   5: 0.269 us/op
Iteration   6: 0.268 us/op
Iteration   7: 0.267 us/op
Iteration   8: 0.273 us/op
Iteration   9: 0.270 us/op
Iteration  10: 0.268 us/op

# Run progress: 91.16% complete, ETA 00:11:30
# Fork: 2 of 3
# Warmup Iteration   1: 0.298 us/op
# Warmup Iteration   2: 0.271 us/op
# Warmup Iteration   3: 0.265 us/op
# Warmup Iteration   4: 0.264 us/op
# Warmup Iteration   5: 0.269 us/op
Iteration   1: 0.267 us/op
Iteration   2: 0.273 us/op
Iteration   3: 0.268 us/op
Iteration   4: 0.261 us/op
Iteration   5: 0.264 us/op
Iteration   6: 0.265 us/op
Iteration   7: 0.265 us/op
Iteration   8: 0.263 us/op
Iteration   9: 0.265 us/op
Iteration  10: 0.267 us/op

# Run progress: 91.37% complete, ETA 00:11:14
# Fork: 3 of 3
# Warmup Iteration   1: 0.313 us/op
# Warmup Iteration   2: 0.280 us/op
# Warmup Iteration   3: 0.274 us/op
# Warmup Iteration   4: 0.275 us/op
# Warmup Iteration   5: 0.274 us/op
Iteration   1: 0.275 us/op
Iteration   2: 0.274 us/op
Iteration   3: 0.275 us/op
Iteration   4: 0.280 us/op
Iteration   5: 0.275 us/op
Iteration   6: 0.274 us/op
Iteration   7: 0.277 us/op
Iteration   8: 0.274 us/op
Iteration   9: 0.273 us/op
Iteration  10: 0.273 us/op


Result "de.splatgames.aether.datafixers.benchmarks.format.YamlBenchmark.jacksonYamlMigration":
  0.271 ±(99.9%) 0.004 us/op [Average]
  (min, avg, max) = (0.261, 0.271, 0.286), stdev = 0.005
  CI (99.9%): [0.267, 0.274] (assumes normal distribution)


# JMH version: 1.37
# VM version: JDK 17.0.18, OpenJDK 64-Bit Server VM, 17.0.18+8-Ubuntu-122.04.1
# VM invoker: /usr/lib/jvm/java-17-openjdk-amd64/bin/java
# VM options: -Xms4G -Xmx4G -XX:+UseG1GC -XX:+AlwaysPreTouch
# Blackhole mode: compiler (auto-detected, use -Djmh.blackhole.autoDetect=false to disable)
# Warmup: 5 iterations, 1 s each
# Measurement: 10 iterations, 1 s each
# Timeout: 10 min per iteration
# Threads: 1 thread, will synchronize iterations
# Benchmark mode: Average time, time/op
# Benchmark: de.splatgames.aether.datafixers.benchmarks.format.YamlBenchmark.jacksonYamlMigration
# Parameters: (payloadSize = MEDIUM)

# Run progress: 91.57% complete, ETA 00:10:58
# Fork: 1 of 3
# Warmup Iteration   1: 0.305 us/op
# Warmup Iteration   2: 0.280 us/op
# Warmup Iteration   3: 0.276 us/op
# Warmup Iteration   4: 0.276 us/op
# Warmup Iteration   5: 0.274 us/op
Iteration   1: 0.277 us/op
Iteration   2: 0.276 us/op
Iteration   3: 0.275 us/op
Iteration   4: 0.277 us/op
Iteration   5: 0.272 us/op
Iteration   6: 0.276 us/op
Iteration   7: 0.272 us/op
Iteration   8: 0.273 us/op
Iteration   9: 0.271 us/op
Iteration  10: 0.272 us/op

# Run progress: 91.77% complete, ETA 00:10:43
# Fork: 2 of 3
# Warmup Iteration   1: 0.303 us/op
# Warmup Iteration   2: 0.263 us/op
# Warmup Iteration   3: 0.263 us/op
# Warmup Iteration   4: 0.274 us/op
# Warmup Iteration   5: 0.265 us/op
Iteration   1: 0.267 us/op
Iteration   2: 0.279 us/op
Iteration   3: 0.267 us/op
Iteration   4: 0.264 us/op
Iteration   5: 0.265 us/op
Iteration   6: 0.275 us/op
Iteration   7: 0.264 us/op
Iteration   8: 0.263 us/op
Iteration   9: 0.263 us/op
Iteration  10: 0.265 us/op

# Run progress: 91.97% complete, ETA 00:10:27
# Fork: 3 of 3
# Warmup Iteration   1: 0.305 us/op
# Warmup Iteration   2: 0.278 us/op
# Warmup Iteration   3: 0.281 us/op
# Warmup Iteration   4: 0.272 us/op
# Warmup Iteration   5: 0.284 us/op
Iteration   1: 0.269 us/op
Iteration   2: 0.269 us/op
Iteration   3: 0.271 us/op
Iteration   4: 0.270 us/op
Iteration   5: 0.272 us/op
Iteration   6: 0.273 us/op
Iteration   7: 0.273 us/op
Iteration   8: 0.268 us/op
Iteration   9: 0.269 us/op
Iteration  10: 0.279 us/op


Result "de.splatgames.aether.datafixers.benchmarks.format.YamlBenchmark.jacksonYamlMigration":
  0.271 ±(99.9%) 0.003 us/op [Average]
  (min, avg, max) = (0.263, 0.271, 0.279), stdev = 0.005
  CI (99.9%): [0.268, 0.274] (assumes normal distribution)


# JMH version: 1.37
# VM version: JDK 17.0.18, OpenJDK 64-Bit Server VM, 17.0.18+8-Ubuntu-122.04.1
# VM invoker: /usr/lib/jvm/java-17-openjdk-amd64/bin/java
# VM options: -Xms4G -Xmx4G -XX:+UseG1GC -XX:+AlwaysPreTouch
# Blackhole mode: compiler (auto-detected, use -Djmh.blackhole.autoDetect=false to disable)
# Warmup: 5 iterations, 1 s each
# Measurement: 10 iterations, 1 s each
# Timeout: 10 min per iteration
# Threads: 1 thread, will synchronize iterations
# Benchmark mode: Average time, time/op
# Benchmark: de.splatgames.aether.datafixers.benchmarks.format.YamlBenchmark.jacksonYamlMigration
# Parameters: (payloadSize = LARGE)

# Run progress: 92.17% complete, ETA 00:10:11
# Fork: 1 of 3
# Warmup Iteration   1: 0.313 us/op
# Warmup Iteration   2: 0.282 us/op
# Warmup Iteration   3: 0.274 us/op
# Warmup Iteration   4: 0.276 us/op
# Warmup Iteration   5: 0.274 us/op
Iteration   1: 0.278 us/op
Iteration   2: 0.277 us/op
Iteration   3: 0.274 us/op
Iteration   4: 0.283 us/op
Iteration   5: 0.274 us/op
Iteration   6: 0.273 us/op
Iteration   7: 0.274 us/op
Iteration   8: 0.273 us/op
Iteration   9: 0.273 us/op
Iteration  10: 0.273 us/op

# Run progress: 92.37% complete, ETA 00:09:56
# Fork: 2 of 3
# Warmup Iteration   1: 0.311 us/op
# Warmup Iteration   2: 0.273 us/op
# Warmup Iteration   3: 0.278 us/op
# Warmup Iteration   4: 0.280 us/op
# Warmup Iteration   5: 0.275 us/op
Iteration   1: 0.275 us/op
Iteration   2: 0.274 us/op
Iteration   3: 0.276 us/op
Iteration   4: 0.276 us/op
Iteration   5: 0.275 us/op
Iteration   6: 0.276 us/op
Iteration   7: 0.274 us/op
Iteration   8: 0.273 us/op
Iteration   9: 0.285 us/op
Iteration  10: 0.275 us/op

# Run progress: 92.57% complete, ETA 00:09:40
# Fork: 3 of 3
# Warmup Iteration   1: 0.310 us/op
# Warmup Iteration   2: 0.277 us/op
# Warmup Iteration   3: 0.273 us/op
# Warmup Iteration   4: 0.282 us/op
# Warmup Iteration   5: 0.282 us/op
Iteration   1: 0.279 us/op
Iteration   2: 0.274 us/op
Iteration   3: 0.280 us/op
Iteration   4: 0.273 us/op
Iteration   5: 0.272 us/op
Iteration   6: 0.271 us/op
Iteration   7: 0.272 us/op
Iteration   8: 0.272 us/op
Iteration   9: 0.273 us/op
Iteration  10: 0.275 us/op


Result "de.splatgames.aether.datafixers.benchmarks.format.YamlBenchmark.jacksonYamlMigration":
  0.275 ±(99.9%) 0.002 us/op [Average]
  (min, avg, max) = (0.271, 0.275, 0.285), stdev = 0.003
  CI (99.9%): [0.273, 0.277] (assumes normal distribution)


# JMH version: 1.37
# VM version: JDK 17.0.18, OpenJDK 64-Bit Server VM, 17.0.18+8-Ubuntu-122.04.1
# VM invoker: /usr/lib/jvm/java-17-openjdk-amd64/bin/java
# VM options: -Xms4G -Xmx4G -XX:+UseG1GC -XX:+AlwaysPreTouch
# Blackhole mode: compiler (auto-detected, use -Djmh.blackhole.autoDetect=false to disable)
# Warmup: 5 iterations, 1 s each
# Measurement: 10 iterations, 1 s each
# Timeout: 10 min per iteration
# Threads: 1 thread, will synchronize iterations
# Benchmark mode: Average time, time/op
# Benchmark: de.splatgames.aether.datafixers.benchmarks.format.YamlBenchmark.snakeYamlFieldRead
# Parameters: (payloadSize = SMALL)

# Run progress: 92.77% complete, ETA 00:09:24
# Fork: 1 of 3
# Warmup Iteration   1: 0.010 us/op
# Warmup Iteration   2: 0.009 us/op
# Warmup Iteration   3: 0.008 us/op
# Warmup Iteration   4: 0.008 us/op
# Warmup Iteration   5: 0.008 us/op
Iteration   1: 0.008 us/op
Iteration   2: 0.008 us/op
Iteration   3: 0.008 us/op
Iteration   4: 0.008 us/op
Iteration   5: 0.008 us/op
Iteration   6: 0.008 us/op
Iteration   7: 0.008 us/op
Iteration   8: 0.009 us/op
Iteration   9: 0.008 us/op
Iteration  10: 0.008 us/op

# Run progress: 92.97% complete, ETA 00:09:09
# Fork: 2 of 3
# Warmup Iteration   1: 0.010 us/op
# Warmup Iteration   2: 0.009 us/op
# Warmup Iteration   3: 0.008 us/op
# Warmup Iteration   4: 0.008 us/op
# Warmup Iteration   5: 0.008 us/op
Iteration   1: 0.008 us/op
Iteration   2: 0.008 us/op
Iteration   3: 0.008 us/op
Iteration   4: 0.008 us/op
Iteration   5: 0.008 us/op
Iteration   6: 0.008 us/op
Iteration   7: 0.009 us/op
Iteration   8: 0.008 us/op
Iteration   9: 0.008 us/op
Iteration  10: 0.008 us/op

# Run progress: 93.17% complete, ETA 00:08:53
# Fork: 3 of 3
# Warmup Iteration   1: 0.010 us/op
# Warmup Iteration   2: 0.009 us/op
# Warmup Iteration   3: 0.009 us/op
# Warmup Iteration   4: 0.009 us/op
# Warmup Iteration   5: 0.008 us/op
Iteration   1: 0.008 us/op
Iteration   2: 0.008 us/op
Iteration   3: 0.008 us/op
Iteration   4: 0.008 us/op
Iteration   5: 0.008 us/op
Iteration   6: 0.009 us/op
Iteration   7: 0.008 us/op
Iteration   8: 0.008 us/op
Iteration   9: 0.008 us/op
Iteration  10: 0.008 us/op


Result "de.splatgames.aether.datafixers.benchmarks.format.YamlBenchmark.snakeYamlFieldRead":
  0.008 ±(99.9%) 0.001 us/op [Average]
  (min, avg, max) = (0.008, 0.008, 0.009), stdev = 0.001
  CI (99.9%): [0.008, 0.008] (assumes normal distribution)


# JMH version: 1.37
# VM version: JDK 17.0.18, OpenJDK 64-Bit Server VM, 17.0.18+8-Ubuntu-122.04.1
# VM invoker: /usr/lib/jvm/java-17-openjdk-amd64/bin/java
# VM options: -Xms4G -Xmx4G -XX:+UseG1GC -XX:+AlwaysPreTouch
# Blackhole mode: compiler (auto-detected, use -Djmh.blackhole.autoDetect=false to disable)
# Warmup: 5 iterations, 1 s each
# Measurement: 10 iterations, 1 s each
# Timeout: 10 min per iteration
# Threads: 1 thread, will synchronize iterations
# Benchmark mode: Average time, time/op
# Benchmark: de.splatgames.aether.datafixers.benchmarks.format.YamlBenchmark.snakeYamlFieldRead
# Parameters: (payloadSize = MEDIUM)

# Run progress: 93.37% complete, ETA 00:08:37
# Fork: 1 of 3
# Warmup Iteration   1: 0.009 us/op
# Warmup Iteration   2: 0.010 us/op
# Warmup Iteration   3: 0.009 us/op
# Warmup Iteration   4: 0.009 us/op
# Warmup Iteration   5: 0.009 us/op
Iteration   1: 0.009 us/op
Iteration   2: 0.009 us/op
Iteration   3: 0.009 us/op
Iteration   4: 0.009 us/op
Iteration   5: 0.009 us/op
Iteration   6: 0.009 us/op
Iteration   7: 0.009 us/op
Iteration   8: 0.009 us/op
Iteration   9: 0.009 us/op
Iteration  10: 0.009 us/op

# Run progress: 93.57% complete, ETA 00:08:21
# Fork: 2 of 3
# Warmup Iteration   1: 0.010 us/op
# Warmup Iteration   2: 0.009 us/op
# Warmup Iteration   3: 0.010 us/op
# Warmup Iteration   4: 0.010 us/op
# Warmup Iteration   5: 0.010 us/op
Iteration   1: 0.010 us/op
Iteration   2: 0.010 us/op
Iteration   3: 0.010 us/op
Iteration   4: 0.009 us/op
Iteration   5: 0.010 us/op
Iteration   6: 0.010 us/op
Iteration   7: 0.010 us/op
Iteration   8: 0.010 us/op
Iteration   9: 0.010 us/op
Iteration  10: 0.010 us/op

# Run progress: 93.78% complete, ETA 00:08:06
# Fork: 3 of 3
# Warmup Iteration   1: 0.009 us/op
# Warmup Iteration   2: 0.009 us/op
# Warmup Iteration   3: 0.009 us/op
# Warmup Iteration   4: 0.009 us/op
# Warmup Iteration   5: 0.009 us/op
Iteration   1: 0.009 us/op
Iteration   2: 0.009 us/op
Iteration   3: 0.009 us/op
Iteration   4: 0.008 us/op
Iteration   5: 0.009 us/op
Iteration   6: 0.009 us/op
Iteration   7: 0.008 us/op
Iteration   8: 0.009 us/op
Iteration   9: 0.009 us/op
Iteration  10: 0.009 us/op


Result "de.splatgames.aether.datafixers.benchmarks.format.YamlBenchmark.snakeYamlFieldRead":
  0.009 ±(99.9%) 0.001 us/op [Average]
  (min, avg, max) = (0.008, 0.009, 0.010), stdev = 0.001
  CI (99.9%): [0.009, 0.009] (assumes normal distribution)


# JMH version: 1.37
# VM version: JDK 17.0.18, OpenJDK 64-Bit Server VM, 17.0.18+8-Ubuntu-122.04.1
# VM invoker: /usr/lib/jvm/java-17-openjdk-amd64/bin/java
# VM options: -Xms4G -Xmx4G -XX:+UseG1GC -XX:+AlwaysPreTouch
# Blackhole mode: compiler (auto-detected, use -Djmh.blackhole.autoDetect=false to disable)
# Warmup: 5 iterations, 1 s each
# Measurement: 10 iterations, 1 s each
# Timeout: 10 min per iteration
# Threads: 1 thread, will synchronize iterations
# Benchmark mode: Average time, time/op
# Benchmark: de.splatgames.aether.datafixers.benchmarks.format.YamlBenchmark.snakeYamlFieldRead
# Parameters: (payloadSize = LARGE)

# Run progress: 93.98% complete, ETA 00:07:50
# Fork: 1 of 3
# Warmup Iteration   1: 0.010 us/op
# Warmup Iteration   2: 0.009 us/op
# Warmup Iteration   3: 0.010 us/op
# Warmup Iteration   4: 0.010 us/op
# Warmup Iteration   5: 0.010 us/op
Iteration   1: 0.010 us/op
Iteration   2: 0.010 us/op
Iteration   3: 0.010 us/op
Iteration   4: 0.010 us/op
Iteration   5: 0.010 us/op
Iteration   6: 0.010 us/op
Iteration   7: 0.010 us/op
Iteration   8: 0.010 us/op
Iteration   9: 0.010 us/op
Iteration  10: 0.010 us/op

# Run progress: 94.18% complete, ETA 00:07:34
# Fork: 2 of 3
# Warmup Iteration   1: 0.010 us/op
# Warmup Iteration   2: 0.009 us/op
# Warmup Iteration   3: 0.010 us/op
# Warmup Iteration   4: 0.010 us/op
# Warmup Iteration   5: 0.010 us/op
Iteration   1: 0.010 us/op
Iteration   2: 0.010 us/op
Iteration   3: 0.010 us/op
Iteration   4: 0.010 us/op
Iteration   5: 0.010 us/op
Iteration   6: 0.010 us/op
Iteration   7: 0.010 us/op
Iteration   8: 0.010 us/op
Iteration   9: 0.009 us/op
Iteration  10: 0.009 us/op

# Run progress: 94.38% complete, ETA 00:07:19
# Fork: 3 of 3
# Warmup Iteration   1: 0.010 us/op
# Warmup Iteration   2: 0.009 us/op
# Warmup Iteration   3: 0.010 us/op
# Warmup Iteration   4: 0.010 us/op
# Warmup Iteration   5: 0.010 us/op
Iteration   1: 0.010 us/op
Iteration   2: 0.010 us/op
Iteration   3: 0.010 us/op
Iteration   4: 0.010 us/op
Iteration   5: 0.009 us/op
Iteration   6: 0.009 us/op
Iteration   7: 0.010 us/op
Iteration   8: 0.010 us/op
Iteration   9: 0.010 us/op
Iteration  10: 0.010 us/op


Result "de.splatgames.aether.datafixers.benchmarks.format.YamlBenchmark.snakeYamlFieldRead":
  0.010 ±(99.9%) 0.001 us/op [Average]
  (min, avg, max) = (0.009, 0.010, 0.010), stdev = 0.001
  CI (99.9%): [0.010, 0.010] (assumes normal distribution)


# JMH version: 1.37
# VM version: JDK 17.0.18, OpenJDK 64-Bit Server VM, 17.0.18+8-Ubuntu-122.04.1
# VM invoker: /usr/lib/jvm/java-17-openjdk-amd64/bin/java
# VM options: -Xms4G -Xmx4G -XX:+UseG1GC -XX:+AlwaysPreTouch
# Blackhole mode: compiler (auto-detected, use -Djmh.blackhole.autoDetect=false to disable)
# Warmup: 5 iterations, 1 s each
# Measurement: 10 iterations, 1 s each
# Timeout: 10 min per iteration
# Threads: 1 thread, will synchronize iterations
# Benchmark mode: Average time, time/op
# Benchmark: de.splatgames.aether.datafixers.benchmarks.format.YamlBenchmark.snakeYamlFieldSet
# Parameters: (payloadSize = SMALL)

# Run progress: 94.58% complete, ETA 00:07:03
# Fork: 1 of 3
# Warmup Iteration   1: 0.262 us/op
# Warmup Iteration   2: 0.245 us/op
# Warmup Iteration   3: 0.238 us/op
# Warmup Iteration   4: 0.237 us/op
# Warmup Iteration   5: 0.238 us/op
Iteration   1: 0.238 us/op
Iteration   2: 0.239 us/op
Iteration   3: 0.243 us/op
Iteration   4: 0.239 us/op
Iteration   5: 0.240 us/op
Iteration   6: 0.246 us/op
Iteration   7: 0.244 us/op
Iteration   8: 0.241 us/op
Iteration   9: 0.243 us/op
Iteration  10: 0.239 us/op

# Run progress: 94.78% complete, ETA 00:06:47
# Fork: 2 of 3
# Warmup Iteration   1: 0.185 us/op
# Warmup Iteration   2: 0.179 us/op
# Warmup Iteration   3: 0.179 us/op
# Warmup Iteration   4: 0.179 us/op
# Warmup Iteration   5: 0.183 us/op
Iteration   1: 0.178 us/op
Iteration   2: 0.177 us/op
Iteration   3: 0.176 us/op
Iteration   4: 0.177 us/op
Iteration   5: 0.176 us/op
Iteration   6: 0.176 us/op
Iteration   7: 0.176 us/op
Iteration   8: 0.188 us/op
Iteration   9: 0.178 us/op
Iteration  10: 0.184 us/op

# Run progress: 94.98% complete, ETA 00:06:32
# Fork: 3 of 3
# Warmup Iteration   1: 0.186 us/op
# Warmup Iteration   2: 0.181 us/op
# Warmup Iteration   3: 0.179 us/op
# Warmup Iteration   4: 0.179 us/op
# Warmup Iteration   5: 0.180 us/op
Iteration   1: 0.180 us/op
Iteration   2: 0.183 us/op
Iteration   3: 0.179 us/op
Iteration   4: 0.178 us/op
Iteration   5: 0.184 us/op
Iteration   6: 0.180 us/op
Iteration   7: 0.178 us/op
Iteration   8: 0.180 us/op
Iteration   9: 0.179 us/op
Iteration  10: 0.179 us/op


Result "de.splatgames.aether.datafixers.benchmarks.format.YamlBenchmark.snakeYamlFieldSet":
  0.200 ±(99.9%) 0.020 us/op [Average]
  (min, avg, max) = (0.176, 0.200, 0.246), stdev = 0.030
  CI (99.9%): [0.180, 0.220] (assumes normal distribution)


# JMH version: 1.37
# VM version: JDK 17.0.18, OpenJDK 64-Bit Server VM, 17.0.18+8-Ubuntu-122.04.1
# VM invoker: /usr/lib/jvm/java-17-openjdk-amd64/bin/java
# VM options: -Xms4G -Xmx4G -XX:+UseG1GC -XX:+AlwaysPreTouch
# Blackhole mode: compiler (auto-detected, use -Djmh.blackhole.autoDetect=false to disable)
# Warmup: 5 iterations, 1 s each
# Measurement: 10 iterations, 1 s each
# Timeout: 10 min per iteration
# Threads: 1 thread, will synchronize iterations
# Benchmark mode: Average time, time/op
# Benchmark: de.splatgames.aether.datafixers.benchmarks.format.YamlBenchmark.snakeYamlFieldSet
# Parameters: (payloadSize = MEDIUM)

# Run progress: 95.18% complete, ETA 00:06:16
# Fork: 1 of 3
# Warmup Iteration   1: 0.780 us/op
# Warmup Iteration   2: 0.747 us/op
# Warmup Iteration   3: 0.749 us/op
# Warmup Iteration   4: 0.767 us/op
# Warmup Iteration   5: 0.757 us/op
Iteration   1: 0.749 us/op
Iteration   2: 0.748 us/op
Iteration   3: 0.750 us/op
Iteration   4: 0.755 us/op
Iteration   5: 0.759 us/op
Iteration   6: 0.770 us/op
Iteration   7: 0.761 us/op
Iteration   8: 0.762 us/op
Iteration   9: 0.764 us/op
Iteration  10: 0.753 us/op

# Run progress: 95.38% complete, ETA 00:06:00
# Fork: 2 of 3
# Warmup Iteration   1: 0.770 us/op
# Warmup Iteration   2: 0.743 us/op
# Warmup Iteration   3: 0.749 us/op
# Warmup Iteration   4: 0.743 us/op
# Warmup Iteration   5: 0.750 us/op
Iteration   1: 0.761 us/op
Iteration   2: 0.746 us/op
Iteration   3: 0.756 us/op
Iteration   4: 0.751 us/op
Iteration   5: 0.759 us/op
Iteration   6: 0.747 us/op
Iteration   7: 0.747 us/op
Iteration   8: 0.740 us/op
Iteration   9: 0.734 us/op
Iteration  10: 0.738 us/op

# Run progress: 95.58% complete, ETA 00:05:45
# Fork: 3 of 3
# Warmup Iteration   1: 0.771 us/op
# Warmup Iteration   2: 0.755 us/op
# Warmup Iteration   3: 0.762 us/op
# Warmup Iteration   4: 0.774 us/op
# Warmup Iteration   5: 0.755 us/op
Iteration   1: 0.760 us/op
Iteration   2: 0.761 us/op
Iteration   3: 0.759 us/op
Iteration   4: 0.774 us/op
Iteration   5: 0.762 us/op
Iteration   6: 0.791 us/op
Iteration   7: 0.760 us/op
Iteration   8: 0.762 us/op
Iteration   9: 0.755 us/op
Iteration  10: 0.754 us/op


Result "de.splatgames.aether.datafixers.benchmarks.format.YamlBenchmark.snakeYamlFieldSet":
  0.756 ±(99.9%) 0.007 us/op [Average]
  (min, avg, max) = (0.734, 0.756, 0.791), stdev = 0.011
  CI (99.9%): [0.749, 0.764] (assumes normal distribution)


# JMH version: 1.37
# VM version: JDK 17.0.18, OpenJDK 64-Bit Server VM, 17.0.18+8-Ubuntu-122.04.1
# VM invoker: /usr/lib/jvm/java-17-openjdk-amd64/bin/java
# VM options: -Xms4G -Xmx4G -XX:+UseG1GC -XX:+AlwaysPreTouch
# Blackhole mode: compiler (auto-detected, use -Djmh.blackhole.autoDetect=false to disable)
# Warmup: 5 iterations, 1 s each
# Measurement: 10 iterations, 1 s each
# Timeout: 10 min per iteration
# Threads: 1 thread, will synchronize iterations
# Benchmark mode: Average time, time/op
# Benchmark: de.splatgames.aether.datafixers.benchmarks.format.YamlBenchmark.snakeYamlFieldSet
# Parameters: (payloadSize = LARGE)

# Run progress: 95.78% complete, ETA 00:05:29
# Fork: 1 of 3
# Warmup Iteration   1: 1.926 us/op
# Warmup Iteration   2: 1.879 us/op
# Warmup Iteration   3: 1.901 us/op
# Warmup Iteration   4: 1.908 us/op
# Warmup Iteration   5: 1.879 us/op
Iteration   1: 1.867 us/op
Iteration   2: 1.918 us/op
Iteration   3: 1.871 us/op
Iteration   4: 1.903 us/op
Iteration   5: 1.872 us/op
Iteration   6: 1.886 us/op
Iteration   7: 1.888 us/op
Iteration   8: 1.889 us/op
Iteration   9: 1.893 us/op
Iteration  10: 1.896 us/op

# Run progress: 95.98% complete, ETA 00:05:13
# Fork: 2 of 3
# Warmup Iteration   1: 1.959 us/op
# Warmup Iteration   2: 1.951 us/op
# Warmup Iteration   3: 1.915 us/op
# Warmup Iteration   4: 1.934 us/op
# Warmup Iteration   5: 1.914 us/op
Iteration   1: 1.920 us/op
Iteration   2: 1.933 us/op
Iteration   3: 1.923 us/op
Iteration   4: 1.922 us/op
Iteration   5: 1.941 us/op
Iteration   6: 1.897 us/op
Iteration   7: 1.939 us/op
Iteration   8: 1.909 us/op
Iteration   9: 1.908 us/op
Iteration  10: 1.894 us/op

# Run progress: 96.18% complete, ETA 00:04:58
# Fork: 3 of 3
# Warmup Iteration   1: 1.970 us/op
# Warmup Iteration   2: 1.929 us/op
# Warmup Iteration   3: 1.942 us/op
# Warmup Iteration   4: 1.924 us/op
# Warmup Iteration   5: 1.910 us/op
Iteration   1: 1.975 us/op
Iteration   2: 1.942 us/op
Iteration   3: 1.907 us/op
Iteration   4: 1.922 us/op
Iteration   5: 1.932 us/op
Iteration   6: 1.911 us/op
Iteration   7: 1.928 us/op
Iteration   8: 1.944 us/op
Iteration   9: 1.932 us/op
Iteration  10: 1.939 us/op


Result "de.splatgames.aether.datafixers.benchmarks.format.YamlBenchmark.snakeYamlFieldSet":
  1.913 ±(99.9%) 0.017 us/op [Average]
  (min, avg, max) = (1.867, 1.913, 1.975), stdev = 0.025
  CI (99.9%): [1.896, 1.930] (assumes normal distribution)


# JMH version: 1.37
# VM version: JDK 17.0.18, OpenJDK 64-Bit Server VM, 17.0.18+8-Ubuntu-122.04.1
# VM invoker: /usr/lib/jvm/java-17-openjdk-amd64/bin/java
# VM options: -Xms4G -Xmx4G -XX:+UseG1GC -XX:+AlwaysPreTouch
# Blackhole mode: compiler (auto-detected, use -Djmh.blackhole.autoDetect=false to disable)
# Warmup: 5 iterations, 1 s each
# Measurement: 10 iterations, 1 s each
# Timeout: 10 min per iteration
# Threads: 1 thread, will synchronize iterations
# Benchmark mode: Average time, time/op
# Benchmark: de.splatgames.aether.datafixers.benchmarks.format.YamlBenchmark.snakeYamlGenerate
# Parameters: (payloadSize = SMALL)

# Run progress: 96.39% complete, ETA 00:04:42
# Fork: 1 of 3
# Warmup Iteration   1: 10.607 us/op
# Warmup Iteration   2: 9.344 us/op
# Warmup Iteration   3: 9.377 us/op
# Warmup Iteration   4: 9.480 us/op
# Warmup Iteration   5: 9.352 us/op
Iteration   1: 9.436 us/op
Iteration   2: 9.379 us/op
Iteration   3: 9.550 us/op
Iteration   4: 9.571 us/op
Iteration   5: 9.534 us/op
Iteration   6: 9.300 us/op
Iteration   7: 9.391 us/op
Iteration   8: 9.271 us/op
Iteration   9: 9.290 us/op
Iteration  10: 9.269 us/op

# Run progress: 96.59% complete, ETA 00:04:26
# Fork: 2 of 3
# Warmup Iteration   1: 10.657 us/op
# Warmup Iteration   2: 9.476 us/op
# Warmup Iteration   3: 9.210 us/op
# Warmup Iteration   4: 9.422 us/op
# Warmup Iteration   5: 9.296 us/op
Iteration   1: 9.258 us/op
Iteration   2: 9.272 us/op
Iteration   3: 9.272 us/op
Iteration   4: 9.469 us/op
Iteration   5: 9.300 us/op
Iteration   6: 9.285 us/op
Iteration   7: 9.254 us/op
Iteration   8: 9.257 us/op
Iteration   9: 9.405 us/op
Iteration  10: 9.363 us/op

# Run progress: 96.79% complete, ETA 00:04:10
# Fork: 3 of 3
# Warmup Iteration   1: 10.965 us/op
# Warmup Iteration   2: 9.506 us/op
# Warmup Iteration   3: 9.386 us/op
# Warmup Iteration   4: 9.397 us/op
# Warmup Iteration   5: 9.424 us/op
Iteration   1: 9.475 us/op
Iteration   2: 9.594 us/op
Iteration   3: 9.532 us/op
Iteration   4: 9.580 us/op
Iteration   5: 9.433 us/op
Iteration   6: 9.449 us/op
Iteration   7: 9.423 us/op
Iteration   8: 9.439 us/op
Iteration   9: 9.459 us/op
Iteration  10: 9.482 us/op


Result "de.splatgames.aether.datafixers.benchmarks.format.YamlBenchmark.snakeYamlGenerate":
  9.400 ±(99.9%) 0.074 us/op [Average]
  (min, avg, max) = (9.254, 9.400, 9.594), stdev = 0.111
  CI (99.9%): [9.325, 9.474] (assumes normal distribution)


# JMH version: 1.37
# VM version: JDK 17.0.18, OpenJDK 64-Bit Server VM, 17.0.18+8-Ubuntu-122.04.1
# VM invoker: /usr/lib/jvm/java-17-openjdk-amd64/bin/java
# VM options: -Xms4G -Xmx4G -XX:+UseG1GC -XX:+AlwaysPreTouch
# Blackhole mode: compiler (auto-detected, use -Djmh.blackhole.autoDetect=false to disable)
# Warmup: 5 iterations, 1 s each
# Measurement: 10 iterations, 1 s each
# Timeout: 10 min per iteration
# Threads: 1 thread, will synchronize iterations
# Benchmark mode: Average time, time/op
# Benchmark: de.splatgames.aether.datafixers.benchmarks.format.YamlBenchmark.snakeYamlGenerate
# Parameters: (payloadSize = MEDIUM)

# Run progress: 96.99% complete, ETA 00:03:55
# Fork: 1 of 3
# Warmup Iteration   1: 90.313 us/op
# Warmup Iteration   2: 80.630 us/op
# Warmup Iteration   3: 81.850 us/op
# Warmup Iteration   4: 81.029 us/op
# Warmup Iteration   5: 81.473 us/op
Iteration   1: 80.991 us/op
Iteration   2: 81.007 us/op
Iteration   3: 81.095 us/op
Iteration   4: 80.503 us/op
Iteration   5: 81.119 us/op
Iteration   6: 80.579 us/op
Iteration   7: 81.292 us/op
Iteration   8: 81.271 us/op
Iteration   9: 80.586 us/op
Iteration  10: 83.466 us/op

# Run progress: 97.19% complete, ETA 00:03:39
# Fork: 2 of 3
# Warmup Iteration   1: 89.305 us/op
# Warmup Iteration   2: 79.275 us/op
# Warmup Iteration   3: 77.980 us/op
# Warmup Iteration   4: 78.523 us/op
# Warmup Iteration   5: 78.099 us/op
Iteration   1: 79.839 us/op
Iteration   2: 80.019 us/op
Iteration   3: 77.612 us/op
Iteration   4: 77.699 us/op
Iteration   5: 77.624 us/op
Iteration   6: 78.141 us/op
Iteration   7: 79.513 us/op
Iteration   8: 77.260 us/op
Iteration   9: 77.505 us/op
Iteration  10: 78.107 us/op

# Run progress: 97.39% complete, ETA 00:03:23
# Fork: 3 of 3
# Warmup Iteration   1: 92.029 us/op
# Warmup Iteration   2: 82.597 us/op
# Warmup Iteration   3: 80.890 us/op
# Warmup Iteration   4: 81.816 us/op
# Warmup Iteration   5: 81.447 us/op
Iteration   1: 81.191 us/op
Iteration   2: 80.930 us/op
Iteration   3: 80.802 us/op
Iteration   4: 81.328 us/op
Iteration   5: 80.653 us/op
Iteration   6: 81.111 us/op
Iteration   7: 82.001 us/op
Iteration   8: 80.275 us/op
Iteration   9: 80.498 us/op
Iteration  10: 80.375 us/op


Result "de.splatgames.aether.datafixers.benchmarks.format.YamlBenchmark.snakeYamlGenerate":
  80.146 ±(99.9%) 1.027 us/op [Average]
  (min, avg, max) = (77.260, 80.146, 83.466), stdev = 1.537
  CI (99.9%): [79.119, 81.174] (assumes normal distribution)


# JMH version: 1.37
# VM version: JDK 17.0.18, OpenJDK 64-Bit Server VM, 17.0.18+8-Ubuntu-122.04.1
# VM invoker: /usr/lib/jvm/java-17-openjdk-amd64/bin/java
# VM options: -Xms4G -Xmx4G -XX:+UseG1GC -XX:+AlwaysPreTouch
# Blackhole mode: compiler (auto-detected, use -Djmh.blackhole.autoDetect=false to disable)
# Warmup: 5 iterations, 1 s each
# Measurement: 10 iterations, 1 s each
# Timeout: 10 min per iteration
# Threads: 1 thread, will synchronize iterations
# Benchmark mode: Average time, time/op
# Benchmark: de.splatgames.aether.datafixers.benchmarks.format.YamlBenchmark.snakeYamlGenerate
# Parameters: (payloadSize = LARGE)

# Run progress: 97.59% complete, ETA 00:03:08
# Fork: 1 of 3
# Warmup Iteration   1: 832.638 us/op
# Warmup Iteration   2: 738.065 us/op
# Warmup Iteration   3: 730.755 us/op
# Warmup Iteration   4: 732.813 us/op
# Warmup Iteration   5: 745.899 us/op
Iteration   1: 746.710 us/op
Iteration   2: 736.055 us/op
Iteration   3: 742.202 us/op
Iteration   4: 730.405 us/op
Iteration   5: 720.795 us/op
Iteration   6: 753.265 us/op
Iteration   7: 730.663 us/op
Iteration   8: 740.306 us/op
Iteration   9: 724.069 us/op
Iteration  10: 732.469 us/op

# Run progress: 97.79% complete, ETA 00:02:52
# Fork: 2 of 3
# Warmup Iteration   1: 840.218 us/op
# Warmup Iteration   2: 729.011 us/op
# Warmup Iteration   3: 732.913 us/op
# Warmup Iteration   4: 720.401 us/op
# Warmup Iteration   5: 718.765 us/op
Iteration   1: 717.287 us/op
Iteration   2: 718.698 us/op
Iteration   3: 722.563 us/op
Iteration   4: 725.190 us/op
Iteration   5: 722.700 us/op
Iteration   6: 743.808 us/op
Iteration   7: 716.594 us/op
Iteration   8: 720.372 us/op
Iteration   9: 731.032 us/op
Iteration  10: 721.149 us/op

# Run progress: 97.99% complete, ETA 00:02:36
# Fork: 3 of 3
# Warmup Iteration   1: 820.995 us/op
# Warmup Iteration   2: 734.755 us/op
# Warmup Iteration   3: 741.055 us/op
# Warmup Iteration   4: 775.949 us/op
# Warmup Iteration   5: 732.358 us/op
Iteration   1: 722.807 us/op
Iteration   2: 724.388 us/op
Iteration   3: 726.281 us/op
Iteration   4: 722.418 us/op
Iteration   5: 723.450 us/op
Iteration   6: 731.646 us/op
Iteration   7: 748.954 us/op
Iteration   8: 723.881 us/op
Iteration   9: 723.467 us/op
Iteration  10: 726.714 us/op


Result "de.splatgames.aether.datafixers.benchmarks.format.YamlBenchmark.snakeYamlGenerate":
  729.011 ±(99.9%) 6.592 us/op [Average]
  (min, avg, max) = (716.594, 729.011, 753.265), stdev = 9.867
  CI (99.9%): [722.419, 735.604] (assumes normal distribution)


# JMH version: 1.37
# VM version: JDK 17.0.18, OpenJDK 64-Bit Server VM, 17.0.18+8-Ubuntu-122.04.1
# VM invoker: /usr/lib/jvm/java-17-openjdk-amd64/bin/java
# VM options: -Xms4G -Xmx4G -XX:+UseG1GC -XX:+AlwaysPreTouch
# Blackhole mode: compiler (auto-detected, use -Djmh.blackhole.autoDetect=false to disable)
# Warmup: 5 iterations, 1 s each
# Measurement: 10 iterations, 1 s each
# Timeout: 10 min per iteration
# Threads: 1 thread, will synchronize iterations
# Benchmark mode: Average time, time/op
# Benchmark: de.splatgames.aether.datafixers.benchmarks.format.YamlBenchmark.snakeYamlMigration
# Parameters: (payloadSize = SMALL)

# Run progress: 98.19% complete, ETA 00:02:21
# Fork: 1 of 3
# Warmup Iteration   1: 0.302 us/op
# Warmup Iteration   2: 0.271 us/op
# Warmup Iteration   3: 0.269 us/op
# Warmup Iteration   4: 0.269 us/op
# Warmup Iteration   5: 0.270 us/op
Iteration   1: 0.271 us/op
Iteration   2: 0.272 us/op
Iteration   3: 0.271 us/op
Iteration   4: 0.278 us/op
Iteration   5: 0.275 us/op
Iteration   6: 0.276 us/op
Iteration   7: 0.272 us/op
Iteration   8: 0.271 us/op
Iteration   9: 0.270 us/op
Iteration  10: 0.269 us/op

# Run progress: 98.39% complete, ETA 00:02:05
# Fork: 2 of 3
# Warmup Iteration   1: 0.302 us/op
# Warmup Iteration   2: 0.270 us/op
# Warmup Iteration   3: 0.271 us/op
# Warmup Iteration   4: 0.267 us/op
# Warmup Iteration   5: 0.267 us/op
Iteration   1: 0.269 us/op
Iteration   2: 0.265 us/op
Iteration   3: 0.267 us/op
Iteration   4: 0.265 us/op
Iteration   5: 0.266 us/op
Iteration   6: 0.273 us/op
Iteration   7: 0.265 us/op
Iteration   8: 0.270 us/op
Iteration   9: 0.267 us/op
Iteration  10: 0.267 us/op

# Run progress: 98.59% complete, ETA 00:01:49
# Fork: 3 of 3
# Warmup Iteration   1: 0.299 us/op
# Warmup Iteration   2: 0.275 us/op
# Warmup Iteration   3: 0.269 us/op
# Warmup Iteration   4: 0.267 us/op
# Warmup Iteration   5: 0.270 us/op
Iteration   1: 0.268 us/op
Iteration   2: 0.269 us/op
Iteration   3: 0.273 us/op
Iteration   4: 0.267 us/op
Iteration   5: 0.269 us/op
Iteration   6: 0.269 us/op
Iteration   7: 0.268 us/op
Iteration   8: 0.269 us/op
Iteration   9: 0.269 us/op
Iteration  10: 0.269 us/op


Result "de.splatgames.aether.datafixers.benchmarks.format.YamlBenchmark.snakeYamlMigration":
  0.270 ±(99.9%) 0.002 us/op [Average]
  (min, avg, max) = (0.265, 0.270, 0.278), stdev = 0.003
  CI (99.9%): [0.268, 0.272] (assumes normal distribution)


# JMH version: 1.37
# VM version: JDK 17.0.18, OpenJDK 64-Bit Server VM, 17.0.18+8-Ubuntu-122.04.1
# VM invoker: /usr/lib/jvm/java-17-openjdk-amd64/bin/java
# VM options: -Xms4G -Xmx4G -XX:+UseG1GC -XX:+AlwaysPreTouch
# Blackhole mode: compiler (auto-detected, use -Djmh.blackhole.autoDetect=false to disable)
# Warmup: 5 iterations, 1 s each
# Measurement: 10 iterations, 1 s each
# Timeout: 10 min per iteration
# Threads: 1 thread, will synchronize iterations
# Benchmark mode: Average time, time/op
# Benchmark: de.splatgames.aether.datafixers.benchmarks.format.YamlBenchmark.snakeYamlMigration
# Parameters: (payloadSize = MEDIUM)

# Run progress: 98.80% complete, ETA 00:01:34
# Fork: 1 of 3
# Warmup Iteration   1: 0.308 us/op
# Warmup Iteration   2: 0.281 us/op
# Warmup Iteration   3: 0.265 us/op
# Warmup Iteration   4: 0.269 us/op
# Warmup Iteration   5: 0.268 us/op
Iteration   1: 0.266 us/op
Iteration   2: 0.271 us/op
Iteration   3: 0.268 us/op
Iteration   4: 0.276 us/op
Iteration   5: 0.265 us/op
Iteration   6: 0.270 us/op
Iteration   7: 0.275 us/op
Iteration   8: 0.267 us/op
Iteration   9: 0.265 us/op
Iteration  10: 0.273 us/op

# Run progress: 99.00% complete, ETA 00:01:18
# Fork: 2 of 3
# Warmup Iteration   1: 0.304 us/op
# Warmup Iteration   2: 0.267 us/op
# Warmup Iteration   3: 0.265 us/op
# Warmup Iteration   4: 0.267 us/op
# Warmup Iteration   5: 0.270 us/op
Iteration   1: 0.270 us/op
Iteration   2: 0.265 us/op
Iteration   3: 0.266 us/op
Iteration   4: 0.266 us/op
Iteration   5: 0.265 us/op
Iteration   6: 0.267 us/op
Iteration   7: 0.266 us/op
Iteration   8: 0.270 us/op
Iteration   9: 0.265 us/op
Iteration  10: 0.269 us/op

# Run progress: 99.20% complete, ETA 00:01:02
# Fork: 3 of 3
# Warmup Iteration   1: 0.299 us/op
# Warmup Iteration   2: 0.266 us/op
# Warmup Iteration   3: 0.270 us/op
# Warmup Iteration   4: 0.267 us/op
# Warmup Iteration   5: 0.270 us/op
Iteration   1: 0.266 us/op
Iteration   2: 0.267 us/op
Iteration   3: 0.268 us/op
Iteration   4: 0.267 us/op
Iteration   5: 0.266 us/op
Iteration   6: 0.273 us/op
Iteration   7: 0.268 us/op
Iteration   8: 0.269 us/op
Iteration   9: 0.269 us/op
Iteration  10: 0.268 us/op


Result "de.splatgames.aether.datafixers.benchmarks.format.YamlBenchmark.snakeYamlMigration":
  0.268 ±(99.9%) 0.002 us/op [Average]
  (min, avg, max) = (0.265, 0.268, 0.276), stdev = 0.003
  CI (99.9%): [0.266, 0.270] (assumes normal distribution)


# JMH version: 1.37
# VM version: JDK 17.0.18, OpenJDK 64-Bit Server VM, 17.0.18+8-Ubuntu-122.04.1
# VM invoker: /usr/lib/jvm/java-17-openjdk-amd64/bin/java
# VM options: -Xms4G -Xmx4G -XX:+UseG1GC -XX:+AlwaysPreTouch
# Blackhole mode: compiler (auto-detected, use -Djmh.blackhole.autoDetect=false to disable)
# Warmup: 5 iterations, 1 s each
# Measurement: 10 iterations, 1 s each
# Timeout: 10 min per iteration
# Threads: 1 thread, will synchronize iterations
# Benchmark mode: Average time, time/op
# Benchmark: de.splatgames.aether.datafixers.benchmarks.format.YamlBenchmark.snakeYamlMigration
# Parameters: (payloadSize = LARGE)

# Run progress: 99.40% complete, ETA 00:00:47
# Fork: 1 of 3
# Warmup Iteration   1: 0.306 us/op
# Warmup Iteration   2: 0.277 us/op
# Warmup Iteration   3: 0.276 us/op
# Warmup Iteration   4: 0.274 us/op
# Warmup Iteration   5: 0.279 us/op
Iteration   1: 0.274 us/op
Iteration   2: 0.276 us/op
Iteration   3: 0.276 us/op
Iteration   4: 0.275 us/op
Iteration   5: 0.277 us/op
Iteration   6: 0.275 us/op
Iteration   7: 0.276 us/op
Iteration   8: 0.276 us/op
Iteration   9: 0.276 us/op
Iteration  10: 0.293 us/op

# Run progress: 99.60% complete, ETA 00:00:31
# Fork: 2 of 3
# Warmup Iteration   1: 0.303 us/op
# Warmup Iteration   2: 0.273 us/op
# Warmup Iteration   3: 0.275 us/op
# Warmup Iteration   4: 0.275 us/op
# Warmup Iteration   5: 0.274 us/op
Iteration   1: 0.274 us/op
Iteration   2: 0.274 us/op
Iteration   3: 0.274 us/op
Iteration   4: 0.277 us/op
Iteration   5: 0.275 us/op
Iteration   6: 0.274 us/op
Iteration   7: 0.276 us/op
Iteration   8: 0.274 us/op
Iteration   9: 0.272 us/op
Iteration  10: 0.272 us/op

# Run progress: 99.80% complete, ETA 00:00:15
# Fork: 3 of 3
# Warmup Iteration   1: 0.306 us/op
# Warmup Iteration   2: 0.274 us/op
# Warmup Iteration   3: 0.275 us/op
# Warmup Iteration   4: 0.274 us/op
# Warmup Iteration   5: 0.274 us/op
Iteration   1: 0.272 us/op
Iteration   2: 0.272 us/op
Iteration   3: 0.273 us/op
Iteration   4: 0.273 us/op
Iteration   5: 0.275 us/op
Iteration   6: 0.274 us/op
Iteration   7: 0.276 us/op
Iteration   8: 0.277 us/op
Iteration   9: 0.271 us/op
Iteration  10: 0.273 us/op


Result "de.splatgames.aether.datafixers.benchmarks.format.YamlBenchmark.snakeYamlMigration":
  0.275 ±(99.9%) 0.003 us/op [Average]
  (min, avg, max) = (0.271, 0.275, 0.293), stdev = 0.004
  CI (99.9%): [0.272, 0.278] (assumes normal distribution)


# Run complete. Total time: 02:10:11

REMEMBER: The numbers below are just data. To gain reusable insights, you need to follow up on
why the numbers are the way they are. Use profilers (see -prof, -lprof), design factorial
experiments, perform baseline and negative tests that provide experimental control, make sure
the benchmarking environment is safe on JVM/OS/HW level, ask for reviews from the domain experts.
Do not assume the numbers tell you what you want them to tell.

NOTE: Current JVM experimentally supports Compiler Blackholes, and they are in use. Please exercise
extra caution when trusting the results, look into the generated code to check the benchmark still
works, and factor in a small probability of new VM bugs. Additionally, while comparisons between
different JVMs are already problematic, the performance difference caused by different Blackhole
modes can be very significant. Please make sure you use the consistent Blackhole mode for comparisons.

Benchmark                                       (payloadSize)   Mode  Cnt     Score    Error   Units
CrossFormatBenchmark.gsonToJackson                      SMALL  thrpt   30     0.016 ±  0.001  ops/us
CrossFormatBenchmark.gsonToJackson                     MEDIUM  thrpt   30     0.002 ±  0.001  ops/us
CrossFormatBenchmark.gsonToSnakeYaml                    SMALL  thrpt   30     0.016 ±  0.001  ops/us
CrossFormatBenchmark.gsonToSnakeYaml                   MEDIUM  thrpt   30     0.002 ±  0.001  ops/us
CrossFormatBenchmark.jacksonJsonToYaml                  SMALL  thrpt   30     0.017 ±  0.001  ops/us
CrossFormatBenchmark.jacksonJsonToYaml                 MEDIUM  thrpt   30     0.002 ±  0.001  ops/us
CrossFormatBenchmark.jacksonToGson                      SMALL  thrpt   30     0.017 ±  0.001  ops/us
CrossFormatBenchmark.jacksonToGson                     MEDIUM  thrpt   30     0.002 ±  0.001  ops/us
CrossFormatBenchmark.jacksonYamlToJson                  SMALL  thrpt   30     0.017 ±  0.001  ops/us
CrossFormatBenchmark.jacksonYamlToJson                 MEDIUM  thrpt   30     0.002 ±  0.001  ops/us
CrossFormatBenchmark.jacksonYamlToSnakeYaml             SMALL  thrpt   30     0.017 ±  0.001  ops/us
CrossFormatBenchmark.jacksonYamlToSnakeYaml            MEDIUM  thrpt   30     0.002 ±  0.001  ops/us
CrossFormatBenchmark.snakeYamlToGson                    SMALL  thrpt   30     0.036 ±  0.001  ops/us
CrossFormatBenchmark.snakeYamlToGson                   MEDIUM  thrpt   30     0.004 ±  0.001  ops/us
CrossFormatBenchmark.snakeYamlToJacksonYaml             SMALL  thrpt   30     0.037 ±  0.001  ops/us
CrossFormatBenchmark.snakeYamlToJacksonYaml            MEDIUM  thrpt   30     0.005 ±  0.001  ops/us
JsonBenchmark.crossFormatMigrationJacksonInput          SMALL  thrpt   30     3.728 ±  0.033  ops/us
JsonBenchmark.crossFormatMigrationJacksonInput         MEDIUM  thrpt   30     3.732 ±  0.034  ops/us
JsonBenchmark.crossFormatMigrationJacksonInput          LARGE  thrpt   30     3.583 ±  0.103  ops/us
JsonBenchmark.gsonFieldRead                             SMALL  thrpt   30    37.149 ±  0.467  ops/us
JsonBenchmark.gsonFieldRead                            MEDIUM  thrpt   30    38.893 ±  2.418  ops/us
JsonBenchmark.gsonFieldRead                             LARGE  thrpt   30    33.426 ±  1.598  ops/us
JsonBenchmark.gsonFieldSet                              SMALL  thrpt   30     0.650 ±  0.005  ops/us
JsonBenchmark.gsonFieldSet                             MEDIUM  thrpt   30     0.086 ±  0.001  ops/us
JsonBenchmark.gsonFieldSet                              LARGE  thrpt   30     0.011 ±  0.001  ops/us
JsonBenchmark.gsonGenerate                              SMALL  thrpt   30     0.106 ±  0.001  ops/us
JsonBenchmark.gsonGenerate                             MEDIUM  thrpt   30     0.007 ±  0.001  ops/us
JsonBenchmark.gsonGenerate                              LARGE  thrpt   30     0.001 ±  0.001  ops/us
JsonBenchmark.gsonMigration                             SMALL  thrpt   30     3.628 ±  0.028  ops/us
JsonBenchmark.gsonMigration                            MEDIUM  thrpt   30     3.314 ±  0.037  ops/us
JsonBenchmark.gsonMigration                             LARGE  thrpt   30     3.231 ±  0.026  ops/us
JsonBenchmark.jacksonFieldRead                          SMALL  thrpt   30    60.083 ±  1.537  ops/us
JsonBenchmark.jacksonFieldRead                         MEDIUM  thrpt   30    60.744 ±  1.785  ops/us
JsonBenchmark.jacksonFieldRead                          LARGE  thrpt   30    61.960 ±  0.694  ops/us
JsonBenchmark.jacksonFieldSet                           SMALL  thrpt   30     0.883 ±  0.020  ops/us
JsonBenchmark.jacksonFieldSet                          MEDIUM  thrpt   30     0.126 ±  0.001  ops/us
JsonBenchmark.jacksonFieldSet                           LARGE  thrpt   30     0.014 ±  0.001  ops/us
JsonBenchmark.jacksonGenerate                           SMALL  thrpt   30     0.148 ±  0.001  ops/us
JsonBenchmark.jacksonGenerate                          MEDIUM  thrpt   30     0.015 ±  0.001  ops/us
JsonBenchmark.jacksonGenerate                           LARGE  thrpt   30     0.002 ±  0.001  ops/us
JsonBenchmark.jacksonMigration                          SMALL  thrpt   30     3.709 ±  0.030  ops/us
JsonBenchmark.jacksonMigration                         MEDIUM  thrpt   30     3.759 ±  0.026  ops/us
JsonBenchmark.jacksonMigration                          LARGE  thrpt   30     3.733 ±  0.026  ops/us
TomlXmlBenchmark.tomlFieldRead                          SMALL  thrpt   30    62.304 ±  0.701  ops/us
TomlXmlBenchmark.tomlFieldRead                         MEDIUM  thrpt   30    62.438 ±  0.513  ops/us
TomlXmlBenchmark.tomlFieldSet                           SMALL  thrpt   30     0.880 ±  0.007  ops/us
TomlXmlBenchmark.tomlFieldSet                          MEDIUM  thrpt   30     0.129 ±  0.001  ops/us
TomlXmlBenchmark.tomlGenerate                           SMALL  thrpt   30     0.148 ±  0.001  ops/us
TomlXmlBenchmark.tomlGenerate                          MEDIUM  thrpt   30     0.015 ±  0.001  ops/us
TomlXmlBenchmark.tomlMigration                          SMALL  thrpt   30     3.633 ±  0.025  ops/us
TomlXmlBenchmark.tomlMigration                         MEDIUM  thrpt   30     3.636 ±  0.020  ops/us
TomlXmlBenchmark.xmlFieldRead                           SMALL  thrpt   30    61.039 ±  0.523  ops/us
TomlXmlBenchmark.xmlFieldRead                          MEDIUM  thrpt   30    62.282 ±  0.865  ops/us
TomlXmlBenchmark.xmlFieldSet                            SMALL  thrpt   30     0.891 ±  0.009  ops/us
TomlXmlBenchmark.xmlFieldSet                           MEDIUM  thrpt   30     0.127 ±  0.003  ops/us
TomlXmlBenchmark.xmlGenerate                            SMALL  thrpt   30     0.150 ±  0.001  ops/us
TomlXmlBenchmark.xmlGenerate                           MEDIUM  thrpt   30     0.015 ±  0.001  ops/us
TomlXmlBenchmark.xmlMigration                           SMALL  thrpt   30     3.620 ±  0.034  ops/us
TomlXmlBenchmark.xmlMigration                          MEDIUM  thrpt   30     3.644 ±  0.011  ops/us
YamlBenchmark.jacksonYamlFieldRead                      SMALL  thrpt   30    59.099 ±  1.314  ops/us
YamlBenchmark.jacksonYamlFieldRead                     MEDIUM  thrpt   30    61.557 ±  0.916  ops/us
YamlBenchmark.jacksonYamlFieldRead                      LARGE  thrpt   30    60.898 ±  0.766  ops/us
YamlBenchmark.jacksonYamlFieldSet                       SMALL  thrpt   30     0.888 ±  0.009  ops/us
YamlBenchmark.jacksonYamlFieldSet                      MEDIUM  thrpt   30     0.126 ±  0.001  ops/us
YamlBenchmark.jacksonYamlFieldSet                       LARGE  thrpt   30     0.014 ±  0.001  ops/us
YamlBenchmark.jacksonYamlGenerate                       SMALL  thrpt   30     0.148 ±  0.002  ops/us
YamlBenchmark.jacksonYamlGenerate                      MEDIUM  thrpt   30     0.015 ±  0.001  ops/us
YamlBenchmark.jacksonYamlGenerate                       LARGE  thrpt   30     0.002 ±  0.001  ops/us
YamlBenchmark.jacksonYamlMigration                      SMALL  thrpt   30     3.728 ±  0.027  ops/us
YamlBenchmark.jacksonYamlMigration                     MEDIUM  thrpt   30     3.733 ±  0.027  ops/us
YamlBenchmark.jacksonYamlMigration                      LARGE  thrpt   30     3.585 ±  0.050  ops/us
YamlBenchmark.snakeYamlFieldRead                        SMALL  thrpt   30   116.545 ±  2.101  ops/us
YamlBenchmark.snakeYamlFieldRead                       MEDIUM  thrpt   30   108.260 ±  3.914  ops/us
YamlBenchmark.snakeYamlFieldRead                        LARGE  thrpt   30   116.127 ±  1.053  ops/us
YamlBenchmark.snakeYamlFieldSet                         SMALL  thrpt   30     5.597 ±  0.039  ops/us
YamlBenchmark.snakeYamlFieldSet                        MEDIUM  thrpt   30     1.205 ±  0.059  ops/us
YamlBenchmark.snakeYamlFieldSet                         LARGE  thrpt   30     0.525 ±  0.004  ops/us
YamlBenchmark.snakeYamlGenerate                         SMALL  thrpt   30     0.107 ±  0.001  ops/us
YamlBenchmark.snakeYamlGenerate                        MEDIUM  thrpt   30     0.012 ±  0.001  ops/us
YamlBenchmark.snakeYamlGenerate                         LARGE  thrpt   30     0.001 ±  0.001  ops/us
YamlBenchmark.snakeYamlMigration                        SMALL  thrpt   30     3.730 ±  0.034  ops/us
YamlBenchmark.snakeYamlMigration                       MEDIUM  thrpt   30     3.726 ±  0.044  ops/us
YamlBenchmark.snakeYamlMigration                        LARGE  thrpt   30     3.636 ±  0.018  ops/us
CrossFormatBenchmark.gsonToJackson                      SMALL   avgt   30    61.843 ±  0.747   us/op
CrossFormatBenchmark.gsonToJackson                     MEDIUM   avgt   30   477.392 ±  2.649   us/op
CrossFormatBenchmark.gsonToSnakeYaml                    SMALL   avgt   30    61.016 ±  0.394   us/op
CrossFormatBenchmark.gsonToSnakeYaml                   MEDIUM   avgt   30   477.033 ±  2.874   us/op
CrossFormatBenchmark.jacksonJsonToYaml                  SMALL   avgt   30    59.169 ±  0.878   us/op
CrossFormatBenchmark.jacksonJsonToYaml                 MEDIUM   avgt   30   436.880 ±  5.281   us/op
CrossFormatBenchmark.jacksonToGson                      SMALL   avgt   30    59.009 ±  0.553   us/op
CrossFormatBenchmark.jacksonToGson                     MEDIUM   avgt   30   440.781 ±  3.161   us/op
CrossFormatBenchmark.jacksonYamlToJson                  SMALL   avgt   30    58.696 ±  0.362   us/op
CrossFormatBenchmark.jacksonYamlToJson                 MEDIUM   avgt   30   433.524 ±  3.077   us/op
CrossFormatBenchmark.jacksonYamlToSnakeYaml             SMALL   avgt   30    58.173 ±  0.466   us/op
CrossFormatBenchmark.jacksonYamlToSnakeYaml            MEDIUM   avgt   30   431.638 ±  3.466   us/op
CrossFormatBenchmark.snakeYamlToGson                    SMALL   avgt   30    27.709 ±  0.143   us/op
CrossFormatBenchmark.snakeYamlToGson                   MEDIUM   avgt   30   224.757 ±  1.888   us/op
CrossFormatBenchmark.snakeYamlToJacksonYaml             SMALL   avgt   30    27.114 ±  0.196   us/op
CrossFormatBenchmark.snakeYamlToJacksonYaml            MEDIUM   avgt   30   220.048 ±  1.813   us/op
JsonBenchmark.crossFormatMigrationJacksonInput          SMALL   avgt   30     0.270 ±  0.002   us/op
JsonBenchmark.crossFormatMigrationJacksonInput         MEDIUM   avgt   30     0.268 ±  0.004   us/op
JsonBenchmark.crossFormatMigrationJacksonInput          LARGE   avgt   30     0.269 ±  0.003   us/op
JsonBenchmark.gsonFieldRead                             SMALL   avgt   30     0.026 ±  0.001   us/op
JsonBenchmark.gsonFieldRead                            MEDIUM   avgt   30     0.028 ±  0.001   us/op
JsonBenchmark.gsonFieldRead                             LARGE   avgt   30     0.027 ±  0.001   us/op
JsonBenchmark.gsonFieldSet                              SMALL   avgt   30     1.527 ±  0.015   us/op
JsonBenchmark.gsonFieldSet                             MEDIUM   avgt   30    11.664 ±  0.123   us/op
JsonBenchmark.gsonFieldSet                              LARGE   avgt   30    91.809 ±  1.337   us/op
JsonBenchmark.gsonGenerate                              SMALL   avgt   30     9.651 ±  0.075   us/op
JsonBenchmark.gsonGenerate                             MEDIUM   avgt   30   150.856 ±  0.824   us/op
JsonBenchmark.gsonGenerate                              LARGE   avgt   30  1313.275 ± 14.708   us/op
JsonBenchmark.gsonMigration                             SMALL   avgt   30     0.279 ±  0.003   us/op
JsonBenchmark.gsonMigration                            MEDIUM   avgt   30     0.296 ±  0.003   us/op
JsonBenchmark.gsonMigration                             LARGE   avgt   30     0.322 ±  0.009   us/op
JsonBenchmark.jacksonFieldRead                          SMALL   avgt   30     0.017 ±  0.001   us/op
JsonBenchmark.jacksonFieldRead                         MEDIUM   avgt   30     0.016 ±  0.001   us/op
JsonBenchmark.jacksonFieldRead                          LARGE   avgt   30     0.016 ±  0.001   us/op
JsonBenchmark.jacksonFieldSet                           SMALL   avgt   30     1.146 ±  0.014   us/op
JsonBenchmark.jacksonFieldSet                          MEDIUM   avgt   30     7.886 ±  0.057   us/op
JsonBenchmark.jacksonFieldSet                           LARGE   avgt   30    73.650 ±  1.478   us/op
JsonBenchmark.jacksonGenerate                           SMALL   avgt   30     6.787 ±  0.067   us/op
JsonBenchmark.jacksonGenerate                          MEDIUM   avgt   30    67.562 ±  0.471   us/op
JsonBenchmark.jacksonGenerate                           LARGE   avgt   30   494.845 ± 15.827   us/op
JsonBenchmark.jacksonMigration                          SMALL   avgt   30     0.268 ±  0.002   us/op
JsonBenchmark.jacksonMigration                         MEDIUM   avgt   30     0.267 ±  0.003   us/op
JsonBenchmark.jacksonMigration                          LARGE   avgt   30     0.278 ±  0.010   us/op
TomlXmlBenchmark.tomlFieldRead                          SMALL   avgt   30     0.016 ±  0.001   us/op
TomlXmlBenchmark.tomlFieldRead                         MEDIUM   avgt   30     0.016 ±  0.001   us/op
TomlXmlBenchmark.tomlFieldSet                           SMALL   avgt   30     1.120 ±  0.009   us/op
TomlXmlBenchmark.tomlFieldSet                          MEDIUM   avgt   30     7.820 ±  0.078   us/op
TomlXmlBenchmark.tomlGenerate                           SMALL   avgt   30     6.661 ±  0.077   us/op
TomlXmlBenchmark.tomlGenerate                          MEDIUM   avgt   30    65.872 ±  0.699   us/op
TomlXmlBenchmark.tomlMigration                          SMALL   avgt   30     0.275 ±  0.002   us/op
TomlXmlBenchmark.tomlMigration                         MEDIUM   avgt   30     0.275 ±  0.002   us/op
TomlXmlBenchmark.xmlFieldRead                           SMALL   avgt   30     0.016 ±  0.001   us/op
TomlXmlBenchmark.xmlFieldRead                          MEDIUM   avgt   30     0.016 ±  0.001   us/op
TomlXmlBenchmark.xmlFieldSet                            SMALL   avgt   30     1.112 ±  0.007   us/op
TomlXmlBenchmark.xmlFieldSet                           MEDIUM   avgt   30     7.677 ±  0.075   us/op
TomlXmlBenchmark.xmlGenerate                            SMALL   avgt   30     6.732 ±  0.056   us/op
TomlXmlBenchmark.xmlGenerate                           MEDIUM   avgt   30    65.087 ±  0.398   us/op
TomlXmlBenchmark.xmlMigration                           SMALL   avgt   30     0.279 ±  0.005   us/op
TomlXmlBenchmark.xmlMigration                          MEDIUM   avgt   30     0.274 ±  0.001   us/op
YamlBenchmark.jacksonYamlFieldRead                      SMALL   avgt   30     0.017 ±  0.001   us/op
YamlBenchmark.jacksonYamlFieldRead                     MEDIUM   avgt   30     0.016 ±  0.001   us/op
YamlBenchmark.jacksonYamlFieldRead                      LARGE   avgt   30     0.016 ±  0.001   us/op
YamlBenchmark.jacksonYamlFieldSet                       SMALL   avgt   30     1.110 ±  0.008   us/op
YamlBenchmark.jacksonYamlFieldSet                      MEDIUM   avgt   30     7.901 ±  0.059   us/op
YamlBenchmark.jacksonYamlFieldSet                       LARGE   avgt   30    72.512 ±  1.247   us/op
YamlBenchmark.jacksonYamlGenerate                       SMALL   avgt   30     6.783 ±  0.071   us/op
YamlBenchmark.jacksonYamlGenerate                      MEDIUM   avgt   30    67.301 ±  0.426   us/op
YamlBenchmark.jacksonYamlGenerate                       LARGE   avgt   30   527.540 ±  5.336   us/op
YamlBenchmark.jacksonYamlMigration                      SMALL   avgt   30     0.271 ±  0.004   us/op
YamlBenchmark.jacksonYamlMigration                     MEDIUM   avgt   30     0.271 ±  0.003   us/op
YamlBenchmark.jacksonYamlMigration                      LARGE   avgt   30     0.275 ±  0.002   us/op
YamlBenchmark.snakeYamlFieldRead                        SMALL   avgt   30     0.008 ±  0.001   us/op
YamlBenchmark.snakeYamlFieldRead                       MEDIUM   avgt   30     0.009 ±  0.001   us/op
YamlBenchmark.snakeYamlFieldRead                        LARGE   avgt   30     0.010 ±  0.001   us/op
YamlBenchmark.snakeYamlFieldSet                         SMALL   avgt   30     0.200 ±  0.020   us/op
YamlBenchmark.snakeYamlFieldSet                        MEDIUM   avgt   30     0.756 ±  0.007   us/op
YamlBenchmark.snakeYamlFieldSet                         LARGE   avgt   30     1.913 ±  0.017   us/op
YamlBenchmark.snakeYamlGenerate                         SMALL   avgt   30     9.400 ±  0.074   us/op
YamlBenchmark.snakeYamlGenerate                        MEDIUM   avgt   30    80.146 ±  1.027   us/op
YamlBenchmark.snakeYamlGenerate                         LARGE   avgt   30   729.011 ±  6.592   us/op
YamlBenchmark.snakeYamlMigration                        SMALL   avgt   30     0.270 ±  0.002   us/op
YamlBenchmark.snakeYamlMigration                       MEDIUM   avgt   30     0.268 ±  0.002   us/op
YamlBenchmark.snakeYamlMigration                        LARGE   avgt   30     0.275 ±  0.003   us/op

Benchmark result is saved to benchmark-results/20260306-230907/format.json
